fecha,inflacion,cdt_recursos,vista_recursos,total_recursos,gr_cdt_recursos,gr_vista_recursos,gr_total_recursos,rgr_cdt_recursos,rgr_vista_recursos,rgr_total_recursos,sh_cdt_recursos,sh_vista_recursos,cre_rec
1995-04-01,21.1700,  9167.0703, 10906.6728, 20073.7431,,,,,,,45.6670,54.3330,120.6544
1995-05-01,21.3000,  9332.0535, 11160.1469, 20492.2005,,,,,,,45.5395,54.4605,121.6926
1995-06-01,21.6600,  9668.4331, 11561.1313, 21229.5644,,,,,,,45.5423,54.4577,120.6020
1995-07-01,21.5000,  9737.4270, 12059.2902, 21796.7172,,,,,,,44.6738,55.3262,120.3838
1995-08-01,21.0900, 10302.0532, 11703.0118, 22005.0650,,,,,,,46.8167,53.1833,123.0157
1995-09-01,20.7900, 10683.5400, 12018.1129, 22701.6530,,,,,,,47.0606,52.9394,123.0015
1995-10-01,20.5200, 10892.8192, 12361.1542, 23253.9735,,,,,,,46.8428,53.1572,123.1990
1995-11-01,20.1300, 10381.1311, 12571.8574, 22952.9885,,,,,,,45.2278,54.7722,128.0178
1995-12-01,19.4600, 10395.4792, 13000.3247, 23395.8039,,,,,,,44.4331,55.5669,128.5785
1996-01-01,20.2400, 11166.9549, 13043.8805, 24210.8354,,,,,,,46.1238,53.8762,126.9371
1996-02-01,20.8100, 11690.4464, 12838.3650, 24528.8115,,,,,,,47.6601,52.3399,127.4531
1996-03-01,20.2000, 11674.2724, 12912.7467, 24587.0191,,,,,,,47.4814,52.5186,130.1098
1996-04-01,19.9000, 12147.2586, 13108.4236, 25255.6821,,,,,,,48.0971,51.9029,128.6683
1996-05-01,19.7800, 12287.0582, 13080.5779, 25367.6361,,,,,,,48.4360,51.5640,130.8103
1996-06-01,19.7000, 12123.2425, 13548.5951, 25671.8376,,,,,,,47.2239,52.7761,131.4200
1996-07-01,20.5700, 13774.7366, 13700.9145, 27475.6511,,,,,,,50.1343,49.8657,124.9852
1996-08-01,21.1300, 14077.2608, 14008.5729, 28085.8337,,,,,,,50.1223,49.8777,124.2124
1996-09-01,21.5500, 13998.6120, 14595.7575, 28594.3695,,,,,,,48.9558,51.0442,124.1324
1996-10-01,21.8700, 14338.2723, 14691.0089, 29029.2812,,,,,,,49.3924,50.6076,123.3263
1996-11-01,21.8800, 13920.6370, 14980.5776, 28901.2146,,,,,,,48.1663,51.8337,126.6466
1996-12-01,21.6300, 14631.8019, 16509.7108, 31141.5127,,,,,,,46.9849,53.0151,120.9663
1997-01-01,20.6200, 14881.0795, 16146.3712, 31027.4508,,,,,,,47.9610,52.0390,123.3384
1997-02-01,19.5800, 15067.1502, 15855.8450, 30922.9952,,,,,,,48.7247,51.2753,126.0197
1997-03-01,18.9300, 15033.5388, 16658.9932, 31692.5320,,,,,,,47.4356,52.5644,124.7243
1997-04-01,18.5200, 15561.6791, 16843.7188, 32405.3979,,,,,,,48.0219,51.9781,123.1751
1997-05-01,18.6000, 15497.5160, 17077.3221, 32574.8381,,,,,,,47.5751,52.4249,125.3172
1997-06-01,18.6700, 15589.0372, 17802.0590, 33391.0962,,,,,,,46.6862,53.3138,125.4929
1997-07-01,17.8800, 16184.9504, 17953.5312, 34138.4816,,,,,,,47.4097,52.5903,125.0509
1997-08-01,17.9300, 16492.3520, 18065.4496, 34557.8016,,,,,,,47.7240,52.2760,126.0347
1997-09-01,18.0100, 16812.6446, 18533.1323, 35345.7769,,,,,,,47.5662,52.4338,127.1975
1997-10-01,17.8000, 16980.1576, 18845.0511, 35825.2087,,,,,,,47.3972,52.6028,128.7713
1997-11-01,17.8100, 17463.0387, 19612.6674, 37075.7061,,,,,,,47.1010,52.8990,127.6337
1997-12-01,17.6800, 17622.2669, 20626.1556, 38248.4225,,,,,,,46.0732,53.9268,126.5038
1998-01-01,17.8400, 18821.6619, 20144.2855, 38965.9474,,,,,,,48.3028,51.6972,121.6829
1998-02-01,18.0300, 19238.2193, 19398.9128, 38637.1321,,,,,,,49.7920,50.2080,129.1305
1998-03-01,19.2400, 19488.6193, 19334.3191, 38822.9384,,,,,,,50.1987,49.8013,130.4566
1998-04-01,20.7400, 20408.0114, 19699.0232, 40107.0347,,,,,,,50.8839,49.1161,128.4298
1998-05-01,20.6700, 21063.1237, 19900.4315, 40963.5552,,,,,,,51.4192,48.5808,128.4658
1998-06-01,20.6900, 21126.9917, 19438.7298, 40565.7216,,,,,,,52.0809,47.9191,129.7877
1998-07-01,20.2700, 22112.7981, 18764.9418, 40877.7399,,,,,,,54.0950,45.9050,129.6759
1998-08-01,18.9400, 22574.0649, 18837.8178, 41411.8827,,,,,,,54.5111,45.4889,129.2502
1998-09-01,17.8000, 22638.3904, 18093.9343, 40732.3247,,,,,,,55.5784,44.4216,133.2411
1998-10-01,17.0900, 23044.3779, 17530.4575, 40574.8354,,,,,,,56.7948,43.2052,134.3912
1998-11-01,16.3500, 22079.6199, 18248.2297, 40327.8496,,,,,,,54.7503,45.2497,135.3101
1998-12-01,16.7000, 23092.3001, 19957.0554, 43049.3555,,,,,,,53.6415,46.3585,125.6617
1999-01-01,17.1807, 24253.3343, 19349.3589, 43602.6932,,,,,,,55.6235,44.3765,124.6191
1999-02-01,15.3811, 25119.8270, 18948.3441, 44068.1710,,,,,,,57.0022,42.9978,122.5938
1999-03-01,13.5100, 25011.2274, 19126.3142, 44137.5416,,,,,,,56.6666,43.3334,121.3902
1999-04-01,11.1705, 24916.4620, 19930.8843, 44847.3464,,,,,,,55.5584,44.4416,119.2028
1999-05-01, 9.9844, 24335.4525, 20246.1418, 44581.5943,,,,,,,54.5863,45.4137,119.8025
1999-06-01, 8.9606, 23878.1772, 20453.0084, 44331.1856,,,,,,,53.8632,46.1368,118.9157
1999-07-01, 8.7813, 23387.5368, 20429.6241, 43817.1608,,,,,,,53.3753,46.6247,118.4537
1999-08-01, 9.2835, 23652.8536, 20458.2831, 44111.1367,,,,,,,53.6210,46.3790,116.3280
1999-09-01, 9.3287, 23624.9948, 20088.0731, 43713.0679,,,,,,,54.0456,45.9544,118.7248
1999-10-01, 9.3203, 23956.0061, 20395.5520, 44351.5581,,,,,,,54.0139,45.9861,115.3026
1999-11-01, 9.6499, 23640.9767, 21441.3133, 45082.2900,,,,,,,52.4396,47.5604,114.4093
1999-12-01, 9.2317, 23223.0560, 23024.9673, 46248.0232,,,,,,,50.2142,49.7858,110.3073
2000-01-01, 8.2487, 23041.1821, 22646.5678, 45687.7499,,,,,,,50.4319,49.5681,105.0704
2000-02-01, 8.8914, 22848.1200, 22520.3217, 45368.4417,,,,,,,50.3613,49.6387,106.2196
2000-03-01, 9.7252, 22917.3908, 21911.5887, 44828.9795,,,,,,,51.1218,48.8782,106.2751
2000-04-01, 9.9563, 22996.1756, 21935.7788, 44931.9543,,,,,,,51.1800,48.8200,106.1911
2000-05-01,10.0031, 23254.4033, 22314.5638, 45568.9671,,,,,,,51.0312,48.9688,105.3570
2000-06-01, 9.6754, 23303.6448, 22550.0611, 45853.7059,,,,,,,50.8217,49.1783,104.8123
2000-07-01, 9.2918, 23086.2908, 22821.3583, 45907.6492,,,,,,,50.2885,49.7115,104.7118
2000-08-01, 9.0966, 23006.0737, 22316.5959, 45322.6696,,,,,,,50.7606,49.2394,104.6422
2000-09-01, 9.2000, 22882.1825, 21854.8539, 44737.0364,,,,,,,51.1482,48.8518,106.7780
2000-10-01, 8.9861, 23116.1458, 21839.7033, 44955.8492,,,,,,,51.4197,48.5803,104.1884
2000-11-01, 8.8229, 23115.6385, 22751.1832, 45866.8217,,,,,,,50.3973,49.6027,102.2200
2000-12-01, 8.7482, 22660.9937, 24550.9967, 47211.9904,,,,,,,47.9984,52.0016,100.0845
2001-01-01, 8.4922, 23976.3127, 24244.7674, 48221.0801,,,,,,,49.7216,50.2784, 97.1855
2001-02-01, 8.0583, 24556.1863, 23297.7781, 47853.9644,,,,,,,51.3148,48.6852, 98.0919
2001-03-01, 7.8143, 24691.9512, 23287.3332, 47979.2844,,,,,,,51.4638,48.5362, 98.2254
2001-04-01, 7.9759, 24630.6475, 23507.1531, 48137.8005,,,,,,,51.1670,48.8330, 97.3482
2001-05-01, 7.8654, 24442.0751, 23582.0706, 48024.1457,,,,,,,50.8954,49.1046, 98.1274
2001-06-01, 7.9298, 24756.5540, 23955.8603, 48712.4142,,,,,,,50.8219,49.1781, 97.6802
2001-07-01, 8.0895, 24983.7043, 23726.2968, 48710.0011,,,,,,,51.2907,48.7093, 97.4643
2001-08-01, 8.0302, 25153.4641, 23479.3265, 48632.7906,,,,,,,51.7212,48.2788, 97.7100
2001-09-01, 7.9712, 24906.9488, 23460.5522, 48367.5010,,,,,,,51.4952,48.5048, 98.4414
2001-10-01, 8.0059, 24786.7298, 23166.5187, 47953.2485,,,,,,,51.6894,48.3106, 99.4520
2001-11-01, 7.7782, 24340.1126, 24638.3658, 48978.4784,,,,,,,49.6955,50.3045, 97.8321
2001-12-01, 7.6464, 23839.6454, 27832.4729, 51672.1182,,,,,,,46.1364,53.8636, 92.2989
2002-01-01, 7.3748, 24137.6575, 25645.6179, 49783.2754,,,,,,,48.4855,51.5145, 94.5762
2002-02-01, 6.7042, 23982.4792, 25746.1137, 49728.5929,,,,,,,48.2267,51.7733, 95.1258
2002-03-01, 5.8915, 23714.6847, 26033.4736, 49748.1584,,,,,,,47.6695,52.3305, 95.0034
2002-04-01, 5.6481, 23610.3651, 27200.8882, 50811.2533,,,,,,,46.4668,53.5332, 93.0854
2002-05-01, 5.8379, 23438.4467, 27605.2042, 51043.6509,,,,,,,45.9184,54.0816, 92.3305
2002-06-01, 6.2489, 22791.3466, 28712.2158, 51503.5624,,,,,,,44.2520,55.7480, 92.2938
2002-07-01, 6.1571, 22227.5673, 28450.5114, 50678.0787,,,,,,,43.8603,56.1397, 95.3781
2002-08-01, 5.9811, 22097.8750, 29358.3213, 51456.1963,,,,,,,42.9450,57.0550, 94.2510
2002-09-01, 5.9696, 21949.0507, 29680.2459, 51629.2965,,,,,,,42.5128,57.4872, 95.3089
2002-10-01, 6.3651, 22094.6308, 30113.8654, 52208.4962,,,,,,,42.3200,57.6800, 94.6221
2002-11-01, 7.0677, 21820.2151, 31108.6202, 52928.8352,,,,,,,41.2256,58.7744, 93.6877
2002-12-01, 6.9928, 21460.5318, 32730.1682, 54190.7001,,,,,,,39.6019,60.3981, 92.6941
2003-01-01, 7.3943, 21957.1705, 32142.4304, 54099.6009,,,,,,,40.5866,59.4134, 93.1772
2003-02-01, 7.2394, 22322.2489, 32155.4824, 54477.7314,,,,,,,40.9750,59.0250, 93.1489
2003-03-01, 7.6001, 22955.5253, 31904.0314, 54859.5567,,,,,,,41.8442,58.1558, 93.3125
2003-04-01, 7.8481, 22975.0143, 32035.8920, 55010.9064,,,,,,,41.7645,58.2355, 94.0211
2003-05-01, 7.7314, 23431.1956, 31550.4073, 54981.6029,,,,,,,42.6164,57.3836, 94.7816
2003-06-01, 7.2127, 22319.5335, 32995.8474, 55315.3809,,,,,,,40.3496,59.6504, 93.2042
2003-07-01, 7.0351, 22667.0239, 32718.9690, 55385.9930,,,,,,,40.9256,59.0744, 93.7253
2003-08-01, 7.2645, 22677.1809, 33243.9290, 55921.1099,,,,,,,40.5521,59.4479, 93.1855
2003-09-01, 7.1148, 22511.6770, 33277.4148, 55789.0918,,,,,,,40.3514,59.6486, 93.9619
2003-10-01, 6.5834, 22567.5064, 34238.3969, 56805.9033,,,,,,,39.7274,60.2726, 93.6467
2003-11-01, 6.1287, 22265.0324, 34876.7025, 57141.7350,,,,,,,38.9646,61.0354, 93.1928
2003-12-01, 6.4906, 21592.7984, 36863.7360, 58456.5344,,,,,,,36.9382,63.0618, 90.9438
2004-01-01, 6.1875, 22263.2046, 36350.8367, 58614.0413,  1.3938, 13.0930, 8.3447, -4.5144,  6.5031, 2.0315,37.9827,62.0173, 95.3129
2004-02-01, 6.2809, 22420.1243, 36411.2074, 58831.3317,  0.4385, 13.2348, 7.9915, -5.4972,  6.5430, 1.6095,38.1092,61.8908, 96.0075
2004-03-01, 6.2148, 22497.4996, 36750.8540, 59248.3536, -1.9953, 15.1919, 8.0001, -7.7297,  8.4518, 1.6808,37.9715,62.0285, 94.9341
2004-04-01, 5.4887, 22695.4855, 36850.3542, 59545.8397, -1.2167, 15.0283, 8.2437, -6.3565,  9.0433, 2.6117,38.1143,61.8857, 95.6194
2004-05-01, 5.3742, 22998.4469, 37899.6798, 60898.1267, -1.8469, 20.1242,10.7609, -6.8528, 13.9977, 5.1120,37.7654,62.2346, 94.9238
2004-06-01, 6.0681, 23512.7521, 38830.4107, 62343.1628,  5.3461, 17.6827,12.7049, -0.6807, 10.9502, 6.2571,37.7150,62.2850, 93.9607
2004-07-01, 6.1873, 23932.2381, 38748.3043, 62680.5424,  5.5817, 18.4276,13.1704, -0.5703, 11.5271, 6.5762,38.1813,61.8187, 95.0127
2004-08-01, 5.8922, 24809.7775, 39236.4512, 64046.2287,  9.4042, 18.0259,14.5296,  3.3165, 11.4586, 8.1568,38.7373,61.2627, 93.8239
2004-09-01, 5.9726, 25296.4921, 38934.6692, 64231.1613, 12.3705, 17.0003,15.1321,  6.0373, 10.4062, 8.6433,39.3835,60.6165, 94.8048
2004-10-01, 5.8983, 24875.7974, 39714.6831, 64590.4805, 10.2284, 15.9946,13.7038,  4.0889,  9.5339, 7.3708,38.5131,61.4869, 95.3505
2004-11-01, 5.8238, 24713.1360, 42800.8336, 67513.9695, 10.9953, 22.7204,18.1518,  4.8869, 15.9667,11.6495,36.6045,63.3955, 92.5942
2004-12-01, 5.4975, 25155.5471, 46025.9960, 71181.5431, 16.4997, 24.8544,21.7683, 10.4289, 18.3482,15.4229,35.3400,64.6600, 88.2486
2005-01-01, 5.4305, 25861.7470, 44832.9469, 70694.6938, 16.1636, 23.3340,20.6105, 10.1803, 16.9813,14.3981,36.5823,63.4177, 89.2082
2005-02-01, 5.2461, 25932.5678, 44703.0033, 70635.5711, 15.6665, 22.7726,20.0645,  9.9010, 16.6529,14.0798,36.7132,63.2868, 90.1546
2005-03-01, 5.0265, 25658.5491, 46896.0773, 72554.6264, 14.0507, 27.6054,22.4585,  8.5923, 21.4983,16.5977,35.3645,64.6355, 89.3625
2005-04-01, 5.0082, 26087.0586, 47312.8761, 73399.9347, 14.9438, 28.3919,23.2663,  9.4618, 22.2685,17.3873,35.5410,64.4590, 89.5896
2005-05-01, 5.0365, 26079.7097, 47549.6982, 73629.4079, 13.3977, 25.4620,20.9059,  7.9603, 19.4461,15.1084,35.4202,64.5798, 90.4917
2005-06-01, 4.8251, 26339.8279, 48955.9543, 75295.7822, 12.0236, 26.0763,20.7763,  6.8671, 20.2730,15.2170,34.9818,65.0182, 90.2758
2005-07-01, 4.9085, 26274.7745, 49293.8448, 75568.6192,  9.7882, 27.2155,20.5615,  4.6514, 21.2633,14.9206,34.7694,65.2306, 90.5279
2005-08-01, 4.8785, 26446.5740, 49390.9759, 75837.5499,  6.5974, 25.8803,18.4106,  1.6389, 20.0249,12.9027,34.8727,65.1273, 90.4909
2005-09-01, 5.0161, 27141.3702, 51255.0668, 78396.4369,  7.2930, 31.6438,22.0536,  2.1682, 25.3558,16.2237,34.6207,65.3793, 88.5956
2005-10-01, 5.2682, 26934.4297, 52278.1009, 79212.5305,  8.2756, 31.6342,22.6381,  2.8569, 25.0465,16.5006,34.0027,65.9973, 89.0533
2005-11-01, 5.0966, 26879.7357, 54680.6168, 81560.3525,  8.7670, 27.7560,20.8052,  3.4924, 21.5605,14.9468,32.9569,67.0431, 88.0044
2005-12-01, 4.8549, 26950.8543, 56214.8237, 83165.6780,  7.1368, 22.1371,16.8360,  2.1763, 16.4820,11.4264,32.4062,67.5938, 88.3162
2006-01-01, 4.5631, 27379.6418, 55105.5903, 82485.2320,  5.8693, 22.9132,16.6781,  1.2492, 17.5493,11.5863,33.1934,66.8066, 90.4053
2006-02-01, 4.1856, 27818.0228, 56047.7129, 83865.7357,  7.2706, 25.3780,18.7302,  2.9611, 20.3410,13.9603,33.1697,66.8303, 90.9261
2006-03-01, 4.1120, 28239.2166, 55721.0075, 83960.2241, 10.0577, 18.8181,15.7200,  5.7109, 14.1252,11.1495,33.6340,66.3660, 91.4695
2006-04-01, 4.1214, 28114.8123, 56746.3461, 84861.1584,  7.7730, 19.9385,15.6148,  3.5071, 15.1910,11.0384,33.1304,66.8696, 93.6177
2006-05-01, 4.0384, 28377.8476, 58228.5249, 86606.3725,  8.8120, 22.4582,17.6247,  4.5883, 17.7049,13.0589,32.7665,67.2335, 95.0065
2006-06-01, 3.9382, 28811.8506, 60801.2138, 89613.0644,  9.3851, 24.1957,19.0147,  5.2405, 19.4900,14.5053,32.1514,67.8486, 95.0444
2006-07-01, 4.3169, 29444.2950, 61839.8257, 91284.1208, 12.0630, 25.4514,20.7963,  7.4255, 20.2599,15.7975,32.2557,67.7443, 95.7032
2006-08-01, 4.7245, 30035.2253, 61390.5151, 91425.7405, 13.5694, 24.2950,20.5547,  8.4459, 18.6876,15.1161,32.8520,67.1480, 97.6105
2006-09-01, 4.5769, 31012.3576, 60429.6617, 91442.0193, 14.2623, 17.8999,16.6405,  9.2615, 12.7399,11.5357,33.9148,66.0852,100.2442
2006-10-01, 4.1859, 31647.0889, 62381.0993, 94028.1881, 17.4968, 19.3255,18.7037, 12.7761, 14.5313,13.9345,33.6570,66.3430, 99.3064
2006-11-01, 4.3136, 31693.1198, 64738.5861, 96431.7059, 17.9071, 18.3940,18.2336, 13.0314, 13.4982,13.3443,32.8659,67.1341, 99.5752
2006-12-01, 4.4779, 31309.3234, 66992.3914, 98301.7147, 16.1719, 19.1721,18.1999, 11.1928, 14.0644,13.1338,31.8502,68.1498, 99.5410
2007-01-01, 4.7118, 32022.3704, 65765.2640, 97787.6345, 16.9569, 19.3441,18.5517, 11.6941, 13.9739,13.2171,32.7469,67.2531,101.2991
2007-02-01, 5.2468, 31916.7254, 68228.9553,100145.6807, 14.7340, 21.7337,19.4119,  9.0142, 15.6650,13.4590,31.8703,68.1297,101.2721
2007-03-01, 5.7805, 33779.0164, 71169.7552,104948.7716, 19.6174, 27.7252,24.9982, 13.0808, 20.7455,18.1675,32.1862,67.8138, 99.0467
2007-04-01, 6.2563, 33965.2817, 72684.0806,106649.3622, 20.8092, 28.0859,25.6751, 13.6960, 20.5443,18.2755,31.8476,68.1524, 99.2013
2007-05-01, 6.2264, 34395.6367, 69744.0040,104139.6407, 21.2059, 19.7764,20.2448, 14.1015, 12.7557,13.1967,33.0284,66.9716,104.4527
2007-06-01, 6.0338, 35400.5987, 69759.8465,105160.4452, 22.8682, 14.7343,17.3495, 15.8764,  8.2054,10.6717,33.6634,66.3366,105.3864
2007-07-01, 5.7718, 36660.0166, 70926.9670,107586.9836, 24.5063, 14.6946,17.8595, 17.7122,  8.4359,11.4281,34.0748,65.9252,105.0153
2007-08-01, 5.2178, 38753.9834, 68617.1853,107371.1688, 29.0284, 11.7716,17.4409, 22.6299,  6.2288,11.6169,36.0935,63.9065,107.5452
2007-09-01, 5.0050, 39719.2636, 70517.3520,110236.6157, 28.0756, 16.6933,20.5536, 21.9710, 11.1312,14.8075,36.0309,63.9691,107.2196
2007-10-01, 5.1633, 40496.0225, 71837.1766,112333.1991, 27.9613, 15.1586,19.4676, 21.6787,  9.5045,13.6020,36.0499,63.9501,106.6575
2007-11-01, 5.4121, 41438.6233, 74559.1461,115997.7695, 30.7496, 15.1696,20.2901, 24.0366,  9.2565,14.1141,35.7236,64.2764,105.5899
2007-12-01, 5.6941, 41324.4178, 74497.5935,115822.0113, 31.9876, 11.2031,17.8230, 24.8770,  5.2122,11.4755,35.6792,64.3208,106.2740
2008-01-01, 5.9970, 42306.1159, 72519.8909,114826.0067, 32.1143, 10.2708,17.4239, 24.6396,  4.0320,10.7804,36.8437,63.1563,107.5346
2008-02-01, 6.3520, 43635.3482, 74673.2684,118308.6165, 36.7162,  9.4451,18.1365, 28.5507,  2.9084,11.0807,36.8826,63.1174,105.7286
2008-03-01, 5.9260, 43794.5297, 74399.1779,118193.7077, 29.6501,  4.5376,12.6204, 22.3969, -1.3107, 6.3199,37.0532,62.9468,107.1699
2008-04-01, 5.7280, 47138.7241, 73104.8657,120243.5898, 38.7850,  0.5789,12.7467, 31.2661, -4.8701, 6.6384,39.2027,60.7973,106.4207
2008-05-01, 6.3943, 47620.5935, 71378.1297,118998.7232, 38.4495,  2.3430,14.2684, 30.1287, -3.8078, 7.4009,40.0177,59.9823,108.7367
2008-06-01, 7.1804, 48997.2243, 71585.1507,120582.3750, 38.4079,  2.6166,14.6651, 29.1355, -4.2581, 6.9833,40.6338,59.3662,109.9641
2008-07-01, 7.5196, 49947.6168, 72409.8471,122357.4639, 36.2455,  2.0907,13.7289, 26.7169, -5.0492, 5.7750,40.8211,59.1789,109.7913
2008-08-01, 7.8693, 52097.8721, 72775.9476,124873.8198, 34.4323,  6.0608,16.3011, 24.6252, -1.6765, 7.8167,41.7204,58.2796,109.1164
2008-09-01, 7.5737, 54077.7325, 72844.0480,126921.7805, 36.1499,  3.2995,15.1358, 26.5643, -3.9733, 7.0297,42.6071,57.3929,109.8853
2008-10-01, 7.9397, 54206.9714, 76101.2820,130308.2533, 33.8575,  5.9358,16.0016, 24.0114, -1.8565, 7.4688,41.5990,58.4010,109.7617
2008-11-01, 7.7301, 54051.3933, 78657.9635,132709.3569, 30.4372,  5.4974,14.4068, 21.0778, -2.0725, 6.1976,40.7292,59.2708,109.5136
2008-12-01, 7.6748, 56171.4377, 80951.6823,137123.1200, 35.9280,  8.6635,18.3912, 26.2393,  0.9182, 9.9526,40.9642,59.0358,105.5854
2009-01-01, 7.1782, 60123.8333, 77302.7580,137426.5912, 42.1162,  6.5952,19.6825, 32.5981, -0.5439,11.6668,43.7498,56.2502,105.3094
2009-02-01, 6.4667, 62018.8225, 79261.7242,141280.5466, 42.1298,  6.1447,19.4170, 33.4969, -0.3025,12.1636,43.8976,56.1024,102.7176
2009-03-01, 6.1408, 62413.5161, 77204.6635,139618.1795, 42.5144,  3.7709,18.1266, 34.2692, -2.2328,11.2923,44.7030,55.2970,103.7663
2009-04-01, 5.7299, 61651.7208, 75328.4462,136980.1670, 30.7878,  3.0416,13.9189, 23.7000, -2.5426, 7.7452,45.0078,54.9922,105.7947
2009-05-01, 4.7686, 61848.0729, 77238.1284,139086.2013, 29.8767,  8.2098,16.8804, 23.9653,  3.2845,11.5605,44.4674,55.5326,105.5086
2009-06-01, 3.8149, 60711.8170, 80869.6852,141581.5021, 23.9087, 12.9699,17.4148, 19.3554,  8.8186,13.1001,42.8812,57.1188,104.1313
2009-07-01, 3.2768, 59857.1669, 82792.9678,142650.1347, 19.8399, 14.3394,16.5847, 16.0376, 10.7116,12.8858,41.9608,58.0392,103.1862
2009-08-01, 3.1250, 58123.8080, 82576.9450,140700.7530, 11.5666, 13.4674,12.6743,  8.1857, 10.0289, 9.2599,41.3102,58.6898,103.3932
2009-09-01, 3.2090, 56886.5728, 82413.6942,139300.2669,  5.1941, 13.1372, 9.7528,  1.9234,  9.6195, 6.3404,40.8374,59.1626,104.4437
2009-10-01, 2.7216, 56386.0481, 86777.6422,143163.6903,  4.0199, 14.0291, 9.8654,  1.2639, 11.0080, 6.9545,39.3857,60.6143,102.1709
2009-11-01, 2.3685, 56114.0379, 89958.6841,146072.7220,  3.8161, 14.3669,10.0696,  1.4141, 11.7208, 7.5229,38.4151,61.5849,100.6847
2009-12-01, 2.0018, 55469.5638, 89256.0860,144725.6498, -1.2495, 10.2585, 5.5443, -3.1875,  8.0946, 3.4730,38.3274,61.6726,102.2187
2010-01-01, 2.0996, 55039.0762, 93201.9696,148241.0459, -8.4571, 20.5675, 7.8693,-10.3397, 18.0881, 5.6510,37.1281,62.8719, 99.7192
2010-02-01, 2.0909, 55654.6364, 95198.0173,150852.6537,-10.2617, 20.1059, 6.7752,-12.0996, 17.6460, 4.5884,36.8934,63.1066, 98.7079
2010-03-01, 1.8395, 53951.2315, 95325.3828,149276.6143,-13.5584, 23.4710, 6.9177,-15.1198, 21.2408, 4.9865,36.1418,63.8582,100.2812
2010-04-01, 1.9808, 53713.8002, 95479.4142,149193.2144,-12.8754, 26.7508, 8.9159,-14.5677, 24.2888, 6.8004,36.0028,63.9972,100.9147
2010-05-01, 2.0718, 54135.3997, 94405.4848,148540.8845,-12.4704, 22.2265, 6.7977,-14.2470, 19.7456, 4.6300,36.4448,63.5552,102.7688
2010-06-01, 2.2451, 54504.7941, 96619.6960,151124.4902,-10.2237, 19.4758, 6.7403,-12.1951, 16.8523, 4.3964,36.0662,63.9338,102.7255
2010-07-01, 2.2418, 54793.6498, 96403.0339,151196.6838, -8.4593, 16.4387, 5.9913,-10.4665, 13.8856, 3.6672,36.2400,63.7600,103.4967
2010-08-01, 2.3114, 55312.2276, 96965.3827,152277.6102, -4.8372, 17.4243, 8.2280, -6.9872, 14.7714, 5.7829,36.3233,63.6767,104.4281
2010-09-01, 2.2846, 55645.8058, 97284.6756,152930.4814, -2.1811, 18.0443, 9.7848, -4.3660, 15.4077, 7.3326,36.3863,63.6137,106.5328
2010-10-01, 2.3251, 54390.5050,100010.0662,154400.5713, -3.5391, 15.2487, 7.8490, -5.7309, 12.6299, 5.3984,35.2269,64.7731,107.3317
2010-11-01, 2.5910, 53383.7305,105667.1292,159050.8597, -4.8656, 17.4618, 8.8847, -7.2683, 14.4953, 6.1348,33.5639,66.4361,107.6469
2010-12-01, 3.1712, 50939.9034,110468.7451,161408.6485, -8.1660, 23.7661,11.5273,-10.9888, 19.9618, 8.0993,31.5596,68.4404,107.0388
2011-01-01, 3.4000, 52200.8118,108793.7502,160994.5619, -5.1568, 16.7290, 8.6032, -8.2755, 12.8907, 5.0321,32.4240,67.5760,107.5697
2011-02-01, 3.1677, 53311.8364,112502.5459,165814.3823, -4.2095, 18.1774, 9.9181, -7.1508, 14.5488, 6.5431,32.1515,67.8485,106.8512
2011-03-01, 3.1864, 53705.6001,114555.7110,168261.3111, -0.4553, 20.1734,12.7178, -3.5293, 16.4623, 9.2370,31.9180,68.0820,107.1732
2011-04-01, 2.8360, 55221.8823,111778.2317,167000.1139,  2.8076, 17.0705,11.9355, -0.0275, 13.8420, 8.8486,33.0670,66.9330,110.8039
2011-05-01, 3.0224, 55176.1124,116413.2623,171589.3747,  1.9224, 23.3120,15.5166, -1.0677, 19.6943,12.1276,32.1559,67.8441,110.4788
2011-06-01, 3.2326, 55932.4819,118738.9294,174671.4113,  2.6194, 22.8931,15.5811, -0.5940, 19.0449,11.9619,32.0215,67.9785,110.1872
2011-07-01, 3.4196, 56375.1757,117869.1196,174244.2953,  2.8863, 22.2670,15.2435, -0.5157, 18.2242,11.4329,32.3541,67.6459,112.1339
2011-08-01, 3.2717, 58570.5378,122645.5414,181216.0791,  5.8908, 26.4838,19.0038,  2.5361, 22.4768,15.2337,32.3208,67.6792,109.7174
2011-09-01, 3.7313, 59907.7842,119505.1409,179412.9250,  7.6591, 22.8407,17.3167,  3.7865, 18.4219,13.0966,33.3910,66.6090,113.1656
2011-10-01, 4.0200, 59882.8291,122666.8661,182549.6952, 10.0979, 22.6545,18.2312,  5.8431, 17.9144,13.6621,32.8036,67.1964,112.5720
2011-11-01, 3.9630, 60742.3743,127430.6466,188173.0209, 13.7844, 20.5963,18.3100,  9.4471, 15.9993,13.8001,32.2801,67.7199,112.2914
2011-12-01, 3.7258, 62020.1761,131593.0161,193613.1922, 21.7517, 19.1224,19.9522, 17.3784, 14.8436,15.6435,32.0330,67.9670,110.3047
2012-01-01, 3.5431, 64010.3877,129422.0566,193432.4443, 22.6234, 18.9609,20.1484, 18.4274, 14.8903,16.0371,33.0919,66.9081,110.2713
2012-02-01, 3.5515, 66061.2967,133481.6362,199542.9329, 23.9149, 18.6477,20.3411, 19.6649, 14.5784,16.2138,33.1063,66.8937,107.9476
2012-03-01, 3.3992, 68372.3511,132645.8934,201018.2446, 27.3095, 15.7916,19.4679, 23.1243, 11.9850,15.5404,34.0130,65.9870,108.6414
2012-04-01, 3.4252, 69844.0609,130799.3932,200643.4541, 26.4790, 17.0169,20.1457, 22.2902, 13.1415,16.1667,34.8100,65.1900,110.0893
2012-05-01, 3.4409, 71985.2299,131893.0206,203878.2505, 30.4645, 13.2972,18.8175, 26.1246,  9.5285,14.8651,35.3079,64.6921,109.9715
2012-06-01, 3.1985, 73420.2767,131247.2861,204667.5628, 31.2659, 10.5343,17.1729, 27.1975,  7.1085,13.5413,35.8729,64.1271,110.8902
2012-07-01, 3.0330, 76614.4901,127519.0863,204133.5764, 35.9011,  8.1870,17.1537, 31.9005,  5.0023,13.7050,37.5315,62.4685,112.2717
2012-08-01, 3.1072, 78497.7360,132454.3873,210952.1233, 34.0226,  7.9977,16.4092, 29.9837,  4.7431,12.9011,37.2112,62.7888,109.5899
2012-09-01, 3.0842, 80134.1321,134006.8825,214141.0146, 33.7625, 12.1348,19.3565, 29.7604,  8.7799,15.7855,37.4212,62.5788,109.2309
2012-10-01, 3.0570, 81089.4265,139257.3494,220346.7758, 35.4135, 13.5248,20.7051, 31.3967, 10.1573,17.1246,36.8008,63.1992,107.4669
2012-11-01, 2.7731, 80414.2496,143249.1212,223663.3708, 32.3858, 12.4134,18.8605, 28.8136,  9.3802,15.6533,35.9532,64.0468,108.2334
2012-12-01, 2.4353, 80378.0975,149620.5728,229998.6703, 29.5999, 13.6995,18.7929, 26.5188, 10.9963,15.9686,34.9472,65.0528,106.9704
2013-01-01, 1.9953, 84090.6694,145619.0111,229709.6805, 31.3703, 12.5148,18.7545, 28.8004, 10.3138,16.4313,36.6074,63.3926,107.1388
2013-02-01, 1.8264, 85615.0047,148605.7735,234220.7782, 29.5993, 11.3305,17.3786, 27.2748,  9.3337,15.2733,36.5531,63.4469,106.1386
2013-03-01, 1.9115, 86625.5843,151265.7238,237891.3080, 26.6968, 14.0372,18.3431, 24.3205, 11.8983,16.1235,36.4139,63.5861,105.4843
2013-04-01, 2.0220, 87278.9310,151330.2629,238609.1939, 24.9626, 15.6965,18.9220, 22.4860, 13.4035,16.5651,36.5782,63.4218,106.4492
2013-05-01, 2.0003, 86836.3091,155006.2085,241842.5176, 20.6307, 17.5242,18.6210, 18.2651, 15.2195,16.2949,35.9061,64.0939,106.6795
2013-06-01, 2.1552, 86104.6191,160713.3013,246817.9205, 17.2763, 22.4508,20.5945, 14.8021, 19.8674,18.0503,34.8859,65.1141,106.4942
2013-07-01, 2.2231, 85436.4232,164638.9333,250075.3565, 11.5147, 29.1092,22.5057,  9.0895, 26.3014,19.8415,34.1643,65.8357,105.8443
2013-08-01, 2.2665, 87591.6103,166765.5525,254357.1628, 11.5849, 25.9041,20.5758,  9.1119, 23.1138,17.9035,34.4365,65.5635,105.3519
2013-09-01, 2.2732, 89050.2763,164363.8469,253414.1232, 11.1265, 22.6533,18.3398,  8.6566, 19.9271,15.7096,35.1402,64.8598,107.1584
2013-10-01, 1.8413, 90920.8685,169225.1332,260146.0017, 12.1242, 21.5197,18.0621, 10.0970, 19.3226,15.9275,34.9499,65.0501,105.1532
2013-11-01, 1.7602, 91489.1520,174669.8956,266159.0476, 13.7723, 21.9344,18.9998, 11.8043, 19.8252,16.9414,34.3739,65.6261,104.1061
2013-12-01, 1.9378, 89359.5236,176490.8503,265850.3738, 11.1740, 17.9589,15.5878,  9.0606, 15.7166,13.3905,33.6127,66.3873,105.1144
2014-01-01, 2.1292, 92016.4823,175345.1314,267361.6137,  9.4253, 20.4136,16.3911,  7.1441, 17.9033,13.9646,34.4165,65.5835,105.1482
2014-02-01, 2.3189, 93746.8107,182610.8973,276357.7081,  9.4981, 22.8828,17.9903,  7.0165, 20.0978,15.3162,33.9223,66.0777,103.0859
2014-03-01, 2.5113, 94440.4048,181298.2326,275738.6374,  9.0214, 19.8541,15.9095,  6.3506, 16.9179,13.0699,34.2500,65.7500,104.3265
2014-04-01, 2.7207, 93610.9040,182643.7680,276254.6720,  7.2549, 20.6922,15.7770,  4.4141, 17.4954,12.7105,33.8857,66.1143,105.5852
2014-05-01, 2.9308, 95961.1740,179972.1449,275933.3189, 10.5081, 16.1064,14.0963,  7.3616, 12.8005,10.8476,34.7769,65.2231,107.4809
2014-06-01, 2.7853, 96044.5648,183543.6863,279588.2511, 11.5440, 14.2057,13.2771,  8.5214, 11.1109,10.2075,34.3521,65.6479,107.5387
2014-07-01, 2.8946, 96972.4999,185771.0811,282743.5810, 13.5025, 12.8354,13.0634, 10.3095,  9.6612, 9.8826,34.2970,65.7030,106.9129
2014-08-01, 3.0178, 99149.3624,186150.8609,285300.2233, 13.1950, 11.6243,12.1652,  9.8791,  8.3544, 8.8795,34.7526,65.2474,106.8746
2014-09-01, 2.8564,101471.5770,184003.8173,285475.3942, 13.9486, 11.9491,12.6517, 10.7842,  8.8401, 9.5233,35.5448,64.4552,107.7166
2014-10-01, 3.2941,103050.9348,186679.1830,289730.1178, 13.3413, 10.3141,11.3721,  9.7269,  6.7962, 7.8204,35.5679,64.4321,107.3235
2014-11-01, 3.6544,103795.4695,187968.7290,291764.1985, 13.4511,  7.6137, 9.6202,  9.4514,  3.8197, 5.7556,35.5751,64.4249,108.9336
2014-12-01, 3.6577,103468.9558,187080.4607,290549.4165, 15.7895,  6.0001, 9.2906, 11.7037,  2.2598, 5.4341,35.6115,64.3885,111.0803
2015-01-01, 3.8207,106133.5857,182952.4845,289086.0701, 15.3419,  4.3385, 8.1255, 11.0972,  0.4987, 4.1464,36.7135,63.2865,113.3375
2015-02-01, 4.3560,111288.1504,190322.0050,301610.1554, 18.7114,  4.2227, 9.1376, 13.7562, -0.1277, 4.5820,36.8980,63.1020,111.1265
2015-03-01, 4.5552,111820.7101,191667.3601,303488.0702, 18.4035,  5.7194,10.0637, 13.2449,  1.1135, 5.2685,36.8452,63.1548,111.8681
2015-04-01, 4.6378,113673.6195,187605.1768,301278.7964, 21.4320,  2.7164, 9.0584, 16.0498, -1.8362, 4.2246,37.7304,62.2696,113.1085
2015-05-01, 4.4080,115467.6010,187763.5124,303231.1133, 20.3274,  4.3292, 9.8929, 15.2473, -0.0755, 5.2533,38.0791,61.9209,114.4247
2015-06-01, 4.4203,115401.3965,191597.8261,306999.2226, 20.1540,  4.3881, 9.8040, 15.0677, -0.0308, 5.1559,37.5901,62.4099,114.6473
2015-07-01, 4.4557,117160.4620,196158.7435,313319.2055, 20.8182,  5.5916,10.8139, 15.6646,  1.0875, 6.0870,37.3933,62.6067,114.0446
2015-08-01, 4.7443,118900.3856,200107.1410,319007.5266, 19.9205,  7.4973,11.8147, 14.4888,  2.6283, 6.7502,37.2720,62.7280,114.6018
2015-09-01, 5.3507,118076.6721,197895.3496,315972.0217, 16.3643,  7.5496,10.6828, 10.4542,  2.0872, 5.0613,37.3693,62.6307,116.3304
2015-10-01, 5.8948,118298.5124,204604.9904,322903.5029, 14.7962,  9.6025,11.4498,  8.4059,  3.5013, 5.2458,36.6359,63.3641,114.6165
2015-11-01, 6.3931,118078.4784,207985.8363,326064.3147, 13.7607, 10.6492,11.7561,  6.9249,  4.0003, 5.0408,36.2132,63.7868,115.2442
2015-12-01, 6.7691,117676.3132,207945.2019,325621.5151, 13.7310, 11.1528,12.0710,  6.5206,  4.1058, 4.9657,36.1390,63.8610,115.8133
2016-01-01, 7.4547,127573.1783,205330.7263,332903.9046, 20.2006, 12.2317,15.1574, 11.8616,  4.4456, 7.1683,38.3213,61.6787,113.9196
2016-02-01, 7.5929,130737.1129,214800.4316,345537.5445, 17.4762, 12.8616,14.5643,  9.1859,  4.8969, 6.4795,37.8359,62.1641,111.1118
2016-03-01, 7.9756,134215.9359,211575.9871,345791.9230, 20.0278, 10.3871,13.9392, 11.1619,  2.2333, 5.5231,38.8141,61.1859,110.9647
2016-04-01, 7.9316,139172.5028,208859.7615,348032.2643, 22.4317, 11.3294,15.5183, 13.4345,  3.1481, 7.0292,39.9884,60.0116,110.8997
2016-05-01, 8.1972,144055.9812,203979.8910,348035.8721, 24.7588,  8.6366,14.7758, 15.3068,  0.4061, 6.0802,41.3911,58.6089,112.4969
2016-06-01, 8.6022,141252.2834,200701.0038,341953.2872, 22.4008,  4.7512,11.3857, 12.7057, -3.5460, 2.5630,41.3075,58.6925,115.0285
2016-07-01, 8.9650,144567.7192,199143.9484,343711.6676, 23.3929,  1.5218, 9.7002, 13.2408, -6.8308, 0.6746,42.0608,57.9392,115.5705
2016-08-01, 8.0976,147813.2722,198765.8394,346579.1115, 24.3169, -0.6703, 8.6429, 15.0043, -8.1111, 0.5045,42.6492,57.3508,115.0948
2016-09-01, 7.2729,150570.7246,194112.9375,344683.6621, 27.5195, -1.9113, 9.0868, 18.8739, -8.5615, 1.6909,43.6837,56.3163,116.1490
2016-10-01, 6.4823,150584.4104,196898.7655,347483.1760, 27.2919, -3.7664, 7.6121, 19.5428, -9.6248, 1.0610,43.3357,56.6643,115.8449
2016-11-01, 5.9625,147098.2676,207777.4919,354875.7595, 24.5767, -0.1002, 8.8361, 17.5668, -5.7215, 2.7119,41.4506,58.5494,114.6572
2016-12-01, 5.7474,147021.7193,205576.6814,352598.4007, 24.9374, -1.1390, 8.2847, 18.1470, -6.5121, 2.3994,41.6966,58.3034,115.3574
2017-01-01, 5.4692,149954.6970,205921.3270,355876.0241, 17.5441,  0.2876, 6.9005, 11.4487, -4.9129, 1.3571,42.1368,57.8632,113.8141
2017-02-01, 5.1840,152247.4384,208699.4120,360946.8504, 16.4531, -2.8403, 4.4595, 10.7137, -7.6288,-0.6888,42.1800,57.8200,113.2812
2017-03-01, 4.6861,155388.6271,204752.9052,360141.5323, 15.7751, -3.2249, 4.1498, 10.5927, -7.5568,-0.5123,43.1465,56.8535,114.1865
2017-04-01, 4.6627,156722.7802,205969.7393,362692.5195, 12.6104, -1.3837, 4.2123,  7.5936, -5.7771,-0.4304,43.2109,56.7891,114.3057
2017-05-01, 4.3665,158369.5553,204065.2603,362434.8156,  9.9361,  0.0419, 4.1372,  5.3366, -4.1437,-0.2197,43.6960,56.3040,115.2373
2017-06-01, 3.9874,158054.1049,208894.7867,366948.8916, 11.8949,  4.0826, 7.3097,  7.6043,  0.0916, 3.1949,43.0725,56.9275,114.8811
2017-07-01, 3.3965,156581.6134,211755.8647,368337.4782,  8.3102,  6.3331, 7.1647,  4.7523,  2.8401, 3.6443,42.5104,57.4896,114.5475
2017-08-01, 3.8737,158618.7809,208879.3036,367498.0845,  7.3102,  5.0881, 6.0358,  3.3084,  1.1692, 2.0815,43.1618,56.8382,115.0515
2017-09-01, 3.9704,158348.7877,206077.3307,364426.1184,  5.1657,  6.1636, 5.7277,  1.1496,  2.1094, 1.6902,43.4515,56.5485,116.9062
2017-10-01, 4.0501,158317.4351,209446.7609,367764.1960,  5.1353,  6.3728, 5.8365,  1.0430,  2.2323, 1.7169,43.0486,56.9514,116.3116
2017-11-01, 4.1217,157942.7113,216222.1714,374164.8827,  7.3722,  4.0643, 5.4355,  3.1218, -0.0552, 1.2617,42.2121,57.7879,115.0601
2017-12-01, 4.0886,155510.3893,220748.0378,376258.4271,  5.7738,  7.3799, 6.7102,  1.6189,  3.1620, 2.5186,41.3307,58.6693,114.8210
2018-01-01, 3.6795,158688.4457,215593.7276,374282.1733,  5.8243,  4.6971, 5.1721,  2.0686,  0.9815, 1.4396,42.3981,57.6019,114.9023
2018-02-01, 3.3721,162001.3635,219442.3591,381443.7227,  6.4066,  5.1476, 5.6786,  2.9355,  1.7175, 2.2313,42.4706,57.5294,113.5444
2018-03-01, 3.1399,162503.8900,218780.6857,381284.5757,  4.5790,  6.8511, 5.8708,  1.3953,  3.5982, 2.6478,42.6201,57.3799,114.3595
2018-04-01, 3.1276,165239.3535,216607.1808,381846.5343,  5.4342,  5.1646, 5.2811,  2.2366,  1.9752, 2.0881,43.2738,56.7262,114.7171
2018-05-01, 3.1568,166755.0363,213191.8237,379946.8600,  5.2949,  4.4724, 4.8318,  2.0727,  1.2753, 1.6237,43.8890,56.1110,116.0353
2018-06-01, 3.1980,165277.4483,216188.6633,381466.1115,  4.5702,  3.4917, 3.9562,  1.3296,  0.2845, 0.7347,43.3269,56.6731,116.1051
2018-07-01, 3.1192,165098.7083,221990.1909,387088.8992,  5.4394,  4.8331, 5.0908,  2.2501,  1.6621, 1.9120,42.6514,57.3486,114.3245
2018-08-01, 3.0982,165116.0191,224719.0724,389835.0915,  4.0961,  7.5832, 6.0781,  0.9679,  4.3502, 2.8903,42.3554,57.6446,113.7123
2018-09-01, 3.2268,165114.1579,218839.6828,383953.8408,  4.2724,  6.1930, 5.3585,  1.0130,  2.8735, 2.0651,43.0036,56.9964,115.9993
2018-10-01, 3.3338,164719.9757,223893.5223,388613.4980,  4.0441,  6.8976, 5.6692,  0.6874,  3.4489, 2.2601,42.3866,57.6134,115.9597
2018-11-01, 3.2681,162382.3894,233519.6947,395902.0841,  2.8109,  7.9999, 5.8095, -0.4427,  4.5820, 2.4610,41.0158,58.9842,115.2129
2018-12-01, 3.1780,161216.8562,234698.1801,395915.0363,  3.6695,  6.3195, 5.2242,  0.4764,  3.0447, 1.9832,40.7201,59.2799,115.7906
2019-01-01, 3.1500,163986.0034,227894.1530,391880.1564,  3.3383,  5.7054, 4.7018,  0.1826,  2.4773, 1.5044,41.8460,58.1540,116.1804
2019-02-01, 3.0141,168404.5615,232247.8921,400652.4536,  3.9526,  5.8355, 5.0358,  0.9110,  2.7389, 1.9626,42.0326,57.9674,114.8294
2019-03-01, 3.2132,169271.6912,234819.8789,404091.5700,  4.1647,  7.3312, 5.9816,  0.9219,  3.9898, 2.6822,41.8894,58.1106,114.8998
2019-04-01, 3.2475,169732.8688,237345.0971,407077.9659,  2.7194,  9.5740, 6.6077, -0.5115,  6.1275, 3.2546,41.6954,58.3046,114.9439
2019-05-01, 3.3093,171883.7644,235563.6849,407447.4493,  3.0756, 10.4938, 7.2380, -0.2263,  6.9543, 3.8028,42.1855,57.8145,115.9197
2019-06-01, 3.4262,172670.2549,237376.3323,410046.5871,  4.4730,  9.8005, 7.4923,  1.0121,  6.1632, 3.9314,42.1099,57.8901,115.5901
2019-07-01, 3.7854,173892.3825,239959.4055,413851.7881,  5.3263,  8.0946, 6.9139,  1.4848,  4.1521, 3.0144,42.0180,57.9820,115.1672
2019-08-01, 3.7502,173969.0684,242530.7823,416499.8507,  5.3617,  7.9262, 6.8400,  1.5532,  4.0250, 2.9781,41.7693,58.2307,115.3036
2019-09-01, 3.8160,174781.6164,241847.7654,416629.3818,  5.8550, 10.5137, 8.5103,  1.9641,  6.4515, 4.5218,41.9513,58.0487,116.5471
2019-10-01, 3.8556,174303.2099,249080.7281,423383.9380,  5.8179, 11.2496, 8.9473,  1.8894,  7.1195, 4.9027,41.1691,58.8309,115.3160
2019-11-01, 3.8429,169766.4102,262904.8288,432671.2390,  4.5473, 12.5836, 9.2874,  0.6783,  8.4172, 5.2430,39.2368,60.7632,114.4111
2019-12-01, 3.8043,168823.5918,257947.8254,426771.4171,  4.7183,  9.9062, 7.7937,  0.8805,  5.8783, 3.8432,39.5583,60.4417,115.6451
2020-01-01, 3.6223,174697.5609,251328.1954,426025.7563,  6.5320, 10.2829, 8.7133,  2.8080,  6.4278, 4.9130,41.0063,58.9937,115.9717
2020-02-01, 3.7200,177446.3101,259023.6023,436469.9124,  5.3691, 11.5289, 8.9398,  1.5899,  7.5288, 5.0325,40.6549,59.3451,114.7927
2020-03-01, 3.8559,175066.1811,295888.2984,470954.4795,  3.4232, 26.0065,16.5465, -0.4167, 21.3282,12.2194,37.1726,62.8274,110.1540
2020-04-01, 3.5064,173226.4672,308432.1867,481658.6538,  2.0583, 29.9509,18.3210, -1.3991, 25.5487,14.3127,35.9646,64.0354,108.3637
2020-05-01, 2.8541,176772.0877,301665.8040,478437.8917,  2.8440, 28.0613,17.4232, -0.0098, 24.5077,14.1649,36.9478,63.0522,109.0500
2020-06-01, 2.1933,178973.6463,308026.7199,487000.3663,  3.6505, 29.7630,18.7671,  1.4259, 26.9780,16.2180,36.7502,63.2498,107.0260
2020-07-01, 1.9712,182667.5456,304449.5961,487117.1417,  5.0463, 26.8755,17.7033,  3.0157, 24.4229,15.4280,37.4997,62.5003,106.3091
2020-08-01, 1.8781,179989.3635,303022.8333,483012.1967,  3.4606, 24.9420,15.9694,  1.5533, 22.6387,13.8315,37.2639,62.7361,106.6644
2020-09-01, 1.9674,177260.0512,303821.6998,481081.7510,  1.4180, 25.6252,15.4700, -0.5388, 23.2013,13.2420,36.8461,63.1539,107.0605
2020-10-01, 1.7481,174599.3720,309620.3711,484219.7431,  0.1699, 24.3052,14.3689, -1.5511, 22.1695,12.4040,36.0579,63.9421,106.4366
2020-11-01, 1.4895,169219.4828,314845.4190,484064.9018, -0.3222, 19.7564,11.8782, -1.7850, 17.9989,10.2363,34.9580,65.0420,106.5236
2020-12-01, 1.6104,166446.1980,321624.4768,488070.6748, -1.4082, 24.6859,14.3635, -2.9708, 22.7097,12.5509,34.1029,65.8971,105.0692
2021-01-01, 1.5972,164669.9127,315191.8801,479861.7928, -5.7400, 25.4105,12.6368, -7.2219, 23.4389,10.8660,34.3161,65.6839,106.6577
2021-02-01, 1.5631,163674.8995,321457.0667,485131.9663, -7.7609, 24.1034,11.1490, -9.1805, 22.1934, 9.4384,33.7382,66.2618,106.3640
2021-03-01, 1.5066,159672.6125,331050.8111,490723.4236, -8.7930, 11.8837, 4.1976,-10.1467, 10.2231, 2.6511,32.5382,67.4618,105.6107
2021-04-01, 1.9478,157383.3462,333716.2533,491099.5996, -9.1459,  8.1976, 1.9601,-10.8817,  6.1304, 0.0121,32.0471,67.9529,106.3024
2021-05-01, 3.2957,156066.6786,334971.2675,491037.9461,-11.7131, 11.0405, 2.6336,-14.5299,  7.4978,-0.6410,31.7830,68.2170,107.1398
2021-06-01, 3.6348,156382.4837,342165.7768,498548.2605,-12.6226, 11.0831, 2.3712,-15.6872,  7.1872,-1.2192,31.3676,68.6324,106.3324
2021-07-01, 3.9701,154992.2852,346960.7138,501952.9990,-15.1506, 13.9633, 3.0456,-18.3906,  9.6116,-0.8891,30.8778,69.1222,106.5193
2021-08-01, 4.4410,155634.2773,347091.7722,502726.0494,-13.5314, 14.5431, 4.0814,-17.2082,  9.6725,-0.3443,30.9581,69.0419,107.4018
2021-09-01, 4.5102,154063.4183,345158.8725,499222.2907,-13.0862, 13.6057, 3.7708,-16.8370,  8.7030,-0.7075,30.8607,69.1393,109.3187
2021-10-01, 4.5835,152241.8392,354927.9784,507169.8175,-12.8050, 14.6333, 4.7396,-16.6265,  9.6093, 0.1492,30.0179,69.9821,108.6993
2021-11-01, 5.2589,151081.6803,371417.5295,522499.2098,-10.7185, 17.9682, 7.9399,-15.1792, 12.0743, 2.5470,28.9152,71.0848,107.4059
2021-12-01, 5.6227,152877.3167,379398.7871,532276.1038, -8.1521, 17.9633, 9.0572,-13.0415, 11.6837, 3.2517,28.7214,71.2786,106.2913
2022-01-01, 6.9446,154238.5809,371432.3993,525670.9801, -6.3347, 17.8433, 9.5463,-12.4170, 10.1909, 2.4328,29.3413,70.6587,107.9886
2022-02-01, 8.0052,159698.2738,375373.2469,535071.5207, -2.4296, 16.7724,10.2940, -9.6614,  8.1174, 2.1192,29.8462,70.1538,108.0308
2022-03-01, 8.5279,163026.2697,376947.7294,539973.9991,  2.1003, 13.8640,10.0363, -5.9225,  4.9168, 1.3899,30.1915,69.8085,108.4684
2022-04-01, 9.2341,170648.5749,377616.9202,548265.4951,  8.4286, 13.1551,11.6404, -0.7374,  3.5895, 2.2029,31.1252,68.8748,108.7179
2022-05-01, 9.0668,176814.9681,370641.1159,547456.0840, 13.2945, 10.6486,11.4896,  3.8763,  1.4503, 2.2214,32.2976,67.7024,110.5801
2022-06-01, 9.6738,185135.3883,381199.0877,566334.4761, 18.3863, 11.4077,13.5967,  7.9440,  1.5810, 3.5769,32.6901,67.3099,108.8641
2022-07-01,10.2058,189500.3091,380226.3209,569726.6300, 22.2643,  9.5877,13.5020, 10.9418, -0.5609, 2.9909,33.2616,66.7384,109.5143
2022-08-01,10.8360,200353.2087,377032.6715,577385.8802, 28.7333,  8.6262,14.8510, 16.1476, -1.9937, 3.6225,34.7001,65.2999,109.4116
2022-09-01,11.4399,206049.2277,369120.8365,575170.0641, 33.7431,  6.9423,15.2132, 20.0137, -4.0359, 3.3860,35.8241,64.1759,111.3088
2022-10-01,12.2218,210503.1231,373158.7232,583661.8463, 38.2689,  5.1365,15.0821, 23.2104, -6.3136, 2.5489,36.0659,63.9341,111.1400
2022-11-01,12.5315,213452.6226,378780.7148,592233.3375, 41.2829,  1.9825,13.3463, 25.5497, -9.3743, 0.7241,36.0420,63.9580,110.6995
2022-12-01,13.1225,222441.4019,375624.3067,598065.7086, 45.5032, -0.9949,12.3601, 28.6245,-12.4797,-0.6740,37.1935,62.8065,110.5503
2023-01-01,13.2520,236607.3379,364735.0742,601342.4121, 53.4035, -1.8031,14.3952, 35.4532,-13.2934, 1.0095,39.3465,60.6535,109.6831
2023-02-01,13.2790,256482.7063,366137.4657,622620.1720, 60.6046, -2.4604,16.3620, 41.7778,-13.8944, 2.7216,41.1941,58.8059,106.7497
2023-03-01,13.3443,266572.6172,346467.6157,613040.2328, 63.5151, -8.0860,13.5314, 44.2641,-18.9073, 0.1651,43.4837,56.5163,108.4332
2023-04-01,12.8229,267961.8834,340495.2113,608457.0947, 57.0256, -9.8305,10.9785, 39.1788,-20.0787,-1.6347,44.0396,55.9604,109.9939
2023-05-01,12.3603,271428.7662,340620.5338,612049.3000, 53.5101, -8.0996,11.7988, 36.6231,-18.2092,-0.4997,44.3475,55.6525,109.5434
2023-06-01,12.1296,278058.4264,343675.1775,621733.6039, 50.1919, -9.8437, 9.7821, 33.9449,-19.5963,-2.0936,44.7231,55.2769,108.1663
2023-07-01,11.7849,286343.0100,338389.1289,624732.1389, 51.1042,-11.0032, 9.6547, 35.1741,-20.3857,-1.9056,45.8345,54.1655,107.3077
2023-08-01,11.4273,289713.7140,340662.1331,630375.8471, 44.6015, -9.6465, 9.1776, 29.7720,-18.9126,-2.0191,45.9589,54.0411,106.7285
2023-09-01,10.9943,290364.5214,340802.5166,631167.0379, 40.9200, -7.6718, 9.7357, 26.9614,-16.8172,-1.1339,46.0044,53.9956,106.9744
2023-10-01,10.4786,287532.3949,356639.2668,644171.6617, 36.5929, -4.4269,10.3673, 23.6374,-13.4918,-0.1008,44.6360,55.3640,104.9644
2023-11-01,10.1486,288789.1458,362575.8030,651364.9489, 35.2943, -4.2782, 9.9845, 22.8288,-13.0976,-0.1490,44.3360,55.6640,103.9183
2023-12-01, 9.2760,289663.1464,358051.9028,647715.0492, 30.2200, -4.6782, 8.3017, 19.1661,-12.7697,-0.8917,44.7208,55.2792,104.0048
2024-01-01, 8.3466,296121.8797,353872.0663,649993.9460, 25.1533, -2.9783, 8.0905, 15.5120,-10.4525,-0.2364,45.5576,54.4424,103.4433
2024-02-01, 7.7374,298610.1314,362840.0048,661450.1363, 16.4251, -0.9006, 6.2365,  8.0638, -8.0176,-1.3931,45.1448,54.8552,101.9837
2024-03-01, 7.3627,299421.3427,355810.8095,655232.1522, 12.3226,  2.6967, 6.8824,  4.6198, -4.3460,-0.4473,45.6970,54.3030,103.0699
2024-04-01, 7.1633,300142.4208,368149.2753,668291.6960, 12.0094,  8.1217, 9.8338,  4.5222,  0.8944, 2.4920,44.9119,55.0881,101.0862
2024-05-01, 7.1569,302074.1270,360313.0024,662387.1293, 11.2904,  5.7814, 8.2245,  3.8574, -1.2837, 0.9963,45.6039,54.3961,102.2593
2024-06-01, 7.1825,305174.1887,368369.9510,673544.1397,  9.7518,  7.1855, 8.3332,  2.3972,  0.0028, 1.0737,45.3087,54.6913,101.3067
2024-07-01, 6.8600,307270.3203,368464.1460,675734.4663,  7.3085,  8.8877, 8.1639,  0.4196,  1.8975, 1.2201,45.4721,54.5279,100.9054
2024-08-01, 6.1204,308042.2589,369294.3956,677336.6545,  6.3264,  8.4049, 7.4497,  0.1941,  2.1527, 1.2525,45.4785,54.5215,100.7279
2024-09-01, 5.8088,309106.8013,364216.7508,673323.5521,  6.4547,  6.8703, 6.6791,  0.6105,  1.0033, 0.8226,45.9076,54.0924,101.4960
2024-10-01, 5.4061,310032.5190,376935.1444,686967.6634,  7.8252,  5.6909, 6.6436,  2.2950,  0.2701, 1.1740,45.1306,54.8694,100.0337
2024-11-01, 5.1974,308788.4416,384890.3359,693678.7775,  6.9252,  6.1544, 6.4962,  1.6425,  0.9098, 1.2346,44.5146,55.4854,100.1123
2024-12-01, 5.2031,305403.5140,391415.5502,696819.0642,  5.4340,  9.3181, 7.5811,  0.2195,  3.9115, 2.2604,43.8282,56.1718,100.0032
2025-01-01, 5.2230,312145.4154,378237.4716,690382.8871,  5.4111,  6.8854, 6.2137,  0.1788,  1.5799, 0.9416,45.2134,54.7866,100.7146
2025-02-01, 5.2766,319269.6500,383195.4058,702465.0558,  6.9186,  5.6100, 6.2008,  1.5597,  0.3167, 0.8778,45.4499,54.5501, 99.7954
2025-03-01, 5.0900,325320.4609,390459.1614,715779.6223,  8.6497,  9.7379, 9.2406,  3.3873,  4.4227, 3.9496,45.4498,54.5502, 98.3076
2025-04-01, 5.1623,328629.9843,399847.2417,728477.2259,  9.4913,  8.6101, 9.0059,  4.1166,  3.2785, 3.6549,45.1119,54.8881, 97.0504
2025-05-01, 5.0521,334142.0280,389838.0341,723980.0621, 10.6159,  8.1943, 9.2986,  5.2962,  2.9911, 4.0423,46.1535,53.8465, 98.4469
2025-06-01, 4.8201,334946.8604,401597.9174,736544.7777,  9.7560,  9.0203, 9.3536,  4.7089,  4.0071, 4.3251,45.4754,54.5246, 97.2400
2025-07-01, 4.9005,337890.4777,403778.8966,741669.3743,  9.9652,  9.5843, 9.7575,  4.8281,  4.4650, 4.6301,45.5581,54.4419, 97.1422
2025-08-01, 5.0956,339785.8107,404969.7101,744755.5208, 10.3049,  9.6604, 9.9535,  4.9568,  4.3435, 4.6224,45.6238,54.3762, 97.1876
2025-09-01, 5.1767,337967.6832,402671.4837,740639.1669,  9.3369, 10.5582, 9.9975,  3.9554,  5.1166, 4.5835,45.6319,54.3681, 98.2825
2025-10-01, 5.5122,338703.3173,410544.5692,749247.8865,  9.2477,  8.9165, 9.0660,  3.5403,  3.2264, 3.3681,45.2058,54.7942, 97.7362
2025-11-01, 5.3011,334116.7044,423734.8864,757851.5908,  8.2025, 10.0924, 9.2511,  2.7553,  4.5501, 3.7512,44.0874,55.9126, 97.8788
2025-12-01, 5.0999,332958.8489,431857.5498,764816.3987,  9.0226, 10.3322, 9.7582,  3.7324,  4.9785, 4.4323,43.5345,56.4655, 97.9956
2026-01-01, 5.3536,337305.9296,429826.5850,767132.5146,  8.0605, 13.6393,11.1170,  2.5694,  7.8647, 5.4705,43.9697,56.0303, 98.2258
