fecha,inflacion,bruta_total,bruta_comercial,bruta_corporativo,bruta_leasing,bruta_oficial_o_gobierno,bruta_pymes,bruta_construccion,bruta_moneda_extranjera,bruta_empresarial,bruta_microempresa,bruta_finan_e_institucional,bruta_factoring,vencida_total,vencida_comercial,vencida_corporativo,vencida_leasing,vencida_oficial_o_gobierno,vencida_pymes,vencida_construccion,vencida_moneda_extranjera,vencida_empresarial,vencida_microempresa,vencida_finan_e_institucional,vencida_factoring,gr_bruta_total,gr_bruta_comercial,gr_bruta_corporativo,gr_bruta_leasing,gr_bruta_oficial_o_gobierno,gr_bruta_pymes,gr_bruta_construccion,gr_bruta_moneda_extranjera,gr_bruta_empresarial,gr_bruta_microempresa,gr_bruta_finan_e_institucional,gr_bruta_factoring,gr_vencida_total,gr_vencida_comercial,gr_vencida_corporativo,gr_vencida_leasing,gr_vencida_oficial_o_gobierno,gr_vencida_pymes,gr_vencida_construccion,gr_vencida_moneda_extranjera,gr_vencida_empresarial,gr_vencida_microempresa,gr_vencida_finan_e_institucional,gr_vencida_factoring,rgr_bruta_total,rgr_bruta_comercial,rgr_bruta_corporativo,rgr_bruta_leasing,rgr_bruta_oficial_o_gobierno,rgr_bruta_pymes,rgr_bruta_construccion,rgr_bruta_moneda_extranjera,rgr_bruta_empresarial,rgr_bruta_microempresa,rgr_bruta_finan_e_institucional,rgr_bruta_factoring,rgr_vencida_total,rgr_vencida_comercial,rgr_vencida_corporativo,rgr_vencida_leasing,rgr_vencida_oficial_o_gobierno,rgr_vencida_pymes,rgr_vencida_construccion,rgr_vencida_moneda_extranjera,rgr_vencida_empresarial,rgr_vencida_microempresa,rgr_vencida_finan_e_institucional,rgr_vencida_factoring,npl_corporativo,npl_leasing,npl_oficial_o_gobierno,npl_pymes,npl_construccion,npl_moneda_extranjera,npl_empresarial,npl_microempresa,npl_finan_e_institucional,npl_factoring
2015-01-01, 3.8207,329380.8053,193825.1942, 56089.1519,23444.1156,14567.9084,25211.8816,10952.8181,26851.3851,16031.5134,13118.2715, 5458.5100,2099.6386,11282.9705, 4490.3341, 515.9390, 652.4151, 15.8527,1234.6378, 210.2017, 239.3053, 586.3614,1012.3226, 11.1634, 12.1351,,,,,,,,,,,,,,,,,,,,,,,,,,,,,,,,,,,,,,,,,,,,,,,,,0.9199,2.7829,0.1088, 4.8970,1.9192,0.8912,3.6576, 7.7169,0.2045,0.5780
2015-02-01, 4.3560,334196.9318,196304.4975, 57305.1566,22776.0846,14645.7957,25584.8816,11245.3413,27479.2922,16501.1571,13070.9946, 5582.1947,2113.5990,11345.3807, 4496.5412, 484.3255, 595.2883, 21.1003,1244.1058, 214.5117, 252.2404, 627.1047,1031.7714, 11.0837, 15.0095,,,,,,,,,,,,,,,,,,,,,,,,,,,,,,,,,,,,,,,,,,,,,,,,,0.8452,2.6137,0.1441, 4.8627,1.9076,0.9179,3.8004, 7.8936,0.1986,0.7101
2015-03-01, 4.5552,339422.2683,199455.7871, 57295.2310,23732.8504,15092.4279,25901.0343,11500.8249,28045.1751,16932.4279,13086.9571, 5592.2011,2276.6575,11421.7059, 4610.8367, 439.2980, 662.0454, 18.1836,1294.7462, 218.9908, 286.4360, 619.7376,1033.2704, 25.3024, 12.8263,,,,,,,,,,,,,,,,,,,,,,,,,,,,,,,,,,,,,,,,,,,,,,,,,0.7667,2.7896,0.1205, 4.9988,1.9041,1.0213,3.6601, 7.8954,0.4525,0.5634
2015-04-01, 4.6378,340724.4040,199410.5945, 60107.9600,23984.1300,14245.3644,26173.6790,11834.5986,25276.5498,17076.2693,12826.8876, 5634.8443,2250.3114,11875.0684, 4678.5481, 413.8924, 715.1899, 20.3224,1370.8488, 226.8509, 207.2439, 668.4064,1031.9664, 11.1235, 12.7035,,,,,,,,,,,,,,,,,,,,,,,,,,,,,,,,,,,,,,,,,,,,,,,,,0.6886,2.9819,0.1427, 5.2375,1.9168,0.8199,3.9142, 8.0453,0.1974,0.5645
2015-05-01, 4.4080,346790.8980,203806.2561, 61449.3650,24142.8247,14438.6223,26683.1455,12192.7404,27036.4941,17153.5514,12777.6204, 5622.6463,2309.2462,12129.4856, 4712.8712, 464.2321, 771.0223, 17.9612,1359.3786, 214.0799, 200.6405, 612.2907,1048.1122, 10.7377, 14.4159,,,,,,,,,,,,,,,,,,,,,,,,,,,,,,,,,,,,,,,,,,,,,,,,,0.7555,3.1936,0.1244, 5.0945,1.7558,0.7421,3.5695, 8.2027,0.1910,0.6243
2015-06-01, 4.4203,351808.3886,207117.9083, 62195.6788,24408.6725,14452.7305,27147.6206,12598.5733,28392.7011,17320.1594,12299.9738, 5826.5051,2475.2933,12352.7300, 4806.0405, 491.9439, 790.6492, 17.4981,1437.2044, 231.2452, 207.7663, 593.0886,1010.7016, 10.7520, 15.1912,,,,,,,,,,,,,,,,,,,,,,,,,,,,,,,,,,,,,,,,,,,,,,,,,0.7910,3.2392,0.1211, 5.2940,1.8355,0.7318,3.4243, 8.2171,0.1845,0.6137
2015-07-01, 4.4557,357160.3173,210942.9612, 62483.6126,24599.8788,14545.4214,27384.7074,13014.5276,30662.2492,17425.5517,12494.3280, 5956.2244,2376.4601,12169.8987, 4906.4089, 578.5079, 755.4994, 19.3789,1412.5057, 244.2412, 243.6451, 611.6477,1016.7873, 10.4368, 13.7590,,,,,,,,,,,,,,,,,,,,,,,,,,,,,,,,,,,,,,,,,,,,,,,,,0.9259,3.0712,0.1332, 5.1580,1.8767,0.7946,3.5101, 8.1380,0.1752,0.5790
2015-08-01, 4.7443,365425.4512,217746.1473, 66390.9214,24909.3452,14762.3903,27422.8225,13227.1592,32738.6111,17469.1769,12398.8549, 6020.2424,2406.6235,12490.9325, 5055.6275, 671.2200, 773.8347, 13.5949,1469.5762, 219.3098, 258.0943, 628.3743, 993.8966, 10.4400, 17.2866,,,,,,,,,,,,,,,,,,,,,,,,,,,,,,,,,,,,,,,,,,,,,,,,,1.0110,3.1066,0.0921, 5.3590,1.6580,0.7883,3.5970, 8.0160,0.1734,0.7183
2015-09-01, 5.3507,367407.0694,217904.8812, 66127.9074,25151.2236,15158.1094,27882.9891,13464.7847,31412.4799,17421.9860,12490.4321, 6262.9865,2531.9825,12475.9669, 5136.8514, 627.8797, 809.2264, 15.6260,1515.0330, 217.1175, 302.2704, 628.3653, 996.0071, 10.4307, 14.8951,,,,,,,,,,,,,,,,,,,,,,,,,,,,,,,,,,,,,,,,,,,,,,,,,0.9495,3.2174,0.1031, 5.4335,1.6125,0.9623,3.6067, 7.9742,0.1665,0.5883
2015-10-01, 5.8948,369874.1708,219133.3084, 67550.0834,25586.7650,15190.5722,28154.6861,13861.5958,28937.4200,17547.0078,12690.0839, 7051.4929,2563.6012,12442.8618, 4996.9158, 619.6055, 781.6024, 14.9870,1472.7206, 213.9809, 279.1505, 612.0153, 975.0037, 10.4175, 17.4323,,,,,,,,,,,,,,,,,,,,,,,,,,,,,,,,,,,,,,,,,,,,,,,,,0.9173,3.0547,0.0987, 5.2308,1.5437,0.9647,3.4879, 7.6832,0.1477,0.6800
2015-11-01, 6.3931,375834.6122,223025.9592, 67796.6458,25997.7263,15749.8167,28381.0955,14054.2417,30999.7205,17591.9408,12643.3006, 7057.9559,2753.5154,12966.1768, 5201.4050, 677.5138, 763.5759, 14.6625,1672.0052, 238.7433, 304.1536, 590.9908, 904.7268, 14.2886, 20.7444,,,,,,,,,,,,,,,,,,,,,,,,,,,,,,,,,,,,,,,,,,,,,,,,,0.9993,2.9371,0.0931, 5.8913,1.6987,0.9811,3.3594, 7.1558,0.2024,0.7534
2015-12-01, 6.7691,377193.8127,222896.6740, 66926.9309,26409.5830,16740.2302,28455.6672,14337.0025,29758.7353,17378.6574,12393.7324, 7192.0550,3304.0803,12125.1587, 4798.5461, 591.4938, 691.7274, 17.9437,1593.1587, 194.8560, 296.9143, 508.6096, 866.5929, 10.5066, 26.7432,,,,,,,,,,,,,,,,,,,,,,,,,,,,,,,,,,,,,,,,,,,,,,,,,0.8838,2.6192,0.1072, 5.5987,1.3591,0.9977,2.9266, 6.9922,0.1461,0.8094
2016-01-01, 7.4547,379547.1332,224784.8210, 68144.2901,26823.3746,16484.3412,27283.7783,14440.8550,31263.2740,17453.6668,13378.1362, 6956.8733,2556.2313,13102.0078, 5413.1239, 839.5381, 795.7661, 43.1323,1400.9294, 218.5645, 348.2176, 546.5361,1175.0188, 15.4258, 29.9950,15.2305,15.9730,21.4928,14.4141, 13.1552, 8.2179,31.8460, 16.4308, 8.8710,  1.9809, 27.4500, 21.7463, 16.1220, 20.5506, 62.7204, 21.9723, 172.0817, 13.4689,  3.9785, 45.5119, -6.7919, 16.0716,  38.1822,147.1753, 7.2363, 7.9273,13.0642, 6.4766,  5.3050,  0.7103,22.6991,  8.3533,  1.3180, -5.0941, 18.6081, 13.3000,  8.0659, 12.1873, 51.4316, 13.5104, 153.2058,  5.5969, -3.2351, 35.4169,-13.2583,  8.0190,  28.5958,130.0273,1.2320,2.9667,0.2617, 5.1347,1.5135,1.1138,3.1314, 8.7831,0.2217,1.1734
2016-02-01, 7.5929,384011.2000,227899.4768, 68959.3992,26898.2934,17854.5445,28477.6085,14649.5503,31322.2863,17885.6605,12324.1292, 7012.7666,2515.2384,13372.0101, 5465.3204, 694.6057, 851.6846, 48.9366,1757.7251, 234.0136, 408.8339, 503.6348, 914.6185, 17.5847, 33.6829,14.9057,16.0949,20.3372,18.0988, 21.9090,11.3064,30.2722, 13.9851, 8.3903, -5.7139, 25.6274, 19.0026, 17.8630, 21.5450, 43.4171, 43.0710, 131.9232, 41.2842,  9.0913, 62.0811,-19.6889,-11.3545,  58.6536,124.4115, 6.7967, 7.9020,11.8449, 9.7646, 13.3059,  3.4515,21.0788,  5.9411,  0.7412,-12.3677, 16.7619, 10.6046,  9.5454, 12.9675, 33.2961, 32.9744, 115.5563, 31.3137,  1.3927, 50.6430,-25.3565,-17.6103,  47.4574,108.5747,1.0073,3.1663,0.2741, 6.1723,1.5974,1.3052,2.8159, 7.4214,0.2508,1.3392
2016-03-01, 7.9756,383789.1197,226458.8129, 70228.0520,27126.7583,18026.1438,28551.1267,15056.5992,27557.7285,17752.6467,12624.0246, 6990.4219,2545.3112,13735.1344, 5558.6364, 761.3860, 889.5392, 49.6016,1815.3431, 227.2502, 304.3857, 530.7596, 947.8639, 17.4980, 15.0090,13.0713,13.5384,22.5722,14.3005, 19.4383,10.2316,30.9176, -1.7381, 4.8441, -3.5374, 25.0030, 11.8004, 20.2547, 20.5559, 73.3188, 34.3623, 172.7821, 40.2084,  3.7716,  6.2666,-14.3574, -8.2656, -30.8446, 17.0171, 4.7193, 5.1518,13.5184, 5.8576, 10.6160,  2.0893,21.2473, -8.9962, -2.9002,-10.6626, 15.7697,  3.5422, 11.3720, 11.6510, 60.5166, 24.4376, 152.6330, 29.8519, -3.8935, -1.5828,-20.6834,-15.0416, -35.9528,  8.3736,1.0842,3.2792,0.2752, 6.3582,1.5093,1.1045,2.9897, 7.5084,0.2503,0.5897
2016-04-01, 7.9316,386011.6377,226811.8283, 71634.6498,27304.4749,17948.8171,28266.6597,15250.2555,26285.0730,18324.8514,12202.1476, 7025.0659,2569.8333,14039.6594, 5670.8988, 827.1766, 827.5851, 23.9395,1704.0184, 247.5024, 301.2639, 779.3627, 925.7997, 15.5787, 18.6719,13.2915,13.7411,19.1766,13.8439, 25.9976, 7.9965,28.8616,  3.9900, 7.3118, -4.8705, 24.6719, 14.1990, 18.2280, 21.2107, 99.8530, 15.7154,  17.7985, 24.3039,  9.1036, 45.3668, 16.6001,-10.2878,  40.0515, 46.9826, 4.9660, 5.3826,10.4187, 5.4778, 16.7384,  0.0601,19.3919, -3.6520, -0.5743,-11.8614, 15.5101,  5.8068,  9.5398, 12.3032, 85.1664,  7.2118,   9.1418, 15.1691,  1.0858, 34.6842,  8.0315,-16.8805,  29.7595, 36.1812,1.1547,3.0310,0.1334, 6.0284,1.6229,1.1461,4.2530, 7.5872,0.2218,0.7266
2016-05-01, 8.1972,391573.5746,230371.5779, 72871.0863,26999.0635,17809.6815,28817.3569,15552.1612,28211.6923,18163.1701,12159.0653, 7018.5310,2769.7698,14262.3630, 5639.0025, 701.3798, 842.7990, 27.4110,1784.7776, 307.0778, 410.0482, 584.6315, 917.1873, 48.0021, 15.6882,12.9135,13.0346,18.5872,11.8306, 23.3475, 7.9984,27.5526,  4.3467, 5.8858, -4.8409, 24.8261, 19.9426, 17.5842, 19.6511, 51.0839,  9.3093,  52.6119, 31.2936, 43.4408,104.3696, -4.5173,-12.4915, 347.0426,  8.8255, 4.3589, 4.4709, 9.6028, 3.3581, 14.0025, -0.1838,17.8890, -3.5588, -2.1363,-12.0503, 15.3691, 10.8555,  8.6758, 10.5861, 39.6375,  1.0278,  41.0498, 21.3466, 32.5734, 88.8862,-11.7513,-19.1213, 313.1739,  0.5807,0.9625,3.1216,0.1539, 6.1934,1.9745,1.4535,3.2188, 7.5432,0.6839,0.5664
2016-06-01, 8.6022,393341.3221,229924.3989, 73589.6975,27130.0979,17850.7627,29152.5941,15512.9502,26351.3499,18043.9917,12594.5028, 6887.7009,2810.7511,13751.4313, 5180.8970, 586.1310, 842.9687, 22.7513,1713.8758, 186.1712, 286.8810, 546.9947, 915.7878, 66.1660, 13.1695,11.8056,11.0114,18.3196,11.1494, 23.5114, 7.3854,23.1326, -7.1897, 4.1791,  2.3945, 18.2132, 13.5522, 11.3230,  7.7997, 19.1459,  6.6173,  30.0219, 19.2507,-19.4919, 38.0787, -7.7718, -9.3909, 515.3833,-13.3085, 2.9496, 2.2183, 8.9477, 2.3455, 13.7282, -1.1204,13.3795,-14.5410, -4.0727, -5.7159,  8.8498,  4.5580,  2.5053, -0.7389,  9.7086, -1.8277,  19.7231,  9.8050,-25.8688, 27.1417,-15.0771,-16.5679, 466.6398,-20.1751,0.7965,3.1071,0.1275, 5.8790,1.2001,1.0887,3.0315, 7.2713,0.9606,0.4685
2016-07-01, 8.9650,397225.6559,232238.8503, 71178.7046,27303.9698,17750.4512,29880.9864,15913.3312,27788.4454,18764.2774,13817.2150, 7018.3935,2823.0757,14728.0866, 5811.6451, 672.8283, 927.3889, 26.2240,1776.8674, 190.3853, 546.1006, 652.6125, 963.7747, 38.2027, 17.2607,11.2177,10.0956,13.9158,10.9923, 22.0346, 9.1156,22.2736, -9.3724, 7.6825, 10.5879, 17.8329, 18.7933, 21.0206, 18.4501, 16.3041, 22.7518,  35.3226, 25.7954,-22.0503,124.1377,  6.6975, -5.2137, 266.0382, 25.4506, 2.0674, 1.0375, 4.5434, 1.8605, 11.9943,  0.1382,12.2136,-16.8288, -1.1770,  1.4893,  8.1383,  9.0196, 11.0637,  8.7047,  6.7352, 12.6524,  24.1890, 15.4457,-28.4636,105.6969, -2.0810,-13.0122, 235.9226, 15.1292,0.9453,3.3965,0.1477, 5.9465,1.1964,1.9652,3.4780, 6.9752,0.5443,0.6114
2016-08-01, 8.0976,398893.3736,231830.5268, 73564.0760,27327.2269,17647.1848,29987.4704,15909.6841,26901.6437,18533.6389,12044.4919, 7251.3271,2663.7831,14713.4765, 5825.5801, 763.9028, 824.9286, 26.1533,1831.6022, 168.3467, 519.7860, 675.8487, 959.1712, 38.6329, 17.2077, 9.1586, 6.4683,10.8044, 9.7067, 19.5415, 9.3522,20.2804,-17.8290, 6.0934, -2.8580, 20.4491, 10.6855, 17.7933, 15.2296, 13.8081,  6.6027,  92.3753, 24.6347,-23.2380,101.3938,  7.5551, -3.4939, 270.0454, -0.4565, 0.9816,-1.5073, 2.5041, 1.4886, 10.5867,  1.1607,11.2702,-23.9844, -1.8541,-10.1349, 11.4263,  2.3941,  8.9694,  6.5978,  5.2828, -1.3829,  77.9646, 15.2984,-28.9882, 86.3074, -0.5018,-10.7231, 242.3253, -7.9133,1.0384,3.0187,0.1482, 6.1079,1.0581,1.9322,3.6466, 7.9636,0.5328,0.6460
2016-09-01, 7.2729,400344.6185,231704.4772, 74929.4608,27527.9357,17042.9324,29672.9641,16176.5842,26221.8839,18077.4730,12643.9283, 6708.6317,2702.6833,14798.8557, 5789.8033, 759.7090, 794.4415, 21.4205,1846.5456, 296.5014, 418.6694, 587.4680,1008.7137, 38.5356, 17.7985, 8.9649, 6.3329,13.3099, 9.4497, 12.4344, 6.4196,20.1399,-16.5240, 3.7624,  1.2289,  7.1155,  6.7418, 18.6189, 12.7111, 20.9959, -1.8270,  37.0826, 21.8815, 36.5626, 38.5082, -6.5085,  1.2758, 269.4451, 19.4923, 1.5773,-0.8763, 5.6277, 2.0293,  4.8116, -0.7954,11.9947,-22.1835, -3.2724, -5.6342, -0.1466, -0.4951, 10.5768,  5.0696, 12.7927, -8.4829,  27.7887, 13.6183, 27.3040, 29.1177,-12.8470, -5.5905, 244.3976, 11.3910,1.0139,2.8859,0.1257, 6.2230,1.8329,1.5966,3.2497, 7.9779,0.5744,0.6586
2016-10-01, 6.4823,402538.3136,231917.9512, 75824.7305,28878.1537,16028.6014,29446.2640,16360.8705,27890.5644,17703.7362,12178.5156, 4693.4260,2913.0889,15561.4901, 6179.5022, 861.7757, 953.7207, 23.7239,1889.1212, 304.3902, 433.1378, 708.3125, 974.9497,  9.4513, 20.9192, 8.8311, 5.8342,12.2496,12.8636,  5.5168, 4.5874,18.0302, -3.6177, 0.8932, -4.0312,-33.4407, 13.6327, 25.0636, 23.6663, 39.0846, 22.0212,  58.2971, 28.2742, 42.2511, 55.1628, 15.7344, -0.0055,  -9.2749, 20.0023, 2.2059,-0.6086, 5.4163, 5.9929, -0.9067, -1.7795,10.8449, -9.4851, -5.2488, -9.8735,-37.4926,  6.7151, 17.4502, 16.1380, 30.6176, 14.5930,  48.6605, 20.4654, 33.5914, 45.7171,  8.6889, -6.0929, -14.7980, 12.6969,1.1365,3.3026,0.1480, 6.4155,1.8605,1.5530,4.0009, 8.0055,0.2014,0.7181
2016-11-01, 5.9625,406887.3891,234036.8070, 74854.0451,28987.5341,15989.5589,30059.2440,16627.1021,28849.8683,18160.6472,12536.7058, 4775.5925,3196.5091,15914.1798, 6171.2678, 827.5963, 966.8384, 28.8712,1870.5186, 331.3359, 439.1595, 641.7797,1030.3510,  9.8494, 24.9679, 8.2624, 4.9370,10.4097,11.5003,  1.5222, 5.9129,18.3066, -6.9351, 3.2328, -0.8431,-32.3375, 16.0883, 22.7361, 18.6462, 22.1519, 26.6198,  96.9046, 11.8728, 38.7833, 44.3874,  8.5938, 13.8853, -31.0681, 20.3594, 2.1704,-0.9678, 4.1969, 5.2262, -4.1905, -0.0468,11.6495,-12.1718, -2.5761, -6.4226,-36.1448,  9.5560, 15.8297, 11.9700, 15.2785, 19.4949,  85.8248,  5.5777, 30.9740, 36.2627,  2.4833,  7.4770, -34.9469, 13.5868,1.1056,3.3354,0.1806, 6.2228,1.9927,1.5222,3.5339, 8.2187,0.2062,0.7811
2016-12-01, 5.7474,406745.4034,231946.3721, 73225.7885,29290.7039,16025.1232,29993.9776,17251.9802,26783.6185,17790.3529,12968.7333, 4808.7472,3807.3467,14612.6541, 5392.1586, 671.7013, 839.7617, 24.5951,1748.4985, 199.0049, 395.3523, 530.8853, 949.9377, 10.4624, 21.9594, 7.8346, 4.0600, 9.4115,10.9094, -4.2718, 5.4060,20.3318, -9.9975, 2.3690,  4.6394,-33.1381, 15.2317, 20.5152, 12.3707, 13.5602, 21.4007,  37.0684,  9.7504,  2.1292, 33.1537,  4.3797,  9.6175,  -0.4202,-17.8880, 1.9737,-1.5957, 3.4650, 4.8814, -9.4746, -0.3229,13.7918,-14.8891, -3.1948, -1.0477,-36.7720,  8.9688, 13.9651,  6.2633,  7.3881, 14.8025,  29.6187,  3.7855, -3.4216, 25.9167, -1.2933,  3.6598,  -5.8324,-22.3508,0.9173,2.8670,0.1535, 5.8295,1.1535,1.4761,2.9841, 7.3248,0.2176,0.5768
2017-01-01, 5.4692,405034.0892,229539.3023, 71812.1986,29366.8319,16183.4428,30038.0761,17224.6621,25534.0958,18728.0501,12903.7143, 4758.3338,2989.8969,17058.6239, 7250.6922,1439.8279, 953.2807, 31.1168,2023.4998, 221.9465, 618.4663, 980.4114, 954.4019,  3.4373, 24.3036, 6.7151, 2.1151, 5.3826, 9.4822, -1.8254,10.0950,19.2773,-18.3256, 7.3015, -3.5462,-31.6024, 16.9650, 30.1985, 33.9465, 71.5024, 19.7941, -27.8573, 44.4398,  1.5474, 77.6091, 79.3864,-18.7756, -77.7174,-18.9746, 1.1813,-3.1801,-0.0821, 3.8050, -6.9163,  4.3859,13.0921,-22.5609,  1.7373, -8.5479,-35.1492, 10.8997, 23.4470, 27.0006, 62.6090, 13.5821, -31.5983, 36.9498, -3.7184, 68.3991, 70.0842,-22.9876, -78.8729,-23.1763,2.0050,3.2461,0.1923, 6.7364,1.2885,2.4221,5.2350, 7.3963,0.0722,0.8129
2017-02-01, 5.1840,408882.0412,231891.7278, 73315.9794,29426.9201,16049.0744,30219.2293,17368.9826,26014.5144,19167.0250,12717.7230, 4857.0476,2755.2321,17467.3738, 7354.8685,1193.3864,1026.3434, 34.7638,2090.1727, 315.2179, 636.4121,1011.1587,1016.8630,  5.3417, 25.2088, 6.4766, 1.7518, 6.3176, 9.4007,-10.1121, 6.1158,18.5632,-16.9457, 7.1642,  3.1937,-30.7399,  9.5416, 30.6264, 34.5734, 71.8077, 20.5075, -28.9615, 18.9135, 34.7007, 55.6652,100.7722, 11.1789, -69.6229,-25.1587, 1.2289,-3.2631, 1.0778, 4.0089,-14.5422,  0.8859,12.7199,-21.0390,  1.8826, -1.8922,-34.1534,  4.1428, 24.1885, 27.9410, 63.3402, 14.5683, -32.4626, 13.0529, 28.0620, 47.9933, 90.8772,  5.6995, -71.1200,-28.8472,1.6277,3.4878,0.2166, 6.9167,1.8148,2.4464,5.2755, 7.9956,0.1100,0.9149
2017-03-01, 4.6861,411228.6572,232931.0209, 73057.0980,29486.2295,15806.1772,30874.2894,17560.3127,25816.7809,19644.1412,12909.5945, 4956.3150,2820.0825,18230.2553, 7826.9452,2074.0682,1024.3715, 53.8226,2227.3097, 300.1726, 421.8467, 652.4146,1043.5798,  3.5227, 25.8369, 7.1496, 2.8580, 4.0284, 8.6979,-12.3153, 8.1369,16.6287, -6.3175,10.6547,  2.2621,-29.0985, 10.7952, 32.7272, 40.8069,172.4069, 15.1575,   8.5098, 22.6936, 32.0890, 38.5895, 22.9209, 10.0981, -79.8682, 72.1435, 2.3533,-1.7462,-0.6282, 3.8323,-16.2403,  3.2963,11.4080,-10.5110,  5.7015, -2.3154,-32.2722,  5.8357, 26.7859, 34.5040,160.2132, 10.0028,   3.6525, 17.2015, 26.1763, 32.3858, 17.4186,  5.1697, -80.7693, 64.4379,2.8390,3.4741,0.3405, 7.2141,1.7094,1.6340,3.3212, 8.0838,0.0711,0.9162
2017-04-01, 4.6627,414573.1293,235004.9401, 74439.6368,29847.6702,15764.1415,30029.4555,17793.2530,26859.9676,19768.2579,12967.7082, 4743.4378,2791.4117,19499.2050, 8366.2295,2291.0027,1161.3570, 52.6614,2372.7354, 271.8695, 413.4249, 687.1170,1085.6626,  3.2791, 27.1199, 7.3991, 3.6123, 3.9157, 9.3142,-12.1717, 6.2363,16.6751,  2.1872, 7.8768,  6.2740,-32.4784,  8.6223, 38.8866, 47.5292,176.9666, 40.3308, 119.9770, 39.2435,  9.8452, 37.2302,-11.8360, 17.2675, -78.9512, 45.2442, 2.6145,-1.0037,-0.7138, 4.4442,-16.0845,  1.5035,11.4772, -2.3653,  3.0708,  1.5395,-35.4865,  3.7831, 32.6992, 40.9567,164.6277, 34.0791, 110.1770, 33.0402,  4.9516, 31.1165,-15.7638, 12.0432, -79.8889, 38.7735,3.0777,3.8909,0.3341, 7.9014,1.5279,1.5392,3.4759, 8.3720,0.0691,0.9715
2017-05-01, 4.3665,417543.1465,236104.6025, 75821.3426,29946.2550,15590.1297,29332.2419,18371.6822,27000.7958,19968.6411,12369.9222, 4754.0580,2949.5339,19880.5845, 8508.5988,2287.7724,1210.9740, 53.1792,2426.3639, 300.1835, 434.0343, 716.8866,1051.9345,  1.4961, 25.7743, 6.6321, 2.4886, 4.0486,10.9159,-12.4626, 1.7867,18.1294, -4.2922, 9.9403,  1.7342,-32.2642,  6.4902, 39.3919, 50.8884,226.1817, 43.6848,  94.0070, 35.9477, -2.2451,  5.8496, 22.6220, 14.6913, -96.8833, 64.2908, 2.1708,-1.7994,-0.3046, 6.2754,-16.1250, -2.4719,13.1871, -8.2964,  5.3406, -2.5222,-35.0982,  2.0348, 33.5600, 44.5754,212.5348, 37.6733,  85.8901, 30.2599, -6.3350,  1.4210, 17.4917,  9.8929, -97.0137, 57.4172,3.0173,4.0438,0.3411, 8.2720,1.6339,1.6075,3.5901, 8.5040,0.0315,0.8738
2017-06-01, 3.9874,421539.6573,238805.7144, 76046.6489,30077.0021,15633.1523,29805.2038,18841.8850,28061.9237,19993.5935,12042.3763, 4766.4350,3537.4937,20160.9894, 8573.5946,2232.9742,1233.8779, 50.9988,2514.0740, 304.4597, 406.8085, 728.5756,1074.2226,  1.5438, 26.0596, 7.1689, 3.8627, 3.3387,10.8621,-12.4231, 2.2386,21.4591,  6.4914,10.8047, -4.3839,-30.7979, 25.8558, 46.6101, 65.4848,280.9684, 46.3729, 124.1571, 46.6894, 63.5375, 41.8039, 33.1961, 17.3004, -97.6668, 97.8788, 3.0596,-0.1199,-0.6238, 6.6111,-15.7812, -1.6817,16.8017,  2.4080,  6.5559, -8.0502,-33.4514, 21.0299, 40.9884, 59.1393,266.3603, 40.7603, 115.5618, 41.0646, 57.2667, 36.3665, 28.0887, 12.8025, -97.7563, 90.2911,2.9363,4.1024,0.3262, 8.4350,1.6159,1.4497,3.6440, 8.9204,0.0324,0.7367
2017-07-01, 3.3965,421906.7179,237741.2430, 75096.0787,30115.9352,15762.5037,29916.7938,19100.7491,27485.4881,19978.5665,12386.4097, 4786.3931,3112.3253,20789.9802, 8945.0369,2244.3600,1291.3827, 49.0649,2609.9547, 355.7433, 399.7675, 791.9104,1170.6405,  1.5789, 30.6341, 6.2134, 2.3693, 5.5036,10.2987,-11.1994, 0.1198,20.0299, -1.0902, 6.4713,-10.3552,-31.8022, 10.2459, 41.1587, 53.9157,233.5710, 39.2493,  87.0996, 46.8852, 86.8544,-26.7960, 21.3446, 21.4641, -95.8669, 77.4784, 2.7243,-0.9935, 2.0378, 6.6755,-14.1165, -3.1691,16.0869, -4.3394,  2.9737,-13.3000,-34.0424,  6.6244, 36.5217, 48.8597,222.6133, 34.6750,  80.9534, 42.0600, 80.7163,-29.2007, 17.3585, 17.4741, -96.0027, 71.6483,2.9887,4.2880,0.3113, 8.7240,1.8625,1.4545,3.9638, 9.4510,0.0330,0.9843
2017-08-01, 3.8737,422798.5050,237049.1985, 74693.8981,30288.8047,16080.4587,29936.4070,19226.9598,26841.2147,19682.7398,12440.9580, 4704.6453,3153.1125,20972.9398, 9107.3197,2368.7094,1279.2258, 49.3014,2604.6696, 367.7910, 466.7162, 773.1648,1167.0225,  2.7397, 27.9793, 5.9929, 2.2511, 1.5358,10.8375, -8.8781,-0.1703,20.8507, -0.2246, 6.2001,  3.2917,-35.1202, 18.3697, 42.5424, 56.3333,210.0799, 55.0711,  88.5096, 42.2072,118.4724,-10.2099, 14.3991, 21.6699, -92.9084, 62.5975, 2.0402,-1.5621,-2.2506, 6.7041,-12.2762, -3.8931,16.3439, -3.9455,  2.2397, -0.5603,-37.5397, 13.9555, 37.2267, 50.5033,198.5164, 49.2882,  81.4797, 36.9040,110.3251,-13.5584, 10.1329, 17.1326, -93.1728, 56.5339,3.1712,4.2234,0.3066, 8.7007,1.9129,1.7388,3.9281, 9.3805,0.0582,0.8874
2017-09-01, 3.9704,426023.9334,238496.8586, 75280.7365,30892.4468,15972.7417,30079.6180,19368.4342,26490.2993,19678.8956,12427.1501, 4861.3761,3445.1603,21323.5605, 9242.2619,2412.8236,1363.1587, 50.3042,2633.0607, 418.7026, 454.4431, 716.7235,1163.3287,  3.4419, 26.2751, 6.4143, 2.9315, 0.4688,12.2222, -6.2794, 1.3705,19.7313,  1.0236, 8.8587, -1.7145,-27.5355, 27.4718, 44.0893, 59.6300,217.5984, 71.5870, 134.8414, 42.5939, 41.2144,  8.5446, 22.0021, 15.3279, -91.0682, 47.6250, 2.3505,-0.9993,-3.3679, 7.9366, -9.8584, -2.5007,15.1590, -2.8343,  4.7016, -5.4678,-30.3028, 22.6040, 38.5868, 53.5340,205.4699, 65.0345, 125.8733, 37.1485, 35.8217,  4.3995, 17.3431, 10.9238, -91.4093, 41.9875,3.2051,4.4126,0.3149, 8.7536,2.1618,1.7155,3.6421, 9.3612,0.0708,0.7627
2017-10-01, 4.0501,427740.0806,238675.5983, 72787.1522,30993.7706,16173.2995,30662.8966,19273.5558,26929.2421,20147.5441,13449.9227, 4795.8432,3462.3717,21380.4485, 9176.1021,2336.3699,1362.6289, 48.5909,2633.5008, 372.1298, 418.8786, 755.6505,1215.4386,  2.3462, 30.5679, 6.2607, 2.9138,-4.0061, 7.3260,  0.9027, 4.1317,17.8028, -3.4468,13.8039, 10.4398,  2.1821, 18.8557, 37.3933, 48.4926,171.1111, 42.8750, 104.8181, 39.4035, 22.2542, -3.2921,  6.6832, 24.6668, -75.1762, 46.1238, 2.1245,-1.0921,-7.7426, 3.1484, -3.0249,  0.0784,13.2173, -7.2051,  9.3741,  6.1409, -1.7953, 14.2292, 32.0453, 42.7125,160.5582, 37.3137,  96.8456, 33.9772, 17.4955, -7.0564,  2.5306, 19.8142, -76.1424, 40.4360,3.2099,4.3965,0.3004, 8.5886,1.9308,1.5555,3.7506, 9.0368,0.0489,0.8829
2017-11-01, 4.1217,430502.8360,239355.6739, 75301.7784,31137.0190,16235.8399,30013.0560,19533.4651,26598.1504,19575.8808,12198.2423, 4754.5412,4007.7007,21961.4482, 9292.4158,2385.2944,1366.7368, 50.6183,2659.3646, 467.8412, 403.5563, 723.4861,1201.2750,  1.8911, 32.3520, 5.8039, 2.2727, 0.5981, 7.4152,  1.5403,-0.1537,17.4797, -7.8050, 7.7929, -2.6998, -0.4408, 25.3774, 37.9992, 50.5755,188.2196, 41.3614,  75.3247, 42.1726, 41.1985, -8.1071, 12.7312, 16.5889, -80.7999, 29.5746, 1.6156,-1.7759,-3.3841, 3.1631, -2.4793, -4.1062,12.8291,-11.4546,  3.5258, -6.5515, -4.3819, 20.4142, 32.5364, 44.6148,176.8101, 35.7655,  68.3843, 36.5446, 35.6090,-11.7448,  8.2687, 11.9736, -81.5599, 24.4453,3.1676,4.3894,0.3118, 8.8607,2.3951,1.5172,3.6958, 9.8479,0.0398,0.8072
2017-12-01, 4.0886,432012.6709,239657.6688, 75666.9704,31306.2111,17176.5329,29797.8617,19656.7730,25191.0875,18832.4671,12320.8435, 5151.9335,4556.9882,20867.4781, 8878.8105,2311.3750,1240.5103, 51.7682,2509.0434, 493.5186, 356.3295, 654.4244,1232.2725,  1.5230, 28.0456, 6.2121, 3.3246, 3.3338, 6.8810,  7.1850,-0.6539,13.9392, -5.9459, 5.8577, -4.9958,  7.1367, 19.6893, 42.8042, 64.6615,244.1076, 47.7217, 110.4818, 43.4970,147.9932, -9.8704, 23.2704, 29.7214, -85.4430, 27.7155, 2.0400,-0.7340,-0.7252, 2.6827,  2.9748, -4.5562, 9.4637, -9.6404,  1.6996, -8.7276,  2.9284, 14.9879, 37.1948, 58.1936,230.5909, 41.9192, 102.2141, 37.8604,138.2520,-13.4107, 18.4283, 24.6259, -86.0148, 22.6988,3.0547,3.9625,0.3014, 8.4202,2.5107,1.4145,3.4750,10.0015,0.0296,0.6154
2018-01-01, 3.6795,430048.1852,237408.9769, 76244.6882,31296.0610,17481.4998,29597.1146,19757.0444,23944.8835,18597.4400,12078.5170, 5131.1804,3280.5479,21999.1482, 9601.1256,2581.2067,1341.6722, 46.3834,2665.2544, 615.0038, 341.1120, 745.4950,1236.1383,  0.9491, 27.9107, 6.1758, 3.4285, 6.1723, 6.5694,  8.0209,-1.4680,14.7021, -6.2239,-0.6974, -6.3950,  7.8357,  9.7211, 28.9620, 32.4167, 79.2719, 40.7426,  49.0621, 31.7151,177.0956,-44.8455,-23.9610, 29.5197, -72.3892, 14.8417, 2.4077,-0.2422, 2.4043, 2.7873,  4.1873, -4.9649,10.6314, -9.5519, -4.2216, -9.7170,  4.0086,  5.8272, 24.3852, 27.7173, 72.9096, 35.7477,  43.7720, 27.0406,167.2616,-46.8029,-26.6596, 24.9231, -73.3691, 10.7661,3.3854,4.2870,0.2653, 9.0051,3.1128,1.4246,4.0086,10.2342,0.0185,0.8508
2018-02-01, 3.3721,432905.2505,239486.4479, 77536.3984,31489.6231,17730.6498,30016.4518,20048.1549,23773.9411,18677.2314,11876.9180, 5249.0848,3087.9945,23125.8421,10516.3143,2838.9598,1474.1970, 65.4297,2687.2353, 970.8469, 370.5276, 836.5457,1241.5508,  1.2116, 29.8099, 5.8753, 3.2751, 5.7565, 7.0096, 10.4777,-0.6710,15.4250, -8.6128,-2.5554, -6.6113,  8.0715, 12.0775, 32.3945, 42.9844,137.8911, 43.6358,  88.2123, 28.5652,207.9923,-41.7787,-17.2686, 22.0962, -77.3174, 18.2520, 2.4216,-0.0938, 2.3066, 3.5188,  6.8738, -3.9112,11.6597,-11.5939, -5.7342, -9.6577,  4.5461,  8.4214, 28.0756, 38.3201,130.1308, 38.9503,  82.0726, 24.3713,197.9452,-43.6779,-19.9674, 18.1133, -78.0573, 14.3945,3.6615,4.6815,0.3690, 8.9525,4.8426,1.5585,4.4790,10.4535,0.0231,0.9653
2018-03-01, 3.1399,436025.7756,241213.3460, 79676.0436,31818.4534,17673.8252,30044.2848,20018.5471,23135.4970,18727.3099,11836.5516, 5055.8088,3227.0245,23590.9079,10820.5076,2878.3164,1556.5240, 47.8459,2708.5009, 899.4859, 450.8975, 901.0792,1347.2577,  1.3159, 29.2841, 6.0300, 3.5557, 9.0600, 7.9095, 11.8159,-2.6883,13.9988,-10.3858,-4.6672, -8.3120,  2.0074, 14.4301, 29.4053, 38.2469, 38.7764, 51.9492, -11.1044, 21.6041,199.6563,  6.8866, 38.1145, 29.0996, -62.6462, 13.3421, 2.8022, 0.4032, 5.7399, 4.6245,  8.4120, -5.6508,10.5284,-13.1139, -7.5694,-11.1032, -1.0980, 10.9466, 25.4658, 34.0383, 34.5516, 47.3234, -13.8106, 17.9022,190.5339,  3.6327, 33.9099, 25.1695, -63.7833,  9.8917,3.6125,4.8919,0.2707, 9.0150,4.4933,1.9489,4.8116,11.3822,0.0260,0.9075
2018-04-01, 3.1276,438034.2393,241488.9637, 79154.3412,31814.2770,17566.2513,30776.9403,20141.4748,23095.1470,18876.3340,11838.6569, 5000.7986,3224.7427,24064.2574,11115.8680,3063.6320,1575.1510, 47.9491,2802.0817, 842.4891, 335.7717, 975.7565,1317.7982,  0.9093,154.3295, 5.6591, 2.7591, 6.3336, 6.5888, 11.4317, 2.4892,13.1973,-14.0165,-4.5119, -8.7066,  5.4256, 15.5237, 23.4115, 32.8659, 33.7245, 35.6302,  -8.9484, 18.0950,209.8873,-18.7829, 42.0073, 21.3819, -72.2691,469.0641, 2.4547,-0.3573, 3.1088, 3.3562,  8.0522, -0.6191, 9.7643,-16.6241, -7.4078,-11.4753,  2.2283, 12.0202, 19.6687, 28.8364, 29.6690, 31.5169, -11.7098, 14.5135,200.4891,-21.2460, 37.7006, 17.7007, -73.1101,451.8058,3.8705,4.9511,0.2730, 9.1045,4.1829,1.4539,5.1692,11.1313,0.0182,4.7858
2018-05-01, 3.1568,440863.8805,242494.6739, 78828.0748,31936.6170,17845.2647,30665.4803,20201.8853,23484.3762,19094.5624,11753.4688, 5230.6679,3454.2765,24226.4491,11407.2883,3305.9125,1620.7997, 46.5620,2753.0025, 951.9002, 333.0457, 940.2393,1302.4122,  1.0647,152.3496, 5.5852, 2.7065, 3.9655, 6.6464, 14.4651, 4.5453, 9.9621,-13.0234,-4.3773, -4.9835, 10.0253, 17.1126, 21.8598, 34.0678, 44.5036, 33.8427, -12.4432, 13.4621,217.1061,-23.2674, 31.1559, 23.8111, -28.8374,491.0922, 2.3541,-0.4365, 0.7840, 3.3829, 10.9623,  1.3460, 6.5970,-15.6850, -7.3035, -7.8912,  6.6584, 13.5288, 18.1307, 29.9650, 40.0815, 29.7468, -15.1226,  9.9899,207.4020,-25.6156, 27.1423, 20.0223, -31.0151,473.0037,4.1938,5.0751,0.2609, 8.9775,4.7119,1.4182,4.9241,11.0811,0.0204,4.4105
2018-06-01, 3.1980,442895.0752,243116.2373, 78274.6490,32071.5101,18091.6318,30178.2895,20410.3039,23963.0087,19285.8744,11565.7500, 5391.7491,3883.4707,24416.8520,11517.9479,3320.4691,1641.5864, 42.2621,2737.6199, 910.2326, 352.2704,1016.7583,1337.8815,  0.9410,157.9266, 5.0661, 1.8050, 2.9298, 6.6313, 15.7261, 1.2517, 8.3241,-14.6067,-3.5397, -3.9579, 13.1191,  9.7803, 21.1094, 34.3421, 48.7016, 33.0429, -17.1312,  8.8918,198.9665,-13.4063, 39.5543, 24.5442, -39.0460,506.0215, 1.8101,-1.3498,-0.2599, 3.3269, 12.1398, -1.8860, 4.9672,-17.2529, -6.5290, -6.9342,  9.6136,  6.3783, 17.3563, 30.1790, 44.0935, 28.9200, -19.6992,  5.5173,189.7018,-16.0898, 35.2296, 20.6846, -40.9349,487.2414,4.2421,5.1185,0.2336, 9.0715,4.4597,1.4701,5.2720,11.5676,0.0175,4.0666
2018-07-01, 3.1192,442529.7017,241834.8242, 77935.5430,32115.2659,18397.9520,29874.9883,20406.3364,23203.1949,19416.6721,11609.2942, 5138.4815,3737.0958,24662.3208,11862.2020,3501.7364,1608.0435, 42.7427,2821.0040, 930.3162, 405.4297,1043.8118,1355.1483,  1.2636,152.7058, 4.8880, 1.7219, 3.7811, 6.6388, 16.7197,-0.1397, 6.8353,-15.5802,-2.8125, -6.2739,  7.3560, 20.0741, 18.6260, 32.6121, 56.0238, 24.5211, -12.8855,  8.0863,161.5134,  1.4164, 31.8093, 15.7613, -19.9745,398.4839, 1.7154,-1.3550, 0.6419, 3.4132, 13.1892, -3.1603, 3.6037,-18.1337, -5.7522, -9.1090,  4.1087, 16.4421, 15.0378, 28.6008, 51.3044, 20.7545, -15.5206,  4.8169,153.6031, -1.6513, 27.8224, 12.2597, -22.3951,383.4057,4.4931,5.0071,0.2323, 9.4427,4.5590,1.7473,5.3759,11.6730,0.0246,4.0862
2018-08-01, 3.0982,443283.1282,240569.5140, 76223.3964,32251.2141,17310.6617,29649.2581,20551.9145,24740.3340,19694.8928,11782.9844, 4670.3473,3694.5109,24530.9145,11650.3775,3417.5604,1588.4649, 43.6578,2800.7227, 914.7751, 391.9623, 984.8741,1353.0053,  2.2303,153.1247, 4.8450, 1.4851, 2.0477, 6.4790,  7.6503,-0.9592, 6.8911, -7.8271, 0.0617, -5.2888, -0.7290, 17.1703, 16.9646, 27.9232, 44.2794, 24.1739, -11.4472,  7.5270,148.7214,-16.0170, 27.3822, 15.9365, -18.5943,447.2785, 1.6943,-1.5647,-1.0190, 3.2792,  4.4153, -3.9355, 3.6789,-10.5970, -2.9452, -8.1350, -3.7123, 13.6492, 13.4497, 24.0790, 39.9436, 20.4423, -14.1083,  4.2957,141.2470,-18.5408, 23.5542, 12.4525, -21.0407,430.8321,4.4836,4.9253,0.2522, 9.4462,4.4510,1.5843,5.0007,11.4827,0.0478,4.1447
2018-09-01, 3.2268,445376.5571,240969.5863, 76801.8311,32366.1597,17160.8904,29803.9634,20607.9097,24241.7020,19733.6394,11700.0693, 4526.8313,4026.5902,24627.1313,11703.3072,3350.7842,1658.7527, 40.2177,2798.0946, 997.3635, 390.3632, 973.3421,1340.3319,  2.4060,151.6514, 4.5426, 1.0368, 2.0206, 4.7705,  7.4386,-0.9164, 6.3995, -8.4884, 0.2782, -5.8507, -6.8817, 16.8767, 15.4926, 26.6282, 38.8740, 21.6845, -20.0511,  6.2678,138.2033,-14.1007, 35.8044, 15.2152, -30.0972,477.1684, 1.2747,-2.1215,-1.1685, 1.4954,  4.0802, -4.0137, 3.0735,-11.3490, -2.8564, -8.7938, -9.7925, 13.2233, 11.8824, 22.6699, 34.5329, 17.8807, -22.5502,  2.9459,130.7573,-16.7859, 31.5593, 11.6137, -32.2823,459.1267,4.3629,5.1250,0.2344, 9.3883,4.8397,1.6103,4.9324,11.4558,0.0531,3.7662
2018-10-01, 3.3338,450628.6290,243938.5839, 77061.5199,32588.8973,17445.8777,29504.4340,20696.2114,26071.2477,19707.3936,11684.6594, 5068.1966,4110.1463,24614.0695,11841.1458,3602.8092,1617.1481, 18.5769,2688.3983, 993.9300, 426.4071, 998.4495,1343.5569,  2.2882,149.5817, 5.3510, 2.2051, 5.8724, 5.1466,  7.8684,-3.7781, 7.3814, -3.1861,-2.1846,-13.1247,  5.6789, 18.7090, 15.1242, 29.0433, 54.2054, 18.6785, -61.7689,  2.0846,167.0923,  1.7973, 32.1311, 10.5409,  -2.4693,389.3427, 1.9522,-1.0923, 2.4568, 1.7544,  4.3883, -6.8824, 3.9171, -6.3095, -5.3404,-15.9275,  2.2695, 14.8792, 11.4101, 24.8801, 49.2305, 14.8497, -63.0023, -1.2089,158.4753, -1.4869, 27.8683,  6.9746,  -5.6158,373.5555,4.6752,4.9623,0.1065, 9.1118,4.8025,1.6355,5.0664,11.4985,0.0451,3.6393
2018-11-01, 3.2681,456124.1950,246571.6072, 77267.6891,32871.6969,17724.0616,29561.9480,20715.4541,26619.7754,20054.5240,11834.6503, 5283.8783,4637.9295,24683.2316,11637.3091,3461.5913,1583.5906, 17.8951,2687.3886,1023.1712, 436.7310, 933.6189,1342.1520,  2.0956,149.0747, 5.9515, 3.0147, 2.6107, 5.5711,  9.1663,-1.5030, 6.0511,  0.0813, 2.4451, -2.9807, 11.1333, 15.7254, 12.3935, 25.2345, 45.1222, 15.8665, -64.6470,  1.0538,118.7005,  8.2206, 29.0445, 11.7273,  10.8154,360.7896, 2.5985,-0.2453,-0.6366, 2.2301,  5.7115, -4.6201, 2.6949, -3.0859, -0.7970, -6.0510,  7.6163, 12.0631,  8.8366, 21.2712, 40.5295, 12.1997, -65.7659, -2.1442,111.7794,  4.7958, 24.9607,  8.1915,   7.3084,346.2071,4.4800,4.8175,0.1010, 9.0907,4.9392,1.6406,4.6554,11.3409,0.0397,3.2143
2018-12-01, 3.1780,458426.5585,247377.9688, 76205.3730,33234.4413,18721.6680,29550.0732,20727.5551,25642.4808,20171.8439,11709.2438, 5976.4241,5438.8657,23129.2994,10908.9361,3216.8402,1380.7936, 18.5284,2547.2774, 958.3323, 454.1576, 896.5314,1285.4461,  2.1692,148.8600, 6.1141, 3.2214, 0.7115, 6.1593,  8.9956,-0.8316, 5.4474,  1.7919, 7.1121, -4.9639, 16.0035, 19.3522, 10.8390, 22.8648, 39.1743, 11.3085, -64.2090,  1.5238, 94.1836, 27.4544, 36.9954,  4.3151,  42.4271,430.7788, 2.8457, 0.0420,-2.3905, 2.8894,  5.6384, -3.8861, 2.1995, -1.3434,  3.8129, -7.8912, 12.4305, 15.6760,  7.4250, 19.0805, 34.8876,  7.8801, -65.3114, -1.6032, 88.2025, 23.5286, 32.7758,  1.1021,  38.0402,414.4302,4.2213,4.1547,0.0990, 8.6202,4.6235,1.7711,4.4445,10.9780,0.0363,2.7370
2019-01-01, 3.1500,455282.3490,243332.0016, 76331.3588,33298.0336,18876.9392,29066.9247,20375.2341,23840.3157,19837.0474,11938.8800, 5486.7507,4280.5175,23986.9068,11403.6799,3313.4787,1485.2737, 18.1464,2688.6390,1039.8994, 447.6988, 936.4938,1320.0008,  2.1531,151.8962, 5.8678, 2.4949, 0.1137, 6.3969,  7.9824,-1.7914, 3.1290, -0.4367, 6.6655, -1.1561,  6.9296, 30.4818,  9.0356, 18.7744, 28.3694, 10.7032, -60.8773,  0.8774, 69.0883, 31.2469, 25.6204,  6.7842, 126.8659,444.2227, 2.6348,-0.6351,-2.9436, 3.1477,  4.6848, -4.7905,-0.0204, -3.4772,  3.4081, -4.1746,  3.6642, 26.4971,  5.7059, 15.1473, 24.4492,  7.3225, -62.0721, -2.2032, 63.9247, 27.2388, 21.7842,  3.5232, 119.9378,427.6032,4.3409,4.4605,0.0961, 9.2498,5.1037,1.8779,4.7209,11.0563,0.0392,3.5485
2019-02-01, 3.0141,460061.5415,246536.5637, 77576.5768,33380.3118,19888.3793,29638.9106,20570.5708,23542.7490,19869.1286,11936.9460, 6066.7337,4066.2571,24214.6477,11539.2729,3311.6579,1525.1768, 20.6212,2716.8299,1070.1489, 456.1893, 957.6371,1328.1401,  2.6186,150.2531, 6.2730, 2.9438, 0.0518, 6.0042, 12.1695,-1.2578, 2.6058, -0.9725, 6.3816,  0.5054, 15.5770, 31.6795,  4.7082,  9.7273, 16.6504,  3.4581, -68.4834,  1.1013, 10.2284, 23.1189, 14.4752,  6.9743, 116.1168,404.0381, 3.1636,-0.0682,-2.8756, 2.9026,  8.8875, -4.1469,-0.3963, -3.8699,  3.2689, -2.4353, 12.1953, 27.8267,  1.6445,  6.5168, 13.2373,  0.4311, -69.4056, -1.8568,  7.0032, 19.5165, 11.1257,  3.8443, 109.7934,389.2905,4.2689,4.5691,0.1037, 9.1664,5.2023,1.9377,4.8197,11.1263,0.0432,3.6951
2019-03-01, 3.2132,464295.4281,248863.8415, 78164.1456,33473.8600,19951.7460,29730.2981,20952.1552,24143.7779,20131.5048,11897.1392, 6324.2605,4094.9544,24795.7164,11941.9549,3578.2620,1668.2138, 20.3471,2797.8967, 996.7686, 437.5894, 951.8722,1338.6552,  2.6010,149.7489, 6.4835, 3.1717,-1.8976, 5.2027, 12.8887,-1.0451, 4.6637,  4.3582, 7.4981,  0.5119, 25.0890, 26.8957,  5.1071, 10.3641, 24.3179,  7.1756, -57.4737,  3.3006, 10.8154, -2.9515,  5.6369, -0.6385,  97.6630,411.3655, 3.1685,-0.0402,-4.9517, 1.9275,  9.3742, -4.1257, 1.4053,  1.1093,  4.1515, -2.6172, 21.1948, 22.9452,  1.8349,  6.9283, 20.4476,  3.8390, -58.7976,  0.0846,  7.3655, -5.9728,  2.3482, -3.7318,  91.5094,395.4458,4.5779,4.9836,0.1020, 9.4109,4.7574,1.8124,4.7283,11.2519,0.0411,3.6569
2019-04-01, 3.2475,467906.5371,250741.5635, 79619.2262,33466.4573,19886.4132,29559.1123,21235.2920,24692.1329,19814.3539,12042.1198, 6356.1937,4070.2623,25619.2410,12374.5666,3762.2386,1760.0936, 16.0851,2891.7978,1062.3411, 425.3175, 978.7589,1327.0849,  2.6777,148.1713, 6.8196, 3.8315, 0.5873, 5.1932, 13.2081,-3.9569, 5.4307,  6.9148, 4.9693,  1.7186, 27.1036, 26.2198,  6.4618, 11.3234, 22.8032, 11.7413, -66.4537,  3.2018, 26.0955, 26.6686,  0.3077,  0.7047, 194.4738, -3.9903, 3.4598, 0.5656,-2.5765, 1.8845,  9.6473, -6.9778, 2.1145,  3.5520,  1.6677, -1.4808, 23.1058, 22.2497,  3.1132,  7.8220, 18.9407,  8.2266, -67.5088, -0.0443, 22.1294, 22.6845, -2.8473, -2.4628, 185.2116, -7.0101,4.7253,5.2593,0.0809, 9.7831,5.0027,1.7225,4.9396,11.0204,0.0421,3.6403
2019-05-01, 3.3093,472307.2960,252789.7036, 79596.9855,33622.6720,20340.0752,29383.2366,21353.8100,25885.0085,20329.2212,11700.2870, 6232.4319,4345.9758,25372.9137,12219.7935,3680.2101,1760.0006, 14.0254,2778.6619,1079.9340, 443.3141,1040.4945,1269.7807,  2.8881,150.4840, 7.1322, 4.2455, 0.9754, 5.2794, 13.9802,-4.1814, 5.7021, 10.2223, 6.4660, -0.4525, 19.1517, 25.8144,  4.7323,  7.1227, 11.3221,  8.5884, -69.8779,  0.9321, 13.4503, 33.1091, 10.6627, -2.5055, 171.2748, -1.2245, 3.7004, 0.9061,-2.2592, 1.9069, 10.3291, -7.2508, 2.3161,  6.6915,  3.0556, -3.6413, 15.3349, 21.7841,  1.3774,  3.6912,  7.7560,  5.1100, -70.8428, -2.3011,  9.8161, 28.8452,  7.1178, -5.6285, 162.5850, -4.3887,4.6236,5.2346,0.0690, 9.4566,5.0573,1.7126,5.1182,10.8526,0.0463,3.4626
2019-06-01, 3.4262,473969.0035,252514.2956, 80015.3095,33765.3795,20814.3097,29638.4008,21411.5618,24423.0595,20367.9576,11659.3581, 5623.7974,4795.1615,24977.3360,11577.0109,3027.0672,1843.7221, 15.7521,2770.9559,1177.0086, 403.4175,1033.8991,1275.5940,  2.7360, 26.8584, 7.0161, 3.8657, 2.2238, 5.2815, 15.0494,-1.7890, 4.9056,  1.9198, 5.6108,  0.8094,  4.3038, 23.4762,  2.2955,  0.5128, -8.8362, 12.3134, -62.7276,  1.2177, 29.3085, 14.5193,  1.6858, -4.6557, 190.7525,-82.9931, 3.4710, 0.4249,-1.1626, 1.7939, 11.2381, -5.0425, 1.4304, -1.4565,  2.1122, -2.5302,  0.8485, 19.3858, -1.0933, -2.8169,-11.8562,  8.5928, -63.9623, -2.1354, 25.0249, 10.7256, -1.6827, -7.8142, 181.1207,-83.5565,3.7831,5.4604,0.0757, 9.3492,5.4971,1.6518,5.0761,10.9405,0.0486,0.5601
2019-07-01, 3.7854,476617.8111,252392.5226, 80455.4336,33804.9422,20619.2413,29525.4276,21389.7696,25151.8737,20047.9106,11672.8734, 5529.4847,4195.5659,24845.2663,11840.5664,3199.6290,1822.2870, 15.8005,2787.4840,1220.3929, 477.8664,1027.9037,1262.2040,  2.7727, 24.2262, 7.7030, 4.3657, 3.2333, 5.2613, 12.0736,-1.1701, 4.8193,  8.3983, 3.2510,  0.5477,  7.6093, 12.2681,  0.7418, -0.1824, -8.6274, 13.3232, -63.0334, -1.1882, 31.1804, 17.8666, -1.5240, -6.8586, 119.4382,-84.1354, 3.7748, 0.5591,-0.5319, 1.4221,  7.9859, -4.7747, 0.9962,  4.4447, -0.5148, -3.1196,  3.6845,  8.1733, -2.9325, -3.8230,-11.9600,  9.1900, -64.3817, -4.7922, 26.3959, 13.5677, -5.1157,-10.2557, 111.4346,-84.7140,3.9769,5.3906,0.0766, 9.4410,5.7055,1.8999,5.1272,10.8131,0.0501,0.5774
2019-08-01, 3.7502,480232.0284,253359.9875, 81198.7480,33918.5108,20710.6691,29499.7469,21421.0497,25494.0805,19755.8647,11743.5467, 5386.0837,4231.6874,24289.1912,11027.9206,2650.0827,1610.5820, 22.2714,2755.4604,1209.6043, 452.9731,1031.8677,1270.5601,  2.8368, 21.6821, 8.3353, 5.3167, 6.5273, 5.1697, 19.6411,-0.5043, 4.2290,  3.0466, 0.3096, -0.3347, 15.3251, 14.5399, -0.9854, -5.3428,-22.4569,  1.3924, -48.9864, -1.6161, 32.2297, 15.5655,  4.7715, -6.0935,  27.1947,-85.8402, 4.4193, 1.5099, 2.6767, 1.3682, 15.3165, -4.1007, 0.4614, -0.6782, -3.3163, -3.9373, 11.1565, 10.3996, -4.5644, -8.7643,-25.2598, -2.2726, -50.8304, -5.1723, 27.4500, 11.3882,  0.9844, -9.4879,  22.5970,-86.3521,3.2637,4.7484,0.1075, 9.3406,5.6468,1.7768,5.2231,10.8192,0.0527,0.5124
2019-09-01, 3.8160,485562.4577,255299.7050, 81423.8729,34222.8081,20995.0217,29965.9504,21552.1040,25619.0678,19780.6537,11798.1038, 5276.7163,4665.4064,24190.1805,10808.5876,2498.7142,1555.5436, 23.3873,2787.3467,1178.2637, 440.2758,1037.1767,1263.8342,  2.8048, 21.2406, 9.0229, 5.9469, 6.0181, 5.7364, 22.3423, 0.5435, 4.5817,  5.6818, 0.2382,  0.8379, 16.5653, 15.8649, -1.7743, -7.6450,-25.4290, -6.2221, -41.8482, -0.3841, 18.1378, 12.7862,  6.5583, -5.7074,  16.5750,-85.9938, 5.0155, 2.0526, 2.1212, 1.8498, 17.8453, -3.1522, 0.7376,  1.7973, -3.4462, -2.8686, 12.2807, 11.6061, -5.3848,-11.0397,-28.1700, -9.6691, -43.9857, -4.0457, 13.7954,  8.6405,  2.6415, -9.1733,  12.2900,-86.5086,3.0688,4.5453,0.1114, 9.3017,5.4670,1.7185,5.2434,10.7122,0.0532,0.4553
2019-10-01, 3.8556,488215.8194,254840.2152, 81090.1885,34305.2905,21207.3233,30365.6709,21648.7228,24861.6534,19589.3989,11717.8342, 5273.5315,4780.6011,24818.8620,11522.0405,2932.8250,1469.7623, 30.6902,2751.5020,1373.3407, 432.1258,1250.8870,1259.9710,  2.8869, 18.0497, 8.3411, 4.4690, 5.2279, 5.2668, 21.5607, 2.9190, 4.6023, -4.6396,-0.5987,  0.2839,  4.0514, 16.3122,  0.8320, -2.6949,-18.5962, -9.1139,  65.2066,  2.3473, 38.1728,  1.3411, 25.2829, -6.2212,  26.1608,-87.9332, 4.3189, 0.5906, 1.3213, 1.3588, 17.0478, -0.9018, 0.7190, -8.1798, -4.2890, -3.4391,  0.1886, 11.9941, -2.9113, -6.3073,-21.6183,-12.4881,  59.0733, -1.4524, 33.0432, -2.4211, 20.6319, -9.7028,  21.4771,-88.3812,3.6167,4.2844,0.1447, 9.0612,6.3437,1.7381,6.3855,10.7526,0.0547,0.3776
2019-11-01, 3.8429,495013.2096,258396.0834, 83170.6959,34572.0566,21188.5882,30684.6473,21748.4235,25460.2664,19469.2486,11727.0892, 5339.0831,5035.9846,25820.6233,11889.1623,2968.6000,1693.8413, 21.3568,2799.3520,1397.2565, 436.4786,1276.8420,1273.3713,  3.2743, 18.7895, 8.5260, 4.7956, 7.6397, 5.1727, 19.5470, 3.7978, 4.9865, -4.3558,-2.9184, -0.9089,  1.0448,  8.5826,  4.6080,  2.1642,-14.2418,  6.9621,  19.3448,  4.1663, 36.5614, -0.0578, 36.7627, -5.1247,  56.2418,-87.3959, 4.5098, 0.9174, 3.6563, 1.2806, 15.1230, -0.0435, 1.1012, -7.8953, -6.5111, -4.5759, -2.6946,  4.5643,  0.7367, -1.6166,-17.4154,  3.0037,  14.9283,  0.3114, 31.5076, -3.7563, 31.7015, -8.6357,  50.4598,-87.8624,3.5693,4.8995,0.1008, 9.1230,6.4246,1.7144,6.5583,10.8584,0.0613,0.3731
2019-12-01, 3.8043,493527.7788,254198.8359, 77770.6173,34713.0025,21848.6363,30359.1654,21743.0056,23796.7937,19652.3780,11995.1381, 5796.7287,6523.3701,23699.6229,10681.6242,2402.7375,1505.2310, 29.6758,2664.0000,1387.9962, 292.4358,1243.2463,1133.1758,  2.7897, 20.3361, 7.6569, 2.7573, 2.0540, 4.4489, 16.7024, 2.7380, 4.8990, -7.1978,-2.5752,  2.4416, -3.0067, 19.9399,  2.4658, -2.0837,-25.3075,  9.0120,  60.1643,  4.5822, 44.8345,-35.6092, 38.6729,-11.8457,  28.6055,-86.3388, 3.7114,-1.0087,-1.6862, 0.6210, 12.4254, -1.0272, 1.0546,-10.5989, -6.1457, -1.3127, -6.5614, 15.5443, -1.2894, -5.6722,-28.0449,  5.0169,  54.2945,  0.7494, 39.5265,-37.9690, 33.5907,-15.0765,  23.8923,-86.8394,3.0895,4.3362,0.1358, 8.7749,6.3836,1.2289,6.3262, 9.4470,0.0481,0.3117
2020-01-01, 3.6223,494057.0507,253098.0192, 77971.5394,34809.7109,21697.8084,30094.7434,21585.4533,24836.7928,19247.0943,12209.0402, 5772.7625,4873.0740,24699.4139,11177.3031,2439.6460,1534.7934, 43.7274,2757.3151,1607.7966, 308.9930,1273.4690,1190.6798,  2.8577, 18.0251, 8.5166, 4.0135, 2.1488, 4.5398, 14.9435, 3.5360, 5.9397,  4.1798,-2.9740,  2.2629,  5.2128, 13.8431,  2.9704, -1.9851,-26.3721,  3.3340, 140.9700,  2.5543, 54.6108,-30.9819, 35.9826, -9.7970,  32.7262,-88.1333, 4.7233, 0.3775,-1.4220, 0.8855, 10.9254, -0.0832, 2.2364,  0.5380, -6.3657, -1.3119,  1.5349,  9.8635, -0.6291, -5.4114,-28.9458, -0.2782, 132.5465, -1.0306, 49.2061,-33.3946, 31.2292,-12.9502,  28.0866,-88.5481,3.1289,4.4091,0.2015, 9.1621,7.4485,1.2441,6.6164, 9.7524,0.0495,0.3699
2020-02-01, 3.7200,500975.6025,257382.1626, 79308.0663,35131.4389,21404.7662,30507.2378,21557.8197,26599.9160,19975.9521,12077.7796, 6417.7621,4401.4239,25088.3392,11235.3522,2446.3950,1596.9122, 46.3112,2791.6699,1530.9267, 344.9102,1260.7315,1186.7727,  8.4258, 22.2971, 8.8932, 4.3992, 2.2320, 5.2460,  7.6245, 2.9297, 4.7993, 12.9856, 0.5376,  1.1798,  5.7861,  8.2426,  3.6081, -2.6338,-26.1278,  4.7034, 124.5802,  2.7547, 43.0574,-24.3932, 31.6502,-10.6440, 221.7702,-85.1603, 4.9876, 0.6548,-1.4347, 1.4712,  3.7644, -0.7620, 1.0406,  8.9332, -3.0683, -2.4491,  1.9920,  4.3604, -0.1079, -6.1260,-28.7773,  0.9481, 116.5254, -0.9307, 37.9264,-27.1049, 26.9284,-13.8489, 210.2295,-85.6926,3.0847,4.5455,0.2164, 9.1508,7.1015,1.2967,6.3112, 9.8261,0.1313,0.5066
2020-03-01, 3.8559,518716.8285,274667.1859, 86001.8002,35115.6049,21819.2356,30608.2286,22099.2457,34347.1046,20333.3968,12217.1722, 7302.4027,4822.9948,24524.6121,12001.4783,2567.5739,1813.1441, 27.6763,2955.1073,1608.8946, 452.8623,1263.4312,1282.9443,  5.4172, 24.4270,11.7213,10.3685,10.0272, 4.9046,  9.3600, 2.9530, 5.4748, 42.2607, 1.0029,  2.6900, 15.4665, 17.7790, -1.0934,  0.4984,-28.2452,  8.6878,  36.0208,  5.6189, 61.4110,  3.4902, 32.7312, -4.1617, 108.2783,-83.6880, 7.5733, 6.2707, 5.9421, 1.0097,  5.2997, -0.8694, 1.5588, 36.9789, -2.7471, -1.1226, 11.1795, 13.4061, -4.7655, -3.2328,-30.9093,  4.6524,  30.9706,  1.6975, 55.4182, -0.3521, 27.8032, -7.7200, 100.5454,-84.2936,2.9855,5.1634,0.1268, 9.6546,7.2803,1.3185,6.2136,10.5012,0.0742,0.5065
2020-04-01, 3.5064,521943.2146,280387.6645, 90036.8912,35282.9963,22405.8115,31378.5045,22459.3266,33261.3929,21268.1212,12253.9932, 7355.1710,4685.4560,24299.3272,12374.7520,2748.8825,2035.8126, 24.5001,2979.6291,1513.7789, 433.7817,1312.6636,1281.1395,  5.9701, 38.5940,11.5486,11.8234,13.0844, 5.4279, 12.6689, 6.1551, 5.7642, 34.7044, 7.3369,  1.7594, 15.7166, 15.1144, -5.1520,  0.0015,-26.9349, 15.6650,  52.3149,  3.0373, 42.4946,  1.9901, 34.1151, -3.4621, 122.9517,-73.9531, 7.7697, 8.0352, 9.2535, 1.8564,  8.8521,  2.5589, 2.1812, 30.1411,  3.7008, -1.6878, 11.7965, 11.2147, -8.3651, -3.3862,-29.4101, 11.7467,  47.1550, -0.4533, 37.6674, -1.4650, 29.5718, -6.7325, 115.3989,-74.8355,3.0531,5.7700,0.1093, 9.4958,6.7401,1.3042,6.1720,10.4549,0.0812,0.8237
2020-05-01, 2.8541,521736.2982,281591.2184, 90976.1483,35470.0153,22818.5830,32742.7874,22479.1165,30968.3158,21579.4489,12241.3039, 7534.5384,4780.9607,22607.1925,11726.1828,2502.6974,1806.6480, 52.0524,2902.8756,1474.2037, 370.0131,1305.0149,1251.8713,  5.4331, 55.3734,10.4654,11.3935,14.2960, 5.4943, 12.1853,11.4336, 5.2698, 19.6380, 6.1499,  4.6240, 20.8924, 10.0089,-10.9003, -4.0394,-31.9958,  2.6504, 271.1287,  4.4703, 36.5087,-16.5348, 25.4226, -1.4104,  88.1184,-63.2031, 7.4001, 8.3024,11.1244, 2.5670,  9.0723,  8.3414, 2.3487, 16.3182,  3.2044,  1.7208, 17.5378,  6.9563,-13.3727, -6.7022,-33.8828, -0.1980, 260.8303,  1.5713, 32.7207,-18.8508, 21.9422, -4.1462,  82.8984,-64.2242,2.7509,5.0935,0.2281, 8.8657,6.5581,1.1948,6.0475,10.2266,0.0721,1.1582
2020-06-01, 2.1933,521216.7856,281397.2661, 90072.1118,35448.9804,22552.9664,33448.8948,22479.4762,30665.4739,21780.3920,12585.2245, 7447.0824,4916.6637,21041.8404,11279.7096,2482.5314,1614.9618,101.2093,2670.8702,1560.4411, 399.0815,1224.9238,1193.0426,  5.5750, 27.0728, 9.9685,11.4382,12.5686, 4.9862,  8.3532,12.8566, 4.9876, 25.5595, 6.9346,  7.9410, 32.4209,  2.5338,-15.7563, -2.5680,-17.9889,-12.4075, 542.5131, -3.6120, 32.5769, -1.0748, 18.4761, -6.4716, 103.7690,  0.7984, 7.6083, 9.0464,10.1526, 2.7329,  6.0277, 10.4344, 2.7343, 22.8647,  4.6395,  5.6243, 29.5788,  0.3332,-17.5643, -4.6592,-19.7491,-14.2875, 528.7232, -5.6807, 29.7314, -3.1980, 15.9334, -8.4790,  99.3956, -1.3650,2.7562,4.5557,0.4488, 7.9849,6.9416,1.3014,5.6240, 9.4797,0.0749,0.5506
2020-07-01, 1.9712,517849.7864,278314.8955, 89344.0109,35554.7547,22107.7461,33713.0265,22593.2308,29468.3279,21746.5050,12701.0818, 6972.3035,4113.9084,20911.7957,11808.7424,2165.2745,1924.3675,186.3184,2642.7420,1567.1331, 831.4735,1284.4771,1177.7689,  5.7359, 23.4514, 8.6510,10.2707,11.0478, 5.1762,  7.2190,14.1830, 5.6263, 17.1616, 8.4727,  8.8085, 26.0932, -1.9463,-15.8319, -0.2688,-32.3273,  5.6018,1079.1919, -5.1926, 28.4122, 73.9971, 24.9608, -6.6895, 106.8706, -3.1984, 6.5506, 8.1390, 8.9012, 3.1431,  5.1464, 11.9758, 3.5845, 14.8967,  6.3758,  6.7052, 23.6557, -3.8417,-17.4589, -2.1967,-33.6355,  3.5604,1056.3972, -7.0253, 25.9299, 70.6336, 22.5453, -8.4933, 102.8716, -5.0696,2.4235,5.4124,0.8428, 7.8389,6.9363,2.8216,5.9066, 9.2730,0.0823,0.5701
2020-08-01, 1.8781,515202.1069,275619.3188, 88783.0575,35141.2463,22393.5183,33428.8618,22445.4440,28480.3393,21567.1491,12756.9003, 6622.1917,4000.6104,24209.0433,12687.0503,2468.5406,2351.1265, 33.3014,2837.1333,1431.6636, 867.4435,1338.5815,1328.7958,  5.9376, 24.5264, 7.2819, 8.7857, 9.3404, 3.6049,  8.1255,13.3191, 4.7822, 11.7135, 9.1683,  8.6290, 22.9500, -5.4606, -0.3300, 15.0448, -6.8504, 45.9799,  49.5257,  2.9640, 18.3580, 91.5000, 29.7241,  4.5835, 109.3084, 13.1183, 5.3042, 6.7802, 7.3248, 1.6950,  6.1322, 11.2301, 2.8505,  9.6541,  7.1558,  6.6265, 20.6835, -7.2034, -2.1674, 12.9240, -8.5676, 43.2888,  46.7692,  1.0659, 16.1761, 87.9697, 27.3327,  2.6555, 105.4499, 11.0330,2.7804,6.6905,0.1487, 8.4871,6.3784,3.0458,6.2066,10.4163,0.0897,0.6131
2020-09-01, 1.9674,515048.7174,273972.5624, 87987.4274,35207.5520,21606.5009,33211.3988,22442.1643,28278.3520,21469.4054,12847.3234, 6555.3398,4367.0985,25662.9057,12846.9534,2452.5276,2200.2697, 33.1347,3062.7395,1420.8753, 888.6259,1347.3611,1412.3919,  5.7465, 23.2811, 6.0726, 7.3141, 8.0610, 2.8774,  2.9125,10.8305, 4.1298, 10.3801, 8.5374,  8.8931, 24.2314, -6.3940,  6.0881, 18.8588, -1.8484, 41.4470,  41.6783,  9.8801, 20.5906,101.8339, 29.9066, 11.7545, 104.8817,  9.6068, 4.0260, 5.2435, 5.9760, 0.8925,  0.9268,  8.6920, 2.1207,  8.2504,  6.4432,  6.7921, 21.8344, -8.2001,  4.0412, 16.5654, -3.7422, 38.7178,  38.9447,  7.7600, 18.2639, 97.9396, 27.4001,  9.5983, 100.9286,  7.4920,2.7874,6.2494,0.1534, 9.2220,6.3313,3.1424,6.2757,10.9937,0.0877,0.5331
2020-10-01, 1.7481,515386.7906,271840.4607, 86871.8193,35429.4591,21601.6905,32981.0434,22284.4607,27000.6745,21226.7753,12918.1089, 6812.4019,4714.0271,28370.6036,12796.7027,2603.6482,2102.9772, 45.4492,2957.5798,1420.1625, 891.5712,1352.4691,1381.0100, 18.0141, 23.8215, 5.5654, 6.6709, 7.1299, 3.2770,  1.8596, 8.6129, 2.9366,  8.6037, 8.3585, 10.2431, 29.1810, -1.3926, 14.3107, 11.0628,-11.2239, 43.0828,  48.0903,  7.4896,  3.4093,106.3221,  8.1208,  9.6065, 524.0016, 31.9770, 3.7516, 4.8382, 5.2893, 1.5025,  0.1095,  6.7468, 1.1680,  6.7378,  6.4968,  8.3491, 26.9616, -3.0868, 12.3467,  9.1546,-12.7491, 40.6245,  45.5459,  5.6429,  1.6327,102.7773,  6.2632,  7.7233, 513.2806, 29.7095,2.9971,5.9357,0.2104, 8.9675,6.3729,3.3020,6.3715,10.6905,0.2644,0.5053
2020-11-01, 1.4895,515643.3141,269565.3671, 86261.3046,35696.3591,21951.8955,33071.0589,22504.6343,24404.7692,20931.0916,13068.2973, 6568.4511,5107.5055,29555.9814,12942.6439,2828.1198,2272.6666, 30.9091,2881.7306,1427.6361, 951.0117,1161.1834,1361.1354,  4.2132, 24.0380, 4.1676, 4.3225, 3.7160, 3.2521,  3.6024, 7.7772, 3.4771, -4.1457, 7.5085, 11.4368, 23.0258,  1.4202, 14.4666,  8.8609, -4.7322, 34.1723,  44.7269,  2.9428,  2.1742,117.8828, -9.0582,  6.8923,  28.6765, 27.9336, 2.6388, 2.7915, 2.1938, 1.7367,  2.0820,  6.1955, 1.9584, -5.5524,  5.9307,  9.8014, 21.2203, -0.0683, 12.7866,  7.2632, -6.1304, 32.2032,  42.6029,  1.4320,  0.6747,114.6851,-10.3928,  5.3235,  26.7880, 26.0560,3.2785,6.3667,0.1408, 8.7138,6.3437,3.8968,5.5476,10.4156,0.0641,0.4706
2020-12-01, 1.6104,512812.1500,265298.4650, 83478.3875,36113.1473,21065.2654,33414.4898,22423.7278,22343.9368,20667.5926,13216.8094, 6720.0671,5855.0413,28200.6696,12075.2383,2596.9789,1911.5754, 16.0125,2743.9130,1484.5752, 915.9949,1071.8041,1306.5920,  3.6576, 24.1347, 3.9075, 4.3665, 7.3392, 4.0335, -3.5854,10.0639, 3.1308, -6.1053, 5.1659, 10.1847, 15.9286,-10.2451, 18.9921, 13.0468,  8.0842, 26.9955, -46.0418,  2.9997,  6.9582,213.2294,-13.7899, 15.3036,  31.1116, 18.6792, 2.2606, 2.7124, 5.6380, 2.3846, -5.1135,  8.3195, 1.4962, -7.5934,  3.4991,  8.4384, 14.0912,-11.6677, 17.1061, 11.2551,  6.3711, 24.9827, -46.8970,  1.3673,  5.2630,208.2649,-15.1562, 13.4761,  29.0336, 16.7982,3.1110,5.2933,0.0760, 8.2117,6.6206,4.0995,5.1859, 9.8858,0.0544,0.4122
2021-01-01, 1.5972,511809.5763,264555.1994, 84164.8540,36009.5652,20743.4577,32449.3048,21960.6819,23564.4712,21015.6897,13304.5702, 6518.9394,4823.6653,29035.8122,12350.8751,2599.9437,1999.6811, 18.9690,2849.2815,1426.5866, 968.6664,1135.8339,1321.4614,  4.0092, 26.4422, 3.5932, 4.5268, 7.9430, 3.4469, -4.3984, 7.8238, 1.7383, -5.1227, 9.1889,  8.9731, 12.9258, -1.0139, 17.5567, 10.4996,  6.5705, 30.2899, -56.6199,  3.3354,-11.2707,213.4913,-10.8079, 10.9838,  40.2952, 46.6966, 1.9646, 2.8835, 6.2461, 1.8206, -5.9013,  6.1287, 0.1389, -6.6143,  7.4723,  7.2599, 11.1505, -2.5701, 15.7086,  8.7624,  4.8951, 28.2416, -57.3019,  1.7108,-12.6656,208.5629,-12.2101,  9.2390,  38.0896, 44.3904,3.0891,5.5532,0.0914, 8.7807,6.4961,4.1107,5.4047, 9.9324,0.0615,0.5482
2021-02-01, 1.5631,516005.7935,266915.5224, 85087.1839,35403.2919,20882.4225,33305.8527,22123.0447,24273.5557,21029.0380,13456.6865, 7191.5465,4162.9000,28542.1572,11980.5903,2462.7547,1630.4953, 18.0603,2905.2622,1482.3859, 986.8137,1108.3278,1358.8755,  4.8475, 22.7676, 3.0002, 3.7040, 7.2869, 0.7738, -2.4403, 9.1736, 2.6219, -8.7457, 5.2718, 11.4169, 12.0569, -5.4192, 13.7666,  6.6330,  0.6687,  2.1030, -61.0023,  4.0690, -3.1707,186.1074,-12.0885, 14.5018, -42.4687,  2.1100, 1.4150, 2.1079, 5.6357,-0.7771, -3.9418,  7.4934, 1.0425,-10.1502,  3.6516,  9.7021, 10.3323, -6.8749, 12.0157,  4.9918, -0.8806,  0.5316, -61.6025,  2.4673, -4.6609,181.7041,-13.4415, 12.7395, -43.3541,  0.5385,2.8944,4.6055,0.0865, 8.7230,6.7006,4.0654,5.2705,10.0981,0.0674,0.5469
2021-03-01, 1.5066,518256.6353,267508.4710, 85173.4112,35566.3169,20712.6769,33396.7442,22166.3680,24195.3368,20970.9087,13548.0935, 7225.3172,4553.2976,27654.6159,11907.0579,2463.0170,1595.8149, 62.9855,2838.1688,1459.9589, 991.8579,1090.3794,1374.8626,  4.6982, 25.3146,-0.0887,-2.6063,-0.9632, 1.2835, -5.0715, 9.1103, 0.3037,-29.5564, 3.1353, 10.8939, -1.0556, -5.5919, 12.7627, -0.7867, -4.0722,-11.9863, 127.5797, -3.9572, -9.2570,119.0198,-13.6970,  7.1646, -13.2721,  3.6334,-1.5716,-4.0518,-2.4331,-0.2197, -6.4804,  7.4909,-1.1850,-30.6019,  1.6046,  9.2480, -2.5241, -6.9931, 11.0891, -2.2593, -5.4960,-13.2926, 124.2020, -5.3826,-10.6038,115.7691,-14.9779,  5.5741, -14.5593,  2.0953,2.8918,4.4869,0.3041, 8.4983,6.5864,4.0994,5.1995,10.1480,0.0650,0.5560
2021-04-01, 1.9478,522051.1810,269769.9286, 86589.1479,35552.7250,20989.3399,32613.7376,22156.0539,24810.8704,21339.0530,13954.2935, 7210.0171,4554.6905,28164.0723,12111.8828,2364.1918,1665.8876,  5.8957,2966.8677,1570.6389,1066.4573,1112.5207,1330.5338,  3.9948, 24.8945, 0.0207,-3.7868,-3.8293, 0.7645, -6.3219, 3.9366,-1.3503,-25.4064, 0.3335, 13.8755, -1.9735, -2.7909, 15.9047, -2.1242,-13.9944,-18.1709, -75.9358, -0.4283,  3.7562,145.8512,-15.2471,  3.8555, -33.0861,-35.4965,-1.8903,-5.6250,-5.6667,-1.1607, -8.1117,  1.9508,-3.2351,-26.8316, -1.5834, 11.6998, -3.8464, -4.6481, 13.6903, -3.9942,-15.6376,-19.7343, -76.3956, -2.3307,  1.7738,141.1540,-16.8663,  1.8713, -34.3645,-36.7289,2.7304,4.6857,0.0281, 9.0970,7.0890,4.2983,5.2135, 9.5349,0.0554,0.5466
2021-05-01, 3.2957,526097.0866,272797.0461, 88985.1774,35338.6085,21239.9373,32443.3737,22307.6564,24945.2358,21479.7786,13936.0085, 7582.6889,4538.5811,28011.2269,12311.5633,2448.4840,1705.3816,  7.4471,3030.3965,1450.5533,1054.8440,1139.0376,1443.2283,  4.8435, 27.3475, 0.8358,-3.1230,-2.1885,-0.3705, -6.9182,-0.9144,-0.7628,-19.4492,-0.4619, 13.8442,  0.6391, -5.0697, 23.9040,  4.9921, -2.1662, -5.6052, -85.6931,  4.3929, -1.6043,185.0829,-12.7184, 15.2857, -10.8523,-50.6126,-2.3814,-6.2139,-5.3091,-3.5492, -9.8880, -4.0758,-3.9289,-22.0192, -3.6377, 10.2119, -2.5718, -8.0984, 19.9509,  1.6423, -5.2876, -8.6169, -86.1496,  1.0622, -4.7436,175.9873,-15.5031, 11.6075, -13.6966,-52.1883,2.7516,4.8258,0.0351, 9.3406,6.5025,4.2286,5.3028,10.3561,0.0639,0.6026
2021-06-01, 3.6348,530118.3395,274839.0812, 89472.4088,35424.5967,21245.6839,33367.1849,22477.7856,25151.0386,21238.0309,13809.8475, 7643.1450,5009.3593,27041.9561,11854.0387,2256.1798,1587.0318,  9.5283,2973.5039,1484.7996,1043.7162,1055.3335,1371.3863, 45.8500, 26.7094, 1.7078,-2.3306,-0.6658,-0.0688, -5.7965,-0.2443,-0.0075,-17.9826,-2.4901,  9.7306,  2.6327,  1.8853, 28.5152,  5.0917, -9.1178, -1.7294, -90.5856, 11.3309, -4.8474,161.5296,-13.8450, 14.9486, 722.4156, -1.3423,-1.8593,-5.7561,-4.1497,-3.5737, -9.1005, -3.7430,-3.5145,-20.8591, -5.9101,  5.8821, -0.9669, -1.6881, 24.0078,  1.4058,-12.3053, -5.1761, -90.9158,  7.4262, -8.1847,152.3570,-16.8667, 10.9171, 693.5712, -4.8025,2.5216,4.4800,0.0448, 8.9115,6.6056,4.1498,4.9691, 9.9305,0.5999,0.5332
2021-07-01, 3.9701,534676.6973,276402.5572, 89374.8664,35546.0342,21580.8063,33415.0011,22514.3980,26935.4059,21182.2207,13837.8480, 7367.4012,4648.5754,26981.7185,12043.2357,2302.6238,1624.8861,  7.6736,2947.1138,1514.5579,1098.6063,1072.6233,1394.5625, 46.2935, 34.2949, 3.2494,-0.6871, 0.0345,-0.0245, -2.3835,-0.8840,-0.3489, -8.5954,-2.5948,  8.9502,  5.6667, 12.9966, 29.0263,  1.9858,  6.3433,-15.5626, -95.8815, 11.5173, -3.3549, 32.1276,-16.4934, 18.4071, 707.0787, 46.2382,-0.6932,-4.4794,-3.7853,-3.8421, -6.1110, -4.6687,-4.1541,-12.0857, -6.3142,  4.7899,  1.6318,  8.6818, 24.0995, -1.9086,  2.2826,-18.7868, -96.0387,  7.2590, -7.0452, 27.0824,-19.6821, 13.8858, 676.2605, 40.6541,2.5764,4.5712,0.0356, 8.8197,6.7271,4.0787,5.0638,10.0779,0.6284,0.7378
2021-08-01, 4.4410,539937.0522,277957.2429, 89528.1565,35717.5975,21818.8064,33682.3012,22539.2381,26836.9092,21637.8349,13896.0099, 7533.0183,4767.3708,26623.4346,11899.5746,2334.9410,1564.2101,  7.4322,2815.0995,1450.6579,1102.9797,1044.6343,1495.6836, 46.2809, 37.6553, 4.8010, 0.8482, 0.8392, 1.6401, -2.5664, 0.7581, 0.4179, -5.7704, 0.3277,  8.9294, 13.7542, 19.1661,  9.9731, -6.2069, -5.4121,-33.4698, -77.6820, -0.7766,  1.3267, 27.1529,-21.9596, 12.5593, 679.4514, 53.5293, 0.3447,-3.4400,-3.4486,-2.6818, -6.7095, -3.5263,-3.8521, -9.7772, -3.9384,  4.2975,  8.9171, 14.0989,  5.2968,-10.1952, -9.4341,-36.2987, -78.6310, -4.9958, -2.9819, 21.7462,-25.2780,  7.7731, 646.3077, 47.0010,2.6081,4.3794,0.0341, 8.3578,6.4361,4.1099,4.8278,10.7634,0.6144,0.7899
2021-09-01, 4.5102,545743.2772,279405.7015, 89126.7829,36592.1801,21774.1301,33893.5850,22599.4443,26745.8277,22061.5014,13974.9562, 7429.8190,5207.4748,25856.8770,11246.3268,2301.2867,1617.6660,  7.4507,2754.4497,1494.2026, 620.5264,1037.2961,1329.9206, 46.2535, 37.2745, 5.9595, 1.9831, 1.2949, 3.9328,  0.7758, 2.0541, 0.7008, -5.4194, 2.7579,  8.7772, 13.3400, 19.2434,  0.7558,-12.4592, -6.1667,-26.4787, -77.5138,-10.0658,  5.1607,-30.1701,-23.0128, -5.8391, 704.9007, 60.1060, 1.3868,-2.4180,-3.0765,-0.5525, -3.5732, -2.3501,-3.6450, -9.5011, -1.6767,  4.0829,  8.4487, 14.0974, -3.5923,-16.2370,-10.2161,-29.6516, -78.4842,-13.9470,  0.6225,-33.1837,-26.3352, -9.9027, 670.1650, 53.1966,2.5820,4.4208,0.0342, 8.1268,6.6117,2.3201,4.7018, 9.5165,0.6225,0.7158
2021-10-01, 4.5835,551290.2025,280587.2084, 89066.4515,36783.1333,21897.6965,34209.2540,22760.7482,25631.6739,22787.4267,14191.6239, 7638.8425,5620.3579,26059.7870,11471.9501,2413.9106,1546.3496,  8.0941,2803.9083,1613.3843, 596.5741,1067.6067,1336.9082, 46.2526, 38.9615, 6.9663, 3.2176, 2.5263, 3.8208,  1.3703, 3.7240, 2.1373, -5.0702, 7.3523,  9.8584, 12.1314, 19.2263, -8.1451,-10.3523, -7.2874,-26.4686, -82.1909, -5.1959, 13.6056,-33.0873,-21.0624, -3.1934, 156.7579, 63.5562, 2.2783,-1.3061,-1.9671,-0.7294, -3.0724, -0.8219,-2.3390, -9.2307,  2.6474,  5.0437,  7.2171, 14.0010,-12.1708,-14.2812,-11.3507,-29.6912, -82.9714, -9.3508,  8.6267,-36.0199,-24.5220, -7.4361, 145.5051, 56.3881,2.7102,4.2040,0.0370, 8.1963,7.0885,2.3275,4.6851, 9.4204,0.6055,0.6932
2021-11-01, 5.2589,561195.0506,285200.2683, 90020.2036,36930.3224,21546.9140,34586.5316,22863.2658,27733.1354,23105.3097,14108.8170, 8071.7683,6234.0005,26180.0067,11524.7579,2423.4911,1550.0860, 17.1275,2818.4392,1654.2843, 622.5719,1065.4680,1291.3662, 46.4179, 35.5059, 8.8340, 5.8000, 4.3576, 3.4568, -1.8449, 4.5825, 1.5936, 13.6382,10.3875,  7.9622, 22.8869, 22.0557,-11.4223,-10.9551,-14.3073,-31.7944, -44.5874, -2.1963, 15.8758,-34.5358, -8.2429, -5.1258,1001.7252, 47.7072, 3.3964, 0.5141,-0.8563,-1.7121, -6.7489, -0.6427,-3.4822,  7.9606,  4.8723,  2.5682, 16.7473, 15.9575,-15.8478,-15.4040,-18.5887,-35.2021, -47.3559, -7.0828, 10.0864,-37.8066,-12.8273, -9.8659, 946.6809, 40.3275,2.6922,4.1973,0.0795, 8.1489,7.2356,2.2449,4.6114, 9.1529,0.5751,0.5696
2021-12-01, 5.6227,565763.2173,286080.1186, 89251.3020,37059.3637,22326.8886,34679.1838,22873.5611,27401.9263,22942.2853,14093.9373, 8525.2263,6926.4443,24430.8764,10657.0988,2132.8093,1418.2172, 15.1695,2690.4947,1569.4945, 517.2039, 998.6400,1233.2406, 46.3971, 35.4319,10.3256, 7.8333, 6.9155, 2.6201,  5.9891, 3.7849, 2.0061, 22.6370,11.0061,  6.6365, 26.8622, 18.2988,-13.3677,-11.7442,-17.8734,-25.8090,  -5.2652, -1.9468,  5.7201,-43.5364, -6.8263, -5.6139,1168.5103, 46.8090, 4.4526, 2.0930, 1.2240,-2.8427,  0.3469, -1.7400,-3.4241, 16.1086,  5.0968,  0.9598, 20.1089, 12.0013,-17.9795,-16.4424,-22.2453,-29.7584, -10.3083, -7.1665,  0.0923,-46.5421,-11.7862,-10.6384,1100.9830, 38.9938,2.3897,3.8269,0.0679, 7.7582,6.8616,1.8875,4.3528, 8.7501,0.5442,0.5115
2022-01-01, 6.9446,567664.5777,285111.7678, 89373.9391,37093.5832,23824.9587,34416.0039,22752.6928,26259.3009,23153.0449,14146.9464, 8401.9145,5689.3834,25947.3216,11602.6156,2554.2410,1490.9271, 20.6436,2821.2962,1721.9071, 611.4080,1031.0462,1268.2997, 46.3819, 36.4648,10.9132, 7.7702, 6.1891, 3.0104, 14.8553, 6.0608, 3.6065, 11.4360,10.1703,  6.3315, 28.8847, 17.9473,-10.6368, -6.0584, -1.7578,-25.4418,   8.8279, -0.9822, 20.7012,-36.8815, -9.2256, -4.0229,1056.8757, 37.9037, 3.7109, 0.7720,-0.7064,-3.6788,  7.3970, -0.8264,-3.1213,  4.1997,  3.0162, -0.5733, 20.5154, 10.2882,-16.4398,-12.1586, -8.1373,-30.2833,   1.7610, -7.4121, 12.8633,-40.9802,-15.1202,-10.2554, 981.7523, 28.9488,2.8579,4.0194,0.0866, 8.1976,7.5679,2.3283,4.4532, 8.9652,0.5520,0.6409
2022-02-01, 8.0052,578041.9232,290489.9703, 93074.9865,37219.3635,23845.7910,35014.3329,23352.3716,25684.3482,23945.5168,14161.3819, 8722.4077,5469.4703,25619.2867,11199.6856,2417.6278,1441.3441,  9.8380,2832.5532,1609.7652, 554.4956, 917.2150,1325.4044, 54.5900, 36.8524,12.0224, 8.8322, 9.3878, 5.1297, 14.1907, 5.1297, 5.5568,  5.8121,13.8688,  5.2368, 21.2870, 31.3861,-10.2405, -6.5181, -1.8324,-11.6008, -45.5271, -2.5027,  8.5929,-43.8095,-17.2433, -2.4631,1026.1576, 61.8636, 3.7194, 0.7657, 1.2801,-2.6624,  5.7271, -2.6624,-2.2669, -2.0306,  5.4290, -2.5632, 12.2973, 21.6479,-16.8934,-13.4468, -9.1084,-18.1529, -49.5646, -9.7290,  0.5441,-47.9743,-23.3771, -9.6924, 942.6884, 49.8665,2.5975,3.8726,0.0413, 8.0897,6.8934,2.1589,3.8304, 9.3593,0.6259,0.6738
2022-03-01, 8.5279,585701.1961,293178.2202, 96182.2405,37487.5407,23912.8171,35214.9827,23763.0872,23555.7340,24312.8381,14287.7670, 8847.5772,5613.6358,24731.3267,10603.5376,1957.1277,1530.9977, 11.2961,2752.7560,1529.4370, 478.5083, 946.4490,1315.9629, 49.8371, 31.1657,13.0137, 9.5959,12.9252, 5.4018, 15.4502, 5.4444, 7.2033, -2.6435,15.9360,  5.4596, 22.4524, 23.2873,-10.5707,-10.9475,-20.5394, -4.0617, -82.0655, -3.0094,  4.7589,-51.7564,-13.2000, -4.2840, 960.7612, 23.1136, 4.1334, 0.9841, 4.0518,-2.8804,  6.3783, -2.8412,-1.2205,-10.2935,  6.8260, -2.8272, 12.8304, 13.5996,-17.5979,-17.9450,-26.7832,-11.6003, -83.4748,-10.6307, -3.4728,-55.5472,-20.0206,-11.8052, 877.4090, 13.4396,2.0348,4.0840,0.0472, 7.8170,6.4362,2.0314,3.8928, 9.2104,0.5633,0.5552
2022-04-01, 9.2341,596062.8816,299056.5527,100070.6093,37687.8587,24321.3813,34956.8847,24060.5555,24510.9247,24651.3088,14125.7642, 8901.8911,5769.3745,25228.3660,10547.7852,1819.5867,1567.2467, 20.9128,2721.5591,1617.7233, 470.9440,1007.1658,1241.6582, 49.4285, 31.5601,14.1771,10.8561,15.5695, 6.0055, 15.8749, 7.1845, 8.5959, -1.2089,15.5220,  1.2288, 23.4656, 26.6689,-10.4236,-12.9137,-23.0356, -5.9212, 254.7105, -8.2683,  2.9978,-55.8403, -9.4699, -6.6797,1137.3185, 26.7756, 4.5251, 1.4849, 5.7998,-2.9556,  6.0794, -1.8763,-0.5843, -9.5602,  5.7564, -7.3286, 13.0284, 15.9609,-17.9959,-20.2756,-29.5418,-13.8742, 224.7250,-16.0228, -5.7091,-59.5734,-17.1229,-14.5685,1032.7219, 16.0586,1.8183,4.1585,0.0860, 7.7855,6.7235,1.9214,4.0856, 8.7900,0.5553,0.5470
2022-05-01, 9.0668,605377.5107,303122.4030,102993.2199,37942.0872,24367.8003,34932.3326,24442.9094,23566.9075,24703.3625,14421.1489, 9566.0393,6186.5954,25289.6462,10425.2442,1980.6768,1472.3313, 23.5652,2714.6857,1475.8337, 440.0243, 973.8095,1251.8945, 57.9590, 34.4641,15.0695,11.1165,15.7420, 7.3672, 14.7263, 7.6717, 9.5718, -5.5254,15.0075,  3.4812, 26.1563, 36.3112, -9.7160,-15.3215,-19.1060,-13.6656, 216.4355,-10.4181,  1.7428,-58.2854,-14.5059,-13.2573,1096.6385, 26.0230, 5.5037, 1.8793, 6.1203,-1.5583,  5.1891, -1.2791, 0.4631,-13.3791,  5.4469, -5.1212, 15.6689, 24.9796,-17.2214,-22.3609,-25.8308,-20.8426, 190.1301,-17.8651, -6.7151,-61.7531,-21.6131,-20.4683, 997.1613, 15.5466,1.9231,3.8805,0.0967, 7.7713,6.0379,1.8671,3.9420, 8.6810,0.6059,0.5571
2022-06-01, 9.6738,616535.1894,309718.9801,105184.0210,37957.9631,24261.6189,35259.2616,25106.5852,26165.0682,25059.5041,14579.0853, 9768.1497,6377.7229,25437.5983,10096.7254,1795.8946,1442.9288, 11.1190,2737.5198,1463.7697, 481.9677, 883.6959,1199.6506, 51.2926, 28.8868,16.3014,12.6910,17.5603, 7.1514, 14.1955, 5.6705,11.6951,  4.0318,17.9935,  5.5702, 27.8028, 27.3161, -5.9328,-14.8246,-20.4011, -9.0800,  16.6952, -7.9362, -1.4163,-53.8220,-16.2638,-12.5228,  11.8705,  8.1521, 6.0430, 2.7511, 7.1908,-2.2999,  4.1229, -3.6502, 1.8430, -5.1444,  7.5859, -3.7417, 16.5299, 16.0862,-14.2301,-22.3375,-27.4221,-17.0997,   6.4020,-16.0568,-10.1120,-57.8951,-23.6498,-20.2387,   2.0029, -1.3875,1.7074,3.8014,0.0458, 7.7640,5.8302,1.8420,3.5264, 8.2286,0.5251,0.4529
2022-07-01,10.2058,623932.2706,313928.2125,106474.4697,38105.2079,24977.2408,35299.3927,25459.0657,27574.3093,25281.9579,14699.1035,10247.3730,5810.0919,25420.1838, 9770.8754,1457.9099,1467.8101, 13.7665,2659.0615,1441.7259, 485.8256, 931.7437,1231.2602, 54.7962, 26.9759,16.6934,13.5765,19.1325, 7.1996, 15.7382, 5.6394,13.0790,  2.3720,19.3546,  6.2239, 39.0907, 24.9865, -5.7874,-18.8684,-36.6848, -9.6669,  79.4011, -9.7740, -4.8088,-55.7780,-13.1341,-11.7099,  18.3668,-21.3414, 5.8868, 3.0585, 8.1000,-2.7278,  5.0201, -4.1436, 2.6071, -7.1084,  8.3016, -3.6132, 26.2100, 13.4119,-14.5121,-26.3817,-42.5483,-18.0324,  62.7873,-18.1296,-13.6242,-59.8733,-21.1785,-19.8862,   7.4052,-28.6258,1.3693,3.8520,0.0551, 7.5329,5.6629,1.7619,3.6854, 8.3764,0.5347,0.4643
2022-08-01,10.8360,631727.2801,317177.1468,106747.1927,38358.4578,25121.8723,35345.6430,25942.4508,29619.5079,24960.3500,14864.9385,10574.1215,5642.6123,25457.5045, 9702.1765,1356.0661,1397.8638, 21.7103,2658.4778,1578.4865, 498.7448, 895.7333,1219.3378, 47.6774, 28.0788,17.0002,14.1100,19.2331, 7.3937, 15.1386, 4.9383,15.0991, 10.3686,15.3551,  6.9727, 40.3703, 18.3590, -4.3793,-18.4662,-41.9229,-10.6345, 192.1112, -5.5636,  8.8118,-54.7821,-14.2539,-18.4762,   3.0175,-25.4319, 5.5615, 2.9540, 7.5762,-3.1057,  3.8820, -5.3211, 3.8463, -0.4217,  4.0773, -3.4856, 26.6469,  6.7875,-13.7278,-26.4374,-47.6009,-19.3714, 163.5527,-14.7963, -1.8263,-59.2028,-22.6369,-26.4465,  -7.0541,-32.7221,1.2704,3.6442,0.0864, 7.5214,6.0846,1.6838,3.5886, 8.2028,0.4509,0.4976
2022-09-01,11.4399,640214.9749,321264.0558,107764.2861,38888.6902,25123.7691,35406.8032,26258.0259,31284.2022,25011.5341,14773.6949,10831.5529,5921.4973,25899.5791, 9596.1284,1187.3720,1369.1656, 23.9624,2641.6849,1755.7342, 462.3253, 894.4920,1185.7310, 47.6112, 28.0498,17.3106,14.9812,20.9112, 6.2760, 15.3836, 4.4646,16.1888, 16.9685,13.3719,  5.7155, 45.7849, 13.7115,  0.1651,-14.6732,-48.4040,-15.3617, 221.6103, -4.0939, 17.5031,-25.4947,-13.7670,-10.8420,   2.9354,-24.7479, 5.2681, 3.1778, 8.4991,-4.6338,  3.5388, -6.2592, 4.2614,  4.9611,  1.7336, -5.1368, 30.8193,  2.0384,-10.1173,-23.4325,-53.7006,-24.0502, 188.5953,-13.9392,  5.4408,-33.1430,-22.6192,-19.9945,  -7.6315,-32.4729,1.1018,3.5207,0.0954, 7.4610,6.6865,1.4778,3.5763, 8.0260,0.4396,0.4737
2022-10-01,12.2218,648681.8155,326294.6429,108193.8200,39183.8846,25340.7479,35439.4670,27142.8009,33979.6702,24945.6784,14850.2539,11069.2838,6149.0362,26696.9477, 9808.8465,1211.7768,1368.3300, 27.5851,2649.2196,1795.2951, 511.5938, 999.2319,1167.5493, 46.6902, 31.5747,17.6661,16.2899,21.4754, 6.5268, 15.7233, 3.5961,19.2527, 32.5691, 9.4712,  4.6410, 44.9079,  9.4065,  2.4450,-14.4971,-49.8003,-11.5122, 240.8052, -5.5169, 11.2751,-14.2447, -6.4045,-12.6680,   0.9461,-18.9593, 4.8514, 3.6251, 8.2459,-5.0748,  3.1203, -7.6862, 6.2652, 18.1313, -2.4510, -6.7552, 29.1264, -2.5087, -8.7120,-23.8090,-55.2674,-21.1492, 203.6891,-15.8068, -0.8435,-23.5841,-16.5977,-22.1790, -10.0476,-27.7852,1.1200,3.4921,0.1089, 7.4753,6.6143,1.5056,4.0056, 7.8622,0.4218,0.5135
2022-11-01,12.5315,655599.2897,329775.8133,110756.6608,39308.2176,25821.9336,35602.2212,27260.9679,32851.3823,25169.3641,14956.5521,11218.9133,6829.6004,27483.3901, 9655.9294,1369.9189,1309.6635, 50.1146,2576.9413,1653.3964, 430.3982, 978.6600,1199.9473, 50.7084, 36.1810,16.8220,15.6296,23.0353, 6.4389, 19.8405, 2.9367,19.2348, 18.4553, 8.9332,  6.0085, 38.9895,  9.5541,  4.9785,-16.2158,-43.4733,-15.5103, 192.5970, -8.5685, -0.0537,-30.8677, -8.1474, -7.0792,   9.2432,  1.9013, 3.8127, 2.7531, 9.3342,-5.4141,  6.4951, -8.5263, 5.9569,  5.2642, -3.1975, -5.7965, 23.5117, -2.6458, -6.7118,-25.5460,-49.7681,-24.9190, 160.0135,-18.7503,-11.1837,-38.5663,-18.3761,-17.4269,  -2.9221, -9.4464,1.2369,3.3318,0.1941, 7.2381,6.0651,1.3101,3.8883, 8.0229,0.4520,0.5298
2022-12-01,13.1225,661163.5819,333983.1193,111172.4362,39838.2324,27828.6810,35764.8103,27553.0164,32214.8681,25369.8331,15082.8597,11197.3432,7961.0389,26865.8561, 9172.6189,1327.8766,1281.5437, 35.4364,2440.9575,1546.5201, 374.1700, 894.4652,1190.2535, 46.7989, 34.5970,16.8622,16.7446,24.5611, 7.4984, 24.6420, 3.1305,20.4579, 17.5642,10.5811,  7.0167, 31.3436, 14.9369,  9.9668,-13.9295,-37.7405, -9.6370, 133.6035, -9.2748, -1.4638,-27.6552,-10.4317, -3.4857,   0.8658, -2.3565, 3.3060, 3.2020,10.1118,-4.9716, 10.1832, -8.8329, 6.4845,  3.9265, -2.2466, -5.3975, 16.1075,  1.6039, -2.7896,-23.9139,-44.9627,-20.1193, 106.5049,-19.7991,-12.8942,-36.0474,-20.8218,-14.6816, -10.8348,-13.6834,1.1944,3.2169,0.1273, 6.8250,5.6129,1.1615,3.5257, 7.8914,0.4179,0.4346
2023-01-01,13.2520,659570.6987,332426.0551,111513.7389,40156.3595,28860.8900,35265.7632,27639.0842,31028.8032,24971.9029,14983.5190,11244.6222,6761.3720,28762.3830, 9875.0149,1540.5604,1354.2268, 41.2959,2547.3753,1634.3855, 489.3541, 930.5740,1250.7773, 51.5532, 34.9124,16.1902,16.5950,24.7721, 8.2569, 21.1372, 2.4691,21.4761, 18.1631, 7.8558,  5.9135, 33.8340, 18.8419, 10.8491,-14.8898,-39.6862, -9.1688, 100.0426, -9.7090, -5.0828,-19.9628, -9.7447, -1.3816,  11.1493, -4.2572, 2.5944, 2.9518,10.1721,-4.4106,  6.9626, -9.5212, 7.2618,  4.3365, -4.7648, -6.4798, 18.1737,  4.9358, -2.1217,-24.8488,-46.7437,-19.7973,  76.6350,-20.2743,-16.1894,-29.3282,-20.3058,-12.9212,  -1.8566,-15.4603,1.3815,3.3724,0.1431, 7.2234,5.9133,1.5771,3.7265, 8.3477,0.4585,0.5164
2023-02-01,13.2790,664645.1882,337008.0768,114823.7790,40406.3364,28974.3206,35447.8014,28040.4041,33174.0486,23972.1830,14947.8221,10805.4838,6415.8981,30107.9657,10067.4820,1516.3287,1413.5532, 59.6651,2615.0182,1663.6382, 480.0092, 946.4421,1289.5219, 47.5015, 35.8038,14.9822,16.0137,23.3670, 8.5627, 21.5071, 1.2380,20.0752, 29.1606, 0.1114,  5.5534, 23.8819, 17.3038, 17.5207,-10.1092,-37.2803, -1.9281, 506.4789, -7.6798,  3.3466,-13.4332,  3.1865, -2.7073, -12.9848, -2.8453, 1.5035, 2.4141, 8.9054,-4.1635,  7.2635,-10.6295, 5.9995, 14.0198,-11.6241, -6.8200,  9.3600,  3.5530,  3.7445,-20.6466,-44.6326,-13.4245, 435.3850,-18.5020, -8.7681,-23.5809, -8.9094,-14.1123, -23.1851,-14.2341,1.3206,3.4983,0.2059, 7.3771,5.9330,1.4469,3.9481, 8.6268,0.4396,0.5580
2023-03-01,13.3443,664739.0947,336602.0432,115104.4609,40562.9811,29281.2445,35480.6868,28594.6515,31814.1030,23701.9057,15054.3296,10233.5084,6774.1718,31520.1792,10675.2893,1853.0722,1409.0799, 40.0966,2655.3156,1727.9515, 491.7660,1011.2116,1327.1971,121.8329, 37.7658,13.4946,14.8114,19.6733, 8.2039, 22.4500, 0.7545,20.3322, 35.0588,-2.5128,  5.3652, 15.6645, 20.6735, 27.4504,  0.6767, -5.3167, -7.9633, 254.9589, -3.5397, 12.9796,  2.7706,  6.8427,  0.8537, 144.4623, 21.1777, 0.1326, 1.2944, 5.5838,-4.5352,  8.0336,-11.1076, 6.1652, 19.1580,-13.9902, -7.0398,  2.0470,  6.4663, 12.4453,-11.1763,-16.4641,-18.7990, 213.1686,-14.8963, -0.3218, -9.3288, -5.7362,-11.0201, 115.6811,  6.9111,1.6099,3.4738,0.1369, 7.4838,6.0429,1.5457,4.2664, 8.8160,1.1905,0.5575
2023-04-01,12.8229,669265.6900,340826.8201,118463.4724,40672.8934,29644.0744,35190.8764,29186.6092,31827.0545,23762.3125,15165.2002,10404.1330,6510.1943,33813.2038,11331.0901,2073.5740,1571.1147, 38.4574,2854.0236,1795.0429, 478.7298,1063.4282,1364.8453, 53.6812, 38.1931,12.2811,13.9673,18.3799, 7.9204, 21.8848, 0.6694,21.3048, 29.8484,-3.6063,  7.3584, 16.8755, 12.8406, 34.0285,  7.4262, 13.9585,  0.2468,  83.8936,  4.8672, 10.9611,  1.6532,  5.5862,  9.9212,   8.6036, 21.0168,-0.4802, 1.0144, 4.9254,-4.3453,  8.0320,-10.7722, 7.5179, 15.0905,-14.5619, -4.8434,  3.5921,  0.0157, 18.7955, -4.7833,  1.0066,-11.1467,  62.9932, -7.0514, -1.6502, -9.9001, -6.4142, -2.5719,  -3.7397,  7.2626,1.7504,3.8628,0.1297, 8.1101,6.1502,1.5042,4.4753, 8.9999,0.5160,0.5867
2023-05-01,12.3603,670459.6945,341234.9560,117680.5925,40893.5333,29669.8137,34890.3404,29804.5300,30490.5784,24246.6947,16173.4569,10591.5078,6793.9084,34331.3156,11533.3036,2115.0194,1573.5145, 53.9775,2873.5707,1825.4274, 440.9283,1106.8938,1449.5911, 53.7280, 40.6530,10.7507,12.5733,14.2605, 7.7788, 21.7583,-0.1202,21.9353, 29.3788,-1.8486, 12.1510, 10.7199,  9.8166, 35.7525, 10.6286,  6.7827,  6.8723, 129.0556,  5.8528, 23.6879,  0.2055, 13.6664, 15.7918,  -7.3000, 17.9575,-1.4325, 0.1896, 1.6912,-4.0775,  8.3642,-11.1075, 8.5217, 15.1464,-12.6458, -0.1863, -1.4599, -2.2638, 20.8189, -1.5412, -4.9640, -4.8842, 103.8582, -5.7916, 10.0815,-10.8177,  1.1624,  3.0540, -17.4975,  4.9815,1.7973,3.8478,0.1819, 8.2360,6.1247,1.4461,4.5651, 8.9628,0.5073,0.5984
2023-06-01,12.1296,672506.5393,343485.5784,121963.7941,41213.8167,29922.9723,35226.8252,30138.0024,27826.3184,23695.5580,15221.7866,10957.0574,7319.4472,35153.1484,11901.4892,2217.5872,1614.8495, 24.0201,2901.9482,2068.6816, 422.2970,1128.0243,1430.2095, 54.4401, 39.4317, 9.0784,10.9023,15.9528, 8.5775, 23.3346,-0.0920,20.0402,  6.3491,-5.4428,  4.4084, 12.1713, 14.7658, 38.1937, 17.8747, 23.4809, 11.9147, 116.0274,  6.0065, 41.3256,-12.3806, 27.6485, 19.2188,   6.1363, 36.5044,-2.7212,-1.0945, 3.4096,-3.1678,  9.9929,-10.8995, 7.0549, -5.1552,-15.6716, -6.8860,  0.0371,  2.3510, 23.2446,  5.1236, 10.1234, -0.1917,  92.6586, -5.4608, 26.0377,-21.8589, 13.8401,  6.3223,  -5.3450, 21.7381,1.8182,3.9182,0.0803, 8.2379,6.8640,1.5176,4.7605, 9.3958,0.4968,0.5387
2023-07-01,11.7849,670385.8229,341425.5847,122303.3759,41610.4729,29843.6573,34758.2749,30245.6069,25428.7700,23816.1282,15442.0903,11127.2495,6849.9587,36294.2778,12963.5332,2851.9157,1623.2771, 24.2611,2968.4493,2168.1002, 573.2035,1137.0930,1527.3238, 48.8673, 41.0421, 7.4453, 8.7591,14.8664, 9.1989, 19.4834,-1.5329,18.8009, -7.7809,-5.7979,  5.0546,  8.5864, 17.8976, 42.7774, 32.6752, 95.6167, 10.5918,  76.2326, 11.6352, 50.3823, 17.9854, 22.0392, 24.0456, -10.8198, 52.1440,-3.8821,-2.7068, 2.7566,-2.3134,  6.8869,-11.9138, 6.2763,-17.5031,-15.7292, -6.0207, -2.8614,  5.4682, 27.7251, 18.6880, 74.9939, -1.0674,  57.6533, -0.1339, 34.5282,  5.5468,  9.1733, 10.9681, -20.2216, 36.1042,2.3318,3.9011,0.0813, 8.5403,7.1683,2.2542,4.7745, 9.8907,0.4392,0.5992
2023-08-01,11.4273,672790.4924,342653.7634,121836.2920,41538.1964,30484.9349,34583.2261,30310.7030,27148.7561,23593.5001,15494.1499,11131.6101,6532.3948,36315.0971,12442.2169,2244.1568,1680.7088, 25.5185,2952.8465,2270.7929, 440.3689,1170.3698,1564.7628, 48.0640, 44.6280, 6.5001, 8.0323,14.1354, 8.2895, 21.3482,-2.1570,16.8382, -8.3416,-5.4761,  4.2329,  5.2722, 15.7690, 42.6499, 28.2415, 65.4902, 20.2341,  17.5407, 11.0728, 43.8589,-11.7046, 30.6605, 28.3289,   0.8108, 58.9384,-4.4219,-3.0469, 2.4303,-2.8160,  8.9034,-12.1912, 4.8560,-17.7416,-15.1699, -6.4567, -5.5239,  3.8964, 28.0205, 15.0898, 48.5185,  7.9036,   5.4864, -0.3182, 29.1055,-20.7596, 17.2607, 15.1682,  -9.5278, 42.6386,1.8419,4.0462,0.0837, 8.5384,7.4917,1.6221,4.9606,10.0991,0.4318,0.6832
2023-09-01,10.9943,675187.3953,344232.6716,122661.7595,41557.0621,30840.9577,34650.6754,30540.2138,26863.5263,23581.7529,14906.5419,11827.1063,6803.0758,36634.9450,12270.1676,2168.1067,1625.4838, 33.5287,2962.9684,2276.2335, 414.7543,1156.6626,1530.4022, 60.7198, 41.3076, 5.4626, 7.1495,13.8241, 6.8616, 22.7561,-2.1355,16.3081,-14.1307,-5.7165,  0.8992,  9.1912, 14.8878, 41.4500, 27.8658, 82.5971, 18.7208,  39.9226, 12.1621, 29.6457,-10.2895, 29.3094, 29.0682,  27.5325, 47.2652,-4.9838,-3.4640, 2.5495,-3.7234, 10.5967,-11.8293, 4.7874,-22.6363,-15.0556, -9.0952, -1.6245,  3.5078, 27.4389, 15.2003, 64.5103,  6.9611,  26.0628,  1.0521, 16.8039,-19.1756, 16.5010, 16.2836,  14.9001, 32.6781,1.7675,3.9115,0.1087, 8.5510,7.4532,1.5439,4.9049,10.2666,0.5134,0.6072
2023-10-01,10.4786,676150.6658,344594.8344,122240.0512,41509.6827,31318.5219,34427.2490,30694.1414,27674.6591,23426.2538,14908.0237,11622.3166,6773.9351,38453.0380,12840.8818,2302.2493,1722.4997, 64.2259,3054.5058,2285.4031, 441.8292,1234.9984,1631.8879, 60.7422, 42.5403, 4.2346, 5.6085,12.9825, 5.9356, 23.5896,-2.8562,13.0839,-18.5552,-6.0909,  0.3890,  4.9961, 10.1625, 44.0353, 30.9112, 89.9896, 25.8834, 132.8282, 15.2983, 27.2996,-13.6367, 23.5948, 39.7704,  30.0962, 34.7292,-5.6518,-4.4082, 2.2664,-4.1121, 11.8674,-12.0700, 2.3582,-26.2801,-14.9980, -9.1326, -4.9625, -0.2861, 30.3739, 18.4946, 71.9695, 13.9436, 110.7450,  4.3626, 15.2255,-21.8281, 11.8721, 26.5135,  17.7569, 21.9504,1.8834,4.1496,0.2051, 8.8723,7.4457,1.5965,5.2719,10.9464,0.5226,0.6280
2023-11-01,10.1486,676887.1826,344083.5333,121283.6488,41509.1897,32054.2233,34117.1014,30685.0487,26493.7053,23212.4510,14950.5662,12450.5087,7327.0903,39484.4688,12786.7580,2308.2479,1730.8076, 43.9563,3091.6121,2125.6989, 417.3746,1274.5954,1687.0665, 60.8097, 46.5891, 3.2471, 4.3386, 9.5046, 5.5993, 24.1356,-4.1714,12.5604,-19.3528,-7.7750, -0.0400, 10.9779,  7.2843, 43.6667, 32.4239, 68.4952, 32.1567, -12.2884, 19.9722, 28.5656, -3.0259, 30.2388, 40.5951,  19.9204, 28.7667,-6.2657,-5.2747,-0.5847,-4.1302, 12.6983,-13.0007, 2.1895,-26.7833,-16.2722, -9.2499,  0.7528, -2.6004, 30.4298, 20.2229, 52.9708, 19.9803, -20.3697,  8.9184, 16.7201,-11.9607, 18.2392, 27.6412,   8.8715, 16.9027,1.9032,4.1697,0.1371, 9.0618,6.9275,1.5754,5.4910,11.2843,0.4884,0.6358
2023-12-01, 9.2760,673654.5644,341707.4775,118002.6332,41918.5449,34353.1016,33539.5134,30431.6775,24635.9443,23102.4098,14781.8601,12695.6475,8246.1452,37529.5268,11765.4902,1901.0393,1593.1265, 45.2219,2931.7710,1901.6536, 383.5784,1209.1564,1705.8623, 48.9780, 45.1026, 1.8892, 2.3128, 6.1438, 5.2219, 23.4450,-6.2220,10.4477,-23.5262,-8.9375, -1.9956, 13.3809,  3.5813, 39.6923, 28.2675, 43.1638, 24.3131,  27.6145, 20.1074, 22.9634,  2.5145, 35.1821, 43.3192,   4.6564, 30.3658,-6.7598,-6.3722,-2.8664,-3.7100, 12.9662,-14.1825, 1.0722,-30.0178,-16.6674,-10.3149,  3.7564, -5.2114, 27.8343, 17.3793, 31.0112, 13.7606,  16.7817,  9.9119, 12.5255, -6.1876, 23.7069, 31.1534,  -4.2275, 19.2995,1.6110,3.8005,0.1316, 8.7412,6.2489,1.5570,5.2339,11.5402,0.3858,0.5470
2024-01-01, 8.3466,672375.1561,341728.7150,119974.5626,41895.7163,34871.7387,32787.7978,30145.1266,25836.7338,22948.3952,14625.3700,12298.9591,6344.3150,38589.3572,12255.3984,2002.6649,1636.6007, 79.5061,3041.3725,1998.5528, 395.8174,1203.7282,1799.6361, 49.1487, 48.3712, 1.9413, 2.7984, 7.5872, 4.3315, 20.8270,-7.0265, 9.0670,-16.7331,-8.1031, -2.3903,  9.3764, -6.1682, 34.1661, 24.1051, 29.9959, 20.8513,  92.5278, 19.3924, 22.2816,-19.1143, 29.3533, 43.8814,  -4.6642, 38.5501,-5.9118,-5.1207,-0.7008,-3.7058, 11.5190,-14.1888, 0.6650,-23.1476,-15.1825, -9.9097,  0.9505,-13.3966, 23.8305, 14.5446, 19.9815, 11.5414,  77.6962, 10.1949, 12.8615,-25.3454, 19.3885, 32.7974, -12.0084, 27.8767,1.6692,3.9064,0.2280, 9.2759,6.6298,1.5320,5.2454,12.3049,0.3996,0.7624
2024-02-01, 7.7374,674571.1942,344575.4521,122126.2652,41740.1624,35383.8103,32896.8479,30219.6314,25336.7831,23300.1039,14814.4230,12289.4328,6467.9920,38523.3177,12244.4621,1958.1296,1712.3916,115.4752,3016.6282,1912.5279, 388.0645,1208.6986,1836.3910, 47.5452, 48.6104, 1.4934, 2.2455, 6.3597, 3.3010, 22.1213,-7.1964, 7.7717,-23.6247,-2.8036, -0.8924, 13.7333,  0.8120, 27.9506, 21.6239, 29.1362, 21.1409,  93.5389, 15.3578, 14.9606,-19.1548, 27.7097, 42.4087,   0.0919, 35.7687,-5.7955,-5.0975,-1.2787,-4.1177, 13.3509,-13.8612, 0.0319,-29.1097, -9.7839, -8.0100,  5.5653, -6.4281, 18.7616, 12.8892, 19.8620, 12.4410,  79.6395,  7.0732,  6.7044,-24.9608, 18.5380, 32.1813,  -7.0964, 26.0182,1.6034,4.1025,0.3264, 9.1700,6.3288,1.5316,5.1875,12.3960,0.3869,0.7516
2024-03-01, 7.3627,675346.8054,346019.0367,124036.4505,41677.9697,34987.5072,32630.4419,30248.9919,24556.8114,23419.3697,14895.4725,12721.7935,6844.2283,39128.0739,12497.0442,1957.2943,1752.6296, 55.7320,3143.3372,1923.0425, 385.4295,1267.0199,1910.4250, 47.9532, 54.1810, 1.5958, 2.7977, 7.7599, 2.7488, 19.4878,-8.0332, 5.7855,-22.8116,-1.1920, -1.0552, 24.3151,  1.0342, 24.1366, 17.0652,  5.6243, 24.3811,  38.9941, 18.3790, 11.2903,-21.6234, 25.2972, 43.9443, -60.6402, 43.4656,-5.3714,-4.2520, 0.3700,-4.2975, 11.2936,-14.3401,-1.4690,-28.1050, -7.9681, -7.8406, 15.7898, -5.8945, 15.6236,  9.0371, -1.6192, 15.8514,  29.4622, 10.2609,  3.6583,-26.9983, 16.7046, 34.0730, -63.3394, 33.6270,1.5780,4.2052,0.1593, 9.6331,6.3574,1.5695,5.4101,12.8255,0.3769,0.7916
2024-04-01, 7.1633,675550.7264,346159.5910,124278.7108,41594.0079,35180.5526,32463.3928,30390.3343,25275.8479,23167.2058,14807.7524,12534.3971,6467.3896,39670.5167,13207.2955,2382.6227,1843.4268, 48.3350,3216.1587,1930.5565, 400.2992,1303.0303,1971.7824, 54.5883, 56.4955, 0.9391, 1.5647, 4.9089, 2.2647, 18.6765,-7.7505, 4.1242,-20.5838,-2.5044, -2.3570, 20.4752, -0.6575, 17.3226, 16.5580, 14.9042, 17.3324,  25.6847, 12.6886,  7.5493,-16.3831, 22.5311, 44.4693,   1.6900, 47.9207,-5.8081,-5.2244,-2.1037,-4.5711, 10.7436,-13.9169,-2.8359,-25.8923, -9.0215, -8.8839, 12.4221, -7.2980,  9.4802,  8.7668,  7.2234,  9.4894,  17.2834,  5.1560,  0.3602,-21.9724, 14.3406, 34.8123,  -5.1075, 38.0330,1.9172,4.4320,0.1374, 9.9070,6.3525,1.5837,5.6245,13.3159,0.4355,0.8735
2024-05-01, 7.1569,677352.2663,347843.8171,125642.0975,41837.2099,34932.6165,32631.9475,30851.9473,24959.0524,22902.6234,14737.7366,12398.2168,6950.3693,39315.6619,13049.2382,2162.3307,1849.6465, 47.0643,3230.9643,1992.2464, 395.1645,1318.9255,1944.3814, 51.0268, 57.4880, 1.0280, 1.9367, 6.7654, 2.3076, 17.7379,-6.4728, 3.5143,-18.1418,-5.5433, -8.8770, 17.0581,  2.3030, 14.5184, 13.1440,  2.2369, 17.5487, -12.8076, 12.4373,  9.1386,-10.3790, 19.1556, 34.1331,  -5.0276, 41.4114,-5.7195,-4.8715,-0.3654,-4.5254,  9.8743,-12.7194,-3.3993,-23.6090,-11.8520,-14.9630,  9.2399, -4.5298,  6.8698,  5.5872, -4.5914,  9.6978, -18.6311,  4.9277,  1.8493,-16.3647, 11.1973, 25.1745, -11.3707, 31.9666,1.7210,4.4211,0.1347, 9.9012,6.4574,1.5833,5.7588,13.1932,0.4116,0.8271
2024-06-01, 7.1825,682345.2733,353682.3894,128625.7996,41862.4043,34605.1233,32627.0815,31295.6347,27212.2296,23239.4888,14634.3022,12133.2737,7447.0517,39268.0139,13109.5550,2109.4417,1868.6119, 45.2304,3216.4186,2095.0878, 429.8135,1282.6646,1941.4676, 54.4511, 66.3677, 1.4630, 2.9686, 5.4623, 1.5737, 15.6473,-7.3800, 3.8411, -2.2069,-1.9247, -3.8595, 10.7348,  1.7434, 11.7055, 10.1505, -4.8767, 15.7143,  88.3024, 10.8365,  1.2765,  1.7799, 13.7090, 35.7471,   0.0202, 68.3104,-5.3362,-3.9315,-1.6049,-5.2329,  7.8976,-13.5866,-3.1175, -8.7601, -8.4969,-10.3020,  3.3143, -5.0746,  4.2200,  2.7692,-11.2511,  7.9601,  75.6840,  3.4092, -5.5102, -5.0405,  6.0891, 26.6505,  -6.6823, 57.0317,1.6400,4.4637,0.1307, 9.8581,6.6945,1.5795,5.5193,13.2666,0.4488,0.8912
2024-07-01, 6.8600,681852.4563,353544.5630,129585.5140,41702.5585,34977.0026,33003.1614,30868.0683,26355.3122,22989.1290,14806.0373,12055.3060,7202.4736,38874.5126,13525.9916,2331.1935,1939.6346, 46.0523,3257.4523,1979.2716, 487.1311,1375.6580,1995.1623, 48.1529, 66.2830, 1.7105, 3.5495, 5.9542, 0.2213, 17.2008,-5.0495, 2.0580,  3.6437,-3.4724, -4.1190,  8.3404,  5.1462,  7.1092,  4.3388,-18.2587, 19.4888,  89.8191,  9.7358, -8.7094,-15.0160, 20.9803, 30.6313,  -1.4619, 61.4999,-4.8190,-3.0980,-0.8477,-6.2126,  9.6769,-11.1450,-4.4937, -3.0099, -9.6692,-10.2742,  1.3853, -1.6038,  0.2332, -2.3594,-23.5062, 11.8181,  77.6334,  2.6912,-14.5699,-20.4717, 13.2137, 22.2452,  -7.7877, 51.1322,1.7990,4.6511,0.1317, 9.8701,6.4120,1.8483,5.9839,13.4753,0.3994,0.9203
2024-08-01, 6.1204,682266.9816,353443.7996,129954.9872,41796.4845,35171.1716,32998.6819,30498.6218,26618.3117,22792.0008,14730.4271,11979.5408,6903.5722,38913.2164,13618.9142,2501.0314,1871.7268, 49.3859,3262.7829,2074.8416, 428.0802,1357.7820,1955.8385, 47.8783, 69.5665, 1.4085, 3.1490, 6.6636, 0.6218, 15.3723,-4.5818, 0.6200, -1.9538,-3.3971, -4.9291,  7.6173,  5.6821,  7.1544,  9.4573, 11.4464, 11.3653,  93.5299, 10.4962, -8.6292, -2.7905, 16.0131, 24.9926,  -0.3862, 55.8809,-4.4402,-2.8001, 0.5118,-5.1815,  8.7183,-10.0850,-5.1832, -7.6086, -8.9686,-10.4123,  1.4105, -0.4131,  0.9743,  3.1444,  5.0188,  4.9424,  82.3681,  4.1234,-13.8990, -8.3971,  9.3221, 17.7838,  -6.1314, 46.8906,1.9245,4.4782,0.1404, 9.8876,6.8031,1.6082,5.9573,13.2775,0.3997,1.0077
2024-09-01, 5.8088,683396.4178,353755.3600,130306.0210,41713.6858,34953.7555,32957.6185,29712.9703,26505.8210,22829.0161,14912.5397,12648.9921,7214.9399,38985.0920,13754.2246,2496.1129,1945.3521, 44.3033,3301.3500,2051.5936, 444.3394,1415.5233,1931.4271, 54.6302, 69.5927, 1.2158, 2.7664, 6.2320, 0.3769, 13.3355,-4.8861,-2.7087, -1.3316,-3.1920,  0.0402,  6.9492,  6.0541,  6.4150, 12.0948, 15.1287, 19.6783,  32.1354, 11.4204, -9.8689,  7.1332, 22.3800, 26.2039, -10.0291, 68.4743,-4.3408,-2.8754, 0.4000,-5.1337,  7.1135,-10.1077,-8.0499, -6.7483, -8.5067, -5.4519,  1.0778,  0.2318,  0.5730,  5.9410,  8.8083, 13.1081,  24.8813,  5.3035,-14.8170,  1.2517, 15.6614, 19.2754, -14.9684, 59.2253,1.9156,4.6636,0.1267,10.0170,6.9047,1.6764,6.2005,12.9517,0.4319,0.9646
2024-10-01, 5.4061,687199.1495,356095.0531,129524.0969,41672.3417,35072.4584,32203.4824,30640.8968,28679.9224,22454.3749,17514.6811,11368.9392,6963.8593,38644.0304,13889.1579,2658.6632,1860.3028, 55.7401,3249.6673,2131.6422, 489.6855,1432.8681,1872.3220, 62.3664, 75.9003, 1.6340, 3.3373, 5.9588, 0.3919, 11.9863,-6.4593,-0.1735,  3.6324,-4.1487, 17.4849, -2.1801,  2.8038,  0.4967,  8.1636, 15.4811,  8.0002, -13.2124,  6.3893, -6.7280, 10.8314, 16.0219, 14.7335,   2.6738, 78.4199,-3.5786,-1.9627, 0.5243,-4.7571,  6.2427,-11.2569,-5.2934, -1.6827, -9.0648, 11.4593, -7.1971, -2.4689, -4.6576,  2.6160,  9.5583,  2.4610, -17.6636,  0.9327,-11.5117,  5.1470, 10.0713,  8.8490,  -2.5922, 69.2690,2.0526,4.4641,0.1589,10.0910,6.9569,1.7074,6.3812,10.6900,0.5486,1.0899
2024-11-01, 5.1974,694457.8460,359674.9123,132660.4237,41631.0764,35843.9432,32172.3067,30563.2692,29737.3932,22914.4259,15309.6620,11544.5365,7297.8756,39096.5507,14221.1747,2986.7760,1890.1843, 67.0724,3189.5677,2156.0188, 465.4707,1468.3620,1863.5182, 56.8542, 77.3503, 2.5958, 4.5313, 9.3803, 0.2936, 11.8228,-5.7004,-0.3969, 12.2432,-1.2839,  2.4019, -7.2766, -0.3987, -0.9825, 11.2180, 29.3958,  9.2082,  52.5888,  3.1684,  1.4264, 11.5235, 15.2022, 10.4591,  -6.5047, 66.0269,-2.4730,-0.6332, 3.9763,-4.6614,  6.2981,-10.3593,-5.3178,  6.6978, -6.1610, -2.6574,-11.8577, -5.3196, -5.8745,  5.7232, 23.0029,  3.8127,  45.0501, -1.9287, -3.5847,  6.0136,  9.5105,  5.0018, -11.1239, 57.8242,2.2514,4.5403,0.1871, 9.9140,7.0543,1.5653,6.4080,12.1722,0.4925,1.0599
2024-12-01, 5.2031,696841.1874,361639.5019,128549.6451,41881.2165,38987.1753,32106.4132,30220.0460,30391.7281,23410.2616,15563.0741,12519.7363,8010.2057,36453.3635,13085.8236,2620.4797,1717.6545, 81.9344,2929.7482,1965.0776, 436.1016,1402.9375,1827.5526, 19.2410, 85.0964, 3.4419, 5.8331, 8.9379,-0.0891, 13.4895,-4.2729,-0.6954, 23.3634, 1.3326,  5.2850, -1.3856, -2.8612, -2.8675, 11.2221, 37.8446,  7.8166,  81.1829, -0.0690,  3.3352, 13.6930, 16.0261,  7.1337, -60.7149, 88.6728,-1.6740, 0.5988, 3.5502,-5.0304,  7.8766, -9.0073,-5.6068, 17.2621, -3.6791,  0.0778, -6.2628, -7.6654, -7.6714,  5.7213, 31.0272,  2.4843,  72.2221, -5.0113, -1.7755,  8.0700, 10.2878,  1.8351, -62.6579, 79.3416,2.0385,4.1013,0.2102, 9.1251,6.5026,1.4349,5.9928,11.7429,0.1537,1.0624
2025-01-01, 5.2230,695316.6445,360353.6663,129794.4736,41906.5171,39655.8498,31984.0339,30184.8148,29114.7418,22928.4174,15287.9106,12286.3327,7210.5745,36866.2629,13360.7628,2843.5225,1751.2092, 83.6711,2930.2470,1941.7183, 411.8563,1434.1112,1795.7781, 18.5705,150.0787, 3.4120, 5.4502, 8.1850, 0.0258, 13.7192,-2.4514, 0.1317, 12.6874,-0.0871,  4.5301, -0.1027, 13.6541, -4.4652,  9.0194, 41.9869,  7.0028,   5.2386, -3.6538, -2.8438,  4.0521, 19.1391, -0.2144, -62.2157,210.2646,-1.7211, 0.2160, 2.8150,-4.9392,  8.0745, -7.2935,-4.8386,  7.0939, -5.0465, -0.6585, -5.0613,  8.0126, -9.2073,  3.6080, 34.9391,  1.6915,   0.0149, -8.4362, -7.6664, -1.1128, 13.2254, -5.1675, -64.0912,194.8639,2.1908,4.1788,0.2110, 9.1616,6.4328,1.4146,6.2547,11.7464,0.1511,2.0814
2025-02-01, 5.2766,701027.6575,364598.4372,133867.0720,42140.4757,39647.3512,32398.5315,29955.4447,28279.7879,23812.1632,15308.8792,11970.0399,7218.6921,36875.0706,13702.3157,2995.0365,1756.6928, 82.0456,2930.8840,2147.2696, 384.0357,1448.0390,1757.9527, 18.5553,181.8044, 3.9220, 5.8109, 9.6137, 0.9591, 12.0494,-1.5148,-0.8742, 11.6155, 2.1977,  3.3377, -2.5989, 11.6064, -4.2786, 11.9062, 52.9540,  2.5871, -28.9496, -2.8424, 12.2739, -1.0382, 19.8015, -4.2713, -60.9733,274.0029,-1.2867, 0.5075, 4.1197,-4.1011,  6.4334, -6.4510,-5.8425,  6.0212, -2.9246, -1.8417, -7.4808,  6.0125, -9.0762,  6.2974, 45.2877, -2.5547, -32.5107, -7.7120,  6.6466, -5.9983, 13.7969, -9.0694, -62.9293,255.2574,2.2373,4.1687,0.2069, 9.0463,7.1682,1.3580,6.0811,11.4832,0.1550,2.5185
2025-03-01, 5.0900,703665.6945,366157.4785,135971.4964,42268.5590,39400.4803,32348.1091,29790.6574,28131.2579,23608.4940,15387.0326,11749.0867,7502.3052,36647.3954,13879.1980,3268.0282,1769.8269, 79.1675,2918.3817,2008.4929, 293.8107,1507.9379,1822.3168, 18.8901,192.3452, 4.1932, 5.8200, 9.6222, 1.4170, 12.6130,-0.8652,-1.5152, 14.5558, 0.8076,  3.3001, -7.6460,  9.6151, -6.3399, 11.0598, 66.9666,  0.9812,  42.0504, -7.1566,  4.4435,-23.7706, 19.0145, -4.6120, -60.6073,255.0051,-0.8533, 0.6947, 4.3127,-3.4951,  7.1586, -5.6668,-6.2853,  9.0074, -4.0750, -1.7032,-12.1191,  4.3059,-10.8763,  5.6807, 58.8796, -3.9098,  35.1702,-11.6534, -0.6152,-27.4627, 13.2501, -9.2321, -62.5153,237.8106,2.4035,4.1871,0.2009, 9.0218,6.7420,1.0444,6.3873,11.8432,0.1608,2.5638
2025-04-01, 5.1623,706990.0862,367405.0803,136830.5541,42114.5122,39839.7232,32215.0915,29975.8028,27853.1060,23716.5677,15292.2592,12129.4735,7437.9900,36693.8079,14056.3336,3449.6326,1743.7009, 60.3697,2939.7073,1982.4693, 308.7853,1553.6509,1814.6155, 18.0250,185.3772, 4.6539, 6.1375,10.0998, 1.2514, 13.2436,-0.7649,-1.3640, 10.1965, 2.3713,  3.2720, -3.2305, 15.0076, -7.5036,  6.4286, 44.7830, -5.4098,  24.8984, -8.5957,  2.6890,-22.8614, 19.2337, -7.9708, -66.9801,228.1276,-0.4834, 0.9273, 4.6951,-3.7189,  7.6846, -5.6362,-6.2059,  4.7871, -2.6540, -1.7975, -7.9808,  9.3620,-12.0441,  1.2041, 37.6758,-10.0531,  18.7673,-13.0826, -2.3519,-26.6480, 13.3806,-12.4884, -68.6010,212.0202,2.5211,4.1404,0.1515, 9.1252,6.6136,1.1086,6.5509,11.8662,0.1486,2.4923
2025-05-01, 5.0521,712735.9791,370521.8396,139431.7783,42645.0638,39587.8810,32376.6893,30424.1937,27666.7158,23969.1249,14894.4132,11704.0926,7821.8870,35460.2354,13415.7594,3137.5391,1690.1203, 62.7685,2954.1342,1923.2489, 289.7911,1489.7718,1665.7969, 17.4196,185.1690, 5.2238, 6.5196,10.9754, 1.9309, 13.3264,-0.7822,-1.3865, 10.8484, 4.6567,  1.0631, -5.5986, 12.5392, -9.8063,  2.8088, 45.0999, -8.6247,  33.3675, -8.5680, -3.4633,-26.6657, 12.9534,-14.3277, -65.8618,222.1004, 0.1635, 1.3969, 5.6384,-2.9711,  7.8764, -5.5538,-6.1289,  5.5176, -0.3764, -3.7972,-10.1385,  7.1270,-14.1439, -2.1355, 38.1218,-13.0191,  26.9537,-12.9651, -8.1059,-30.1925,  7.5213,-18.4478, -67.5036,206.6102,2.2502,3.9632,0.1586, 9.1243,6.3214,1.0474,6.2154,11.1840,0.1488,2.3673
2025-06-01, 4.8201,716216.3585,372570.4593,140944.2202,42807.1378,39468.5414,32529.1158,30399.4478,26906.8066,24226.3442,15007.1215,12039.5520,8242.1722,35583.0091,13628.3200,3223.4714,1801.1078, 54.8367,2923.1439,1942.6356, 284.9638,1561.3940,1633.5728, 15.9649,187.2289, 4.9639, 5.3404, 9.5769, 2.2568, 14.0540,-0.3003,-2.8636, -1.1224, 4.2465,  2.5476, -0.7724, 10.6770, -9.3842,  3.9572, 52.8116, -3.6125,  21.2385, -9.1181, -7.2766,-33.7006, 21.7305,-15.8589, -70.6804,182.1086, 0.1372, 0.4964, 4.5381,-2.4454,  8.8094, -4.8849,-7.3304, -5.6692, -0.5472, -2.1680, -5.3353,  5.5876,-13.5511, -0.8232, 45.7847, -8.0448,  15.6634,-13.2972,-11.5405,-36.7493, 16.1328,-19.7280, -72.0286,169.1360,2.2871,4.2075,0.1389, 8.9862,6.3904,1.0591,6.4450,10.8853,0.1326,2.2716
2025-07-01, 4.9005,720473.8431,373816.2924,141326.3177,43042.2503,39973.0828,31283.5332,30786.3161,27911.1516,24407.4470,14944.1237,12037.6230,8104.4468,34347.5739,13471.2626,3301.7409,1689.2182, 73.3091,2859.0255,1873.7178, 285.4491,1535.9586,1628.8586, 15.8306,208.1542, 5.6642, 5.7339, 9.0603, 3.2125, 14.2839,-5.2105,-0.2648,  5.9033, 6.1695,  0.9326, -0.1467, 12.5231,-11.6450, -0.4046, 41.6331,-12.9105,  59.1866,-12.2312, -5.3330,-41.4020, 11.6527,-18.3596, -67.1243,214.0385, 0.7280, 0.7945, 3.9655,-1.6091,  8.9451, -9.6386,-4.9240,  0.9560,  1.2098, -3.7825, -4.8114,  7.2665,-15.7725, -5.0573, 35.0166,-16.9789,  51.7501,-16.3314, -9.7554,-44.1394,  6.4368,-22.1735, -68.6601,199.3681,2.3363,3.9246,0.1834, 9.1391,6.0862,1.0227,6.2930,10.8997,0.1315,2.5684
2025-08-01, 5.0956,723809.8456,374406.7901,141148.5198,43094.1631,40326.5372,31145.0622,30798.5828,27937.3092,24720.2139,15257.9796,11989.7251,7988.6973,34492.5615,13494.2404,3507.1473,1712.5633, 86.1578,2853.1048,1766.2983, 252.6948,1488.0868,1589.2402, 15.7710,223.1761, 6.0889, 5.9311, 8.6134, 3.1048, 14.6579,-5.6173, 0.9835,  4.9552, 8.4600,  3.5814,  0.0850, 15.7183,-11.3603, -0.9154, 40.2280, -8.5036,  74.4583,-12.5561,-14.8707,-40.9702,  9.5969,-18.7438, -67.0603,220.8098, 0.9452, 0.7950, 3.3473,-1.8943,  9.0987,-10.1934,-3.9127, -0.1335,  3.2013, -1.4408, -4.7676, 10.1077,-15.6580, -5.7196, 33.4291,-12.9398,  65.9997,-16.7958,-18.9982,-43.8323,  4.2831,-22.6835, -68.6574,205.2553,2.4847,3.9740,0.2137, 9.1607,5.7350,0.9045,6.0197,10.4158,0.1315,2.7936
2025-09-01, 5.1767,727918.6973,374409.6395,140024.6952,43320.3865,41684.1066,31485.7352,31283.0988,26561.1921,25146.3513,15008.4648,11296.6068,8599.0021,34013.6147,13284.0587,3410.8669,1623.1706, 73.4845,2802.2543,1786.3233, 259.6001,1496.7897,1576.6088, 15.7543,239.2062, 6.5149, 5.8386, 7.4583, 3.8517, 19.2550,-4.4660, 5.2843,  0.2089,10.1508,  0.6433,-10.6916, 19.1833,-12.7523, -3.4183, 36.6471,-16.5616,  65.8667,-15.1179,-12.9300,-41.5762,  5.7411,-18.3708, -71.1619,243.7230, 1.2723, 0.6293, 2.1693,-1.2598, 13.3854, -9.1681, 0.1023, -4.7233,  4.7293, -4.3104,-15.0874, 13.3171,-17.0465, -8.1720, 29.9214,-20.6684,  57.7029,-19.2958,-17.2155,-44.4518,  0.5366,-22.3885, -72.5813,226.8052,2.4359,3.7469,0.1763, 8.9001,5.7102,0.9774,5.9523,10.5048,0.1395,2.7818
2025-10-01, 5.5122,732286.5146,374491.2916,141325.4677,43506.9117,41866.3091,31315.7546,30930.6278,25899.6588,24644.8645,14875.7896,11438.9756,8686.9322,33462.3469,12718.7036,3142.4212,1625.1690, 77.7498,2662.8646,1759.6149, 247.7349,1403.2299,1561.7770, 15.7461,222.3963, 6.5610, 5.1661, 9.1113, 4.4024, 19.3709,-2.7566, 0.9456, -9.6941, 9.7553,-15.0667,  0.6160, 24.7431,-13.4088, -8.4271, 18.1955,-12.6395,  39.4861,-18.0573,-17.4526,-49.4094, -2.0685,-16.5861, -74.7523,193.0109, 0.9940,-0.3280, 3.4111,-1.0519, 13.1347, -7.8369,-4.3281,-14.4119,  4.0214,-19.5039, -4.6404, 18.2262,-17.9325,-13.2111, 12.0207,-17.2035,  32.1990,-22.3382,-21.7651,-52.0524, -7.1847,-20.9438, -76.0713,177.7033,2.2235,3.7354,0.1857, 8.5033,5.6889,0.9565,5.6938,10.4988,0.1377,2.5601
2025-11-01, 5.3011,741776.4090,379490.1186,144032.9513,43947.0914,43225.7203,31467.9622,30578.2269,26224.2686,24574.1735,14744.7732,11518.3391,9176.6122,33982.4348,12834.8351,3114.3937,1714.7075, 70.9220,2632.8806,1808.9345, 233.5913,1432.1525,1570.7333, 62.7147,193.8051, 6.8137, 5.5092, 8.5727, 5.5632, 20.5942,-2.1893, 0.0489,-11.8138, 7.2432, -3.6898, -0.2269, 25.7436,-13.0807, -9.7484,  4.2728, -9.2836,   5.7394,-17.4534,-16.0984,-49.8161, -2.4660,-15.7114,  10.3080,150.5549, 1.4365, 0.1977, 3.1069, 0.2489, 14.5233, -7.1133,-4.9877,-16.2533,  1.8444, -8.5382, -5.2497, 19.4134,-17.4564,-14.2919, -0.9765,-13.8504,   0.4163,-21.6089,-20.3222,-52.3425, -7.3760,-19.9547,   4.7549,137.9414,2.1623,3.9018,0.1641, 8.3669,5.9158,0.8907,5.8279,10.6528,0.5445,2.1119
2025-12-01, 5.0999,749486.3680,384054.8171,144247.6945,44046.0540,44144.6638,31785.4231,29917.3186,29375.7257,23757.5010,14926.0687,11995.9351,9858.4326,32520.8933,12464.3186,3052.1887,1572.3074, 78.6300,2587.9076,1835.8946, 222.2585,1371.4255,1513.5411, 29.1310,201.0343, 7.5548, 6.1982,12.2117, 5.1690, 13.2287,-0.9998,-1.0017, -3.3430, 1.4833, -4.0931, -4.1838, 23.0734,-10.7877, -4.7495, 16.4744, -8.4620,  -4.0330,-11.6679, -6.5739,-49.0352, -2.2461,-17.1821,  51.4002,136.2429, 2.3358, 1.0451, 6.7667, 0.0658,  7.7344, -5.8037,-5.8055, -8.0332, -3.4411, -8.7469, -8.8332, 17.1014,-15.1166, -9.3714, 10.8226,-12.9038,  -8.6897,-15.9542,-11.1074,-51.5082, -6.9896,-21.2007,  44.0536,124.7794,2.1159,3.5697,0.1781, 8.1418,6.1366,0.7566,5.7726,10.1403,0.2428,2.0392
2026-01-01, 5.3536,753522.3154,385824.1261,147635.0473,44286.0989,45419.6574,31725.3441,29422.6313,27917.9152,23711.1710,14916.7813,11839.7406,8949.7391,33505.5468,12734.2607,3065.1834,1637.4066, 93.3793,2684.9352,1839.4791, 217.9503,1449.1847,1510.1511, 37.9644,198.6266, 8.3711, 7.0682,13.7452, 5.6783, 14.5346,-0.8088,-2.5251, -4.1107, 3.4139, -2.4276, -3.6349, 24.1196, -9.1160, -4.6891,  7.7953, -6.4985,  11.6028, -8.3717, -5.2654,-47.0810,  1.0511,-15.9055, 104.4341, 32.3483, 2.8642, 1.6275, 7.9652, 0.3082,  8.7144, -5.8493,-7.4783, -8.9834, -1.8411, -7.3858, -8.5317, 17.8124,-13.7343, -9.5324,  2.3176,-11.2498,   5.9316,-13.0279,-10.0794,-49.7701, -4.0839,-20.1788,  94.0456, 25.6230,2.0762,3.6973,0.2056, 8.4631,6.2519,0.7807,6.1118,10.1238,0.3207,2.2194
