fecha,inflacion,bruta_total,bruta_consumo,bruta_libranza,bruta_libre_inversion,bruta_tarjetas_de_credito,bruta_vehiculo,bruta_credito_rotativo,bruta_otros,bruta_empleados,bruta_bajo_monto,vencida_total,vencida_consumo,vencida_libranza,vencida_libre_inversion,vencida_tarjetas_de_credito,vencida_vehiculo,vencida_credito_rotativo,vencida_otros,vencida_empleados,vencida_bajo_monto,gr_bruta_total,gr_bruta_consumo,gr_bruta_libranza,gr_bruta_libre_inversion,gr_bruta_tarjetas_de_credito,gr_bruta_vehiculo,gr_bruta_credito_rotativo,gr_bruta_otros,gr_bruta_empleados,gr_bruta_bajo_monto,gr_vencida_total,gr_vencida_consumo,gr_vencida_libranza,gr_vencida_libre_inversion,gr_vencida_tarjetas_de_credito,gr_vencida_vehiculo,gr_vencida_credito_rotativo,gr_vencida_otros,gr_vencida_empleados,gr_vencida_bajo_monto,rgr_bruta_total,rgr_bruta_consumo,rgr_bruta_libranza,rgr_bruta_libre_inversion,rgr_bruta_tarjetas_de_credito,rgr_bruta_vehiculo,rgr_bruta_credito_rotativo,rgr_bruta_otros,rgr_bruta_empleados,rgr_bruta_bajo_monto,rgr_vencida_total,rgr_vencida_consumo,rgr_vencida_libranza,rgr_vencida_libre_inversion,rgr_vencida_tarjetas_de_credito,rgr_vencida_vehiculo,rgr_vencida_credito_rotativo,rgr_vencida_otros,rgr_vencida_empleados,rgr_vencida_bajo_monto,npl_libranza,npl_libre_inversion,npl_tarjetas_de_credito,npl_vehiculo,npl_credito_rotativo,npl_otros,npl_empleados,npl_bajo_monto
2015-01-01, 3.8207,329380.8053, 89649.5650,32336.1264,19807.6524,19322.3174,10465.6897,5378.4605,2088.0709,251.2467,   0.0010,11282.9705, 4083.8545, 623.3044,1329.6177,1064.9868, 587.0563,285.7560,191.4044,1.7289, 0.0000,,,,,,,,,,,,,,,,,,,,,,,,,,,,,,,,,,,,,,,,,1.9276, 6.7126,5.5117,5.6093, 5.3130, 9.1666,0.6881, 0.0000
2015-02-01, 4.3560,334196.9318, 90385.9105,32785.7039,20010.0364,19193.5242,10543.0029,5404.6136,2188.5889,260.4387,   0.0021,11345.3807, 4217.5531, 648.4756,1338.9653,1143.1719, 607.0820,291.7276,186.4274,1.7034, 0.0000,,,,,,,,,,,,,,,,,,,,,,,,,,,,,,,,,,,,,,,,,1.9779, 6.6915,5.9560,5.7582, 5.3978, 8.5182,0.6540, 0.0000
2015-03-01, 4.5552,339422.2683, 91402.7846,33275.0974,20148.4011,19221.6366,10632.4671,5414.5597,2445.7691,264.8516,   0.0020,11421.7059, 4251.6133, 663.3028,1357.5855,1149.4807, 599.1027,297.4162,182.9311,1.7941, 0.0000,,,,,,,,,,,,,,,,,,,,,,,,,,,,,,,,,,,,,,,,,1.9934, 6.7379,5.9801,5.6347, 5.4929, 7.4795,0.6774, 0.0000
2015-04-01, 4.6378,340724.4040, 92245.0136,33715.6438,20344.3922,19493.9091,10699.9744,5437.1760,2286.6501,267.2662,   0.0018,11875.0684, 4448.5656, 697.6273,1430.4771,1198.6725, 612.8396,316.1634,190.5777,2.2080, 0.0000,,,,,,,,,,,,,,,,,,,,,,,,,,,,,,,,,,,,,,,,,2.0692, 7.0313,6.1490,5.7275, 5.8148, 8.3344,0.8261, 0.0000
2015-05-01, 4.4080,346790.8980, 93028.8720,34010.0287,20614.5360,19898.6584,10777.4749,5457.9453,2002.2299,267.9971,   0.0016,12129.4856, 4566.9623, 700.3358,1465.8383,1237.0499, 630.6705,333.3965,196.9052,2.7661, 0.0000,,,,,,,,,,,,,,,,,,,,,,,,,,,,,,,,,,,,,,,,,2.0592, 7.1107,6.2168,5.8517, 6.1085, 9.8343,1.0321, 0.0000
2015-06-01, 4.4203,351808.3886, 94511.3096,34375.0232,21534.7623,20029.6847,10824.1988,5481.4169,2012.4362,253.7859,   0.0015,12352.7300, 4631.6617, 735.6885,1497.7021,1239.2718, 625.9931,335.6136,195.1731,2.2195, 0.0000,,,,,,,,,,,,,,,,,,,,,,,,,,,,,,,,,,,,,,,,,2.1402, 6.9548,6.1872,5.7833, 6.1228, 9.6984,0.8745, 0.0000
2015-07-01, 4.4557,357160.3173, 95332.6460,34720.3072,21752.9205,20134.2777,10913.7503,5533.6633,2018.2671,259.4586,   0.0013,12169.8987, 4450.0767, 690.9602,1437.6756,1184.5093, 617.6602,331.4589,185.5973,2.2151, 0.0000,,,,,,,,,,,,,,,,,,,,,,,,,,,,,,,,,,,,,,,,,1.9901, 6.6091,5.8830,5.6595, 5.9899, 9.1959,0.8537, 0.0000
2015-08-01, 4.7443,365425.4512, 96222.0204,35197.1000,21981.3511,20222.1279,11004.4523,5555.6939,1997.2757,264.0183,   0.0011,12490.9325, 4521.3945, 701.7271,1447.3636,1193.5215, 645.3754,345.6163,185.6547,2.1358, 0.0000,,,,,,,,,,,,,,,,,,,,,,,,,,,,,,,,,,,,,,,,,1.9937, 6.5845,5.9021,5.8647, 6.2209, 9.2954,0.8090, 0.0000
2015-09-01, 5.3507,367407.0694, 97236.9606,35626.4652,22389.0128,20277.8278,11126.5360,5577.2292,1971.4022,268.4864,   0.0010,12475.9669, 4470.0297, 723.1778,1421.1480,1179.0660, 628.2057,337.2846,178.9884,2.1591, 0.0000,,,,,,,,,,,,,,,,,,,,,,,,,,,,,,,,,,,,,,,,,2.0299, 6.3475,5.8146,5.6460, 6.0475, 9.0792,0.8042, 0.0000
2015-10-01, 5.8948,369874.1708, 98135.4463,35956.2613,22755.3487,20399.2038,11226.8012,5581.1747,1945.2456,271.3836,   0.0274,12442.8618, 4518.1252, 743.2284,1452.5474,1164.7792, 635.3467,343.7142,175.7733,2.7358, 0.0000,,,,,,,,,,,,,,,,,,,,,,,,,,,,,,,,,,,,,,,,,2.0670, 6.3833,5.7099,5.6592, 6.1585, 9.0360,1.0081, 0.0000
2015-11-01, 6.3931,375834.6122, 99378.9759,36321.9297,22989.8652,20931.1986,11330.1484,5592.0360,1942.1341,271.3630,   0.3009,12966.1768, 4687.9583, 779.8405,1496.5054,1223.5855, 660.2296,348.1258,176.6103,3.0613, 0.0000,,,,,,,,,,,,,,,,,,,,,,,,,,,,,,,,,,,,,,,,,2.1470, 6.5094,5.8457,5.8272, 6.2254, 9.0936,1.1281, 0.0000
2015-12-01, 6.7691,377193.8127,100165.0649,36476.7691,23132.0907,21259.8763,11536.4767,5600.8363,1899.7726,258.7524,   0.4907,12125.1587, 4465.3077, 757.2102,1424.3439,1189.6417, 611.6934,315.5095,165.1195,1.7875, 0.0020,,,,,,,,,,,,,,,,,,,,,,,,,,,,,,,,,,,,,,,,,2.0759, 6.1574,5.5957,5.3023, 5.6333, 8.6915,0.6908, 0.4076
2016-01-01, 7.4547,379547.1332,100296.4769,36512.8677,22976.1848,21393.3306,11546.7944,5649.3968,1954.9433,262.5386,   0.4207,13102.0078, 4628.6473, 794.5696,1498.3678,1171.4734, 672.9720,320.4072,168.4688,2.3578, 0.0308,15.2305,11.8761,12.9166, 15.9965,10.7182,10.3300,  5.0374, -6.3756, 4.4944,40491.1440, 16.1220, 13.3402, 27.4770, 12.6916,  9.9989, 14.6350, 12.1261,-11.9828, 36.3694,      Inf, 7.2363,  4.1147, 5.0830,  7.9492,  3.0371, 2.6758, -2.2496,-12.8709, -2.7550,37675.1080,  8.0659,  5.4771, 18.6332,  4.8736,  2.3676,  6.6821,  4.3473,-18.0890, 26.9087,      Inf,2.1761, 6.5214,5.4759,5.8282, 5.6715, 8.6176,0.8981, 7.3218
2016-02-01, 7.5929,384011.2000,101016.5179,36909.7670,23185.6120,21420.5293,11620.3690,5666.7610,1947.6330,265.4931,   0.3535,13372.0101, 4827.5307, 824.6070,1523.8197,1277.3221, 685.1728,335.1931,179.4560,1.8975, 0.0624,14.9057,11.7614,12.5788, 15.8699,11.6029,10.2188,  4.8504,-11.0096, 1.9407,17081.4291, 17.8630, 14.4628, 27.1608, 13.8058, 11.7349, 12.8633, 14.8993, -3.7394, 11.3957,      Inf, 6.7967,  3.8743, 4.6341,  7.6929,  3.7271, 2.4406, -2.5489,-17.2897, -5.2532,15868.9311,  9.5454,  6.3852, 18.1871,  5.7745,  3.8497,  4.8985,  6.7909,-10.5326,  3.5345,      Inf,2.2341, 6.5723,5.9631,5.8963, 5.9151, 9.2141,0.7147,17.6630
2016-03-01, 7.9756,383789.1197,101663.9849,37267.3818,23324.7835,21509.5655,11712.2586,5672.1377,1909.9961,267.5865,   0.2752,13735.1344, 4979.1662, 847.5721,1585.0780,1311.1005, 711.1945,346.5756,175.1267,2.4459, 0.0728,13.0713,11.2264,11.9978, 15.7649,11.9029,10.1556,  4.7571,-21.9061, 1.0326,13830.2984, 20.2547, 17.1124, 27.7806, 16.7571, 14.0602, 18.7099, 16.5288, -4.2663, 36.3255,      Inf, 4.7193,  3.0106, 3.7251,  7.2139,  3.6372, 2.0189, -2.9808,-27.6745, -6.4302,12801.3351, 11.3720,  8.4619, 18.3420,  8.1329,  5.6352,  9.9414,  7.9214,-11.3377, 26.2558,      Inf,2.2743, 6.7957,6.0954,6.0722, 6.1101, 9.1690,0.9141,26.4667
2016-04-01, 7.9316,386011.6377,102772.4394,37789.8806,23620.3188,21696.2705,11819.0838,5703.6702,1877.3886,265.6286,   0.1983,14039.6594, 5061.3413, 859.8480,1597.4042,1349.5621, 729.8701,344.8484,177.3699,2.3620, 0.0766,13.2915,11.4125,12.0841, 16.1024,11.2977,10.4590,  4.9013,-17.8979,-0.6127,10844.3555, 18.2280, 13.7747, 23.2532, 11.6693, 12.5881, 19.0964,  9.0728, -6.9304,  6.9747,      Inf, 4.9660,  3.2251, 3.8474,  7.5703,  3.1187, 2.3417, -2.8076,-23.9313, -7.9164,10040.0842,  9.5398,  5.4137, 14.1957,  3.4631,  4.3143, 10.3443,  1.0574,-13.7699, -0.8866,      Inf,2.2753, 6.7628,6.2202,6.1754, 6.0461, 9.4477,0.8892,38.6185
2016-05-01, 8.1972,391573.5746,104033.5903,38255.7063,23918.1241,22015.7455,11970.2113,5738.4029,1859.0239,276.2550,   0.1214,14262.3630, 5229.0394, 863.0579,1661.3929,1402.3676, 761.9090,354.5707,183.2648,2.4003, 0.0762,12.9135,11.8294,12.4836, 16.0255,10.6393,11.0669,  5.1385, -7.1523, 3.0813, 7276.4755, 17.5842, 14.4971, 23.2349, 13.3408, 13.3639, 20.8093,  6.3511, -6.9274,-13.2267,      Inf, 4.3589,  3.3570, 3.9617,  7.2352,  2.2571, 2.6523, -2.8270,-14.1866, -4.7283, 6717.6209,  8.6758,  5.8226, 13.8984,  4.7539,  4.7752, 11.6566, -1.7063,-13.9787,-19.8008,      Inf,2.2560, 6.9462,6.3698,6.3650, 6.1789, 9.8581,0.8689,62.7809
2016-06-01, 8.6022,393341.3221,105610.3207,38718.4279,24264.8202,22581.8016,12078.9259,5801.9345,1853.3062,311.0286,   0.0757,13751.4313, 5166.6532, 886.3474,1628.6299,1387.2262, 746.4319,345.8916,169.8962,2.1608, 0.0692,11.8056,11.7436,12.6354, 12.6774,12.7417,11.5919,  5.8473, -7.9073,22.5555, 5017.0795, 11.3230, 11.5507, 20.4786,  8.7419, 11.9388, 19.2396,  3.0624,-12.9510, -2.6412,      Inf, 2.9496,  2.8926, 3.7137,  3.7525,  3.8116, 2.7529, -2.5366,-15.2018, 12.8481, 4611.7645,  2.5053,  2.7150, 10.9357,  0.1287,  3.0723,  9.7949, -5.1009,-19.8460,-10.3528,      Inf,2.2892, 6.7119,6.1431,6.1796, 5.9617, 9.1672,0.6947,91.3750
2016-07-01, 8.9650,397225.6559,106543.0645,39039.0760,24541.4060,22764.5262,12138.2605,5867.9473,1872.4205,319.2602,   0.1677,14728.0866, 5375.4782, 915.2698,1675.9980,1454.5427, 791.7455,362.2577,173.3592,2.2611, 0.0442,11.2177,11.7593,12.4387, 12.8189,13.0635,11.2199,  6.0409, -7.2263,23.0486,12689.8660, 21.0206, 20.7952, 32.4635, 16.5769, 22.7971, 28.1846,  9.2919, -6.5939,  2.0777,      Inf, 2.0674,  2.5643, 3.1879,  3.5368,  3.7613, 2.0693, -2.6836,-14.8592, 12.9249,11637.5857, 11.0637, 10.8568, 21.5651,  6.9856, 12.6940, 17.6383,  0.2999,-14.2788, -6.3207,      Inf,2.3445, 6.8293,6.3895,6.5227, 6.1735, 9.2586,0.7082,26.3374
2016-08-01, 8.0976,398893.3736,107845.3950,39471.5837,24898.4247,23106.7642,12287.4855,5905.2795,1849.0889,326.2518,   0.5167,14713.4765, 5367.8968, 910.1804,1657.0661,1480.3384, 783.4476,364.0847,170.4002,2.3551, 0.0242, 9.1586,12.0797,12.1444, 13.2707,14.2648,11.6592,  6.2924, -7.4194,23.5717,45181.8752, 17.7933, 18.7222, 29.7057, 14.4886, 24.0312, 21.3941,  5.3436, -8.2166, 10.2665,      Inf, 0.9816,  3.6839, 3.7437,  4.7856,  5.7052, 3.2948, -1.6700,-14.3546, 14.3150,41789.8195,  8.9694,  9.8287, 19.9895,  5.9123, 14.7400, 12.3005, -2.5476,-15.0921,  2.0065,      Inf,2.3059, 6.6553,6.4065,6.3760, 6.1654, 9.2154,0.7219, 4.6742
2016-09-01, 7.2729,400344.6185,109101.9894,39976.5509,25360.4156,23331.7271,12422.4198,5944.5643,1733.9340,331.6458,   0.7317,14798.8557, 5429.0584, 924.7398,1700.7748,1480.3405, 791.7269,361.1137,168.0094,2.3305, 0.0226, 8.9649,12.2022,12.2103, 13.2717,15.0603,11.6468,  6.5863,-12.0456,23.5242,71652.5193, 18.6189, 21.4546, 27.8717, 19.6761, 25.5520, 26.0299,  7.0650, -6.1339,  7.9398,      Inf, 1.5773,  4.5951, 4.6027,  5.5921,  7.2595, 4.0774, -0.6400,-18.0088, 15.1496,66787.8640, 10.5768, 13.2203, 19.2023, 11.5624, 17.0398, 17.4853, -0.1938,-12.4978,  0.6218,      Inf,2.3132, 6.7064,6.3448,6.3734, 6.0747, 9.6895,0.7027, 3.0931
2016-10-01, 6.4823,402538.3136,110395.8900,40227.9404,25792.4383,23740.8866,12484.0245,5984.5077,1719.1434,446.2115,   0.7377,15561.4901, 5671.0356, 956.7973,1784.9503,1565.4000, 816.6405,374.3098,169.8075,3.0949, 0.0353, 8.8311,12.4934,11.8802, 13.3467,16.3814,11.1984,  7.2267,-11.6233,64.4210, 2593.8637, 25.0636, 25.5175, 28.7353, 22.8841, 34.3946, 28.5346,  8.9014, -3.3941, 13.1268,      Inf, 2.2059,  5.6452, 5.0693,  6.4466,  9.2965, 4.4290,  0.6991,-17.0034, 54.4116, 2429.8707, 17.4502, 17.8764, 20.8983, 15.4034, 26.2131, 20.7099,  2.2719, -9.2751,  6.2400,      Inf,2.3784, 6.9204,6.5937,6.5415, 6.2546, 9.8774,0.6936, 4.7811
2016-11-01, 5.9625,406887.3891,112205.8291,40602.2042,26264.2491,24431.2046,12677.0937,6060.9314,1718.0421,451.4600,   0.6438,15914.1798, 5919.5813,1012.0120,1858.9466,1635.3606, 847.7989,386.5189,175.6245,3.2625, 0.0572, 8.2624,12.9070,11.7843, 14.2427,16.7215,11.8882,  8.3851,-11.5384,66.3676,  113.9498, 22.7361, 26.2721, 29.7717, 24.2192, 33.6531, 28.4097, 11.0285, -0.5582,  6.5727,      Inf, 2.1704,  6.5537, 5.4942,  7.8143, 10.1536, 5.5922,  2.2862,-16.5162, 57.0061,  101.9109, 15.8297, 19.1667, 22.4694, 17.2294, 26.1325, 21.1841,  4.7810, -6.1537,  0.5759,      Inf,2.4925, 7.0779,6.6937,6.6876, 6.3772,10.2224,0.7227, 8.8869
2016-12-01, 5.7474,406745.4034,113376.2842,40708.8334,26528.1118,24722.0875,13139.6994,6107.6314,1731.1973,438.1483,   0.5749,14612.6541, 5659.9628,1005.3510,1764.5033,1548.7598, 792.1312,371.2633,175.3391,2.5435, 0.0715, 7.8346,13.1894,11.6021, 14.6810,16.2852,13.8970,  9.0486, -8.8734,69.3311,   17.1598, 20.5152, 26.7541, 32.7704, 23.8818, 30.1871, 29.4981, 17.6711,  6.1892, 42.2912,3475.6244, 1.9737,  7.0376, 5.5365,  8.4480,  9.9650, 7.7066,  3.1217,-13.8262, 60.1279,   10.7921, 13.9651, 19.8650, 25.5543, 17.1488, 23.1114, 22.4598, 11.2756,  0.4178, 34.5576,3281.2880,2.4696, 6.6514,6.2647,6.0285, 6.0787,10.1282,0.5805,12.4385
2017-01-01, 5.4692,405034.0892,113830.5397,40762.7212,26549.7491,24885.5844,13181.7296,6205.2319,1799.2864,445.7105,   0.5266,17058.6239, 5890.1437,1026.3952,1896.5226,1559.0830, 849.9171,375.9049,179.4302,2.8045, 0.0861, 6.7151,13.4941,11.6393, 15.5533,16.3240,14.1592,  9.8388, -7.9622,69.7695,   25.1684, 30.1985, 27.2541, 29.1763, 26.5726, 33.0874, 26.2931, 17.3210,  6.5065, 18.9488, 179.4731, 1.1813,  7.6087, 5.8502,  9.5612, 10.2920, 8.2394,  4.1431,-12.7349, 60.9660,   18.6777, 23.4470, 20.6552, 22.4777, 20.0090, 26.1860, 19.7441, 11.2372,  0.9835, 12.7806, 164.9808,2.5180, 7.1433,6.2650,6.4477, 6.0579, 9.9723,0.6292,16.3480
2017-02-01, 5.1840,408882.0412,114560.7995,41206.6347,26831.2286,24789.1927,13207.6112,6254.5821,1819.8197,450.8982,   0.8324,17467.3738, 6182.9895,1054.5938,1952.9029,1686.4231, 888.0851,408.1644,190.0983,2.6311, 0.0907, 6.4766,13.4080,11.6415, 15.7236,15.7263,13.6591, 10.3731, -6.5625,69.8342,  135.4417, 30.6264, 28.0777, 27.8905, 28.1584, 32.0280, 29.6148, 21.7699,  5.9303, 38.6623,  45.3207, 1.2289,  7.8187, 6.1393, 10.0202, 10.0228, 8.0575,  4.9334,-11.1675, 61.4640,  123.8380, 24.1885, 21.7654, 21.5874, 21.8421, 25.5210, 23.2267, 15.7685,  0.7095, 31.8284,  38.1586,2.5593, 7.2785,6.8031,6.7240, 6.5258,10.4460,0.5835,10.9021
2017-03-01, 4.6861,411228.6572,115560.1322,41691.6200,27187.6535,24882.2754,13256.8259,6268.5194,1816.2177,455.9318,   1.0886,18230.2553, 6336.9721,1044.9650,2071.5547,1709.6453, 894.7048,424.1119,189.3121,2.5826, 0.0958, 7.1496,13.6687,11.8716, 16.5612,15.6800,13.1876, 10.5142, -4.9099,70.3867,  295.5710, 32.7272, 27.2697, 23.2892, 30.6910, 30.3977, 25.8031, 22.3721,  8.1001,  5.5905,  31.5021, 2.3533,  8.5806, 6.8639, 11.3436, 10.5019, 8.1210,  5.5673, -9.1664, 62.7597,  277.8641, 26.7859, 21.5728, 17.7704, 24.8409, 24.5607, 20.1718, 16.8944,  3.2612,  0.8639,  25.6157,2.5064, 7.6195,6.8709,6.7490, 6.7657,10.4234,0.5664, 8.7985
2017-04-01, 4.6627,414573.1293,116300.4611,41976.3446,27440.9209,25060.5073,13235.6506,6305.0113,1821.5169,458.7981,   1.7113,19499.2050, 6737.8281,1089.9983,2160.4721,1871.2026, 953.6541,459.1154,200.5294,2.7598, 0.0963, 7.3991,13.1631,11.0783, 16.1751,15.5061,11.9854, 10.5431, -2.9760,72.7217,  763.1354, 38.8866, 33.1234, 26.7664, 35.2489, 38.6526, 30.6608, 33.1354, 13.0572, 16.8417,  25.8007, 2.6145,  8.1216, 6.1297, 10.9994, 10.3602, 6.9964,  5.6183, -7.2985, 65.0269,  724.6825, 32.6992, 27.1927, 21.1189, 29.2236, 32.4756, 24.8398, 27.2042,  8.0205, 11.6364,  20.1962,2.5967, 7.8732,7.4667,7.2052, 7.2818,11.0089,0.6015, 5.6286
2017-05-01, 4.3665,417543.1465,117562.4457,42358.0599,27894.1015,25388.7153,13296.3950,6340.5694,1818.6430,463.9840,   1.9777,19880.5845, 6943.2306,1118.2769,2236.1455,1928.3728, 979.9008,473.7593,203.2728,3.3804, 0.1220, 6.6321,13.0043,10.7235, 16.6233,15.3207,11.0790, 10.4936, -2.1722,67.9550, 1528.5983, 39.3919, 32.7821, 29.5715, 34.5946, 37.5084, 28.6113, 33.6149, 10.9176, 40.8342,  60.0838, 2.1708,  8.2764, 6.0910, 11.7440, 10.4959, 6.4317,  5.8708, -6.2651, 60.9280, 1460.4605, 33.5600, 27.2268, 24.1504, 28.9634, 31.7552, 23.2304, 28.0247,  6.2769, 34.9420,  53.3862,2.6401, 8.0166,7.5954,7.3697, 7.4719,11.1772,0.7286, 6.1711
2017-06-01, 3.9874,421539.6573,118576.1999,42708.2856,28195.4217,25615.4179,13382.8162,6383.8356,1837.9084,450.7206,   1.7939,20160.9894, 7027.2721,1129.2519,2281.4714,1919.6137,1009.3800,476.2725,208.7202,2.3822, 0.1801, 7.1689,12.2771,10.3048, 16.1988,13.4339,10.7948, 10.0294, -0.8308,44.9129, 2269.7469, 46.6101, 36.0121, 27.4051, 40.0853, 38.3778, 35.2273, 37.6942, 22.8516, 10.2425, 160.3255, 3.0596,  7.9719, 6.0752, 11.7432,  9.0843, 6.5464,  5.8104, -4.6335, 39.3562, 2178.8795, 40.9884, 30.7967, 22.5198, 34.7138, 33.0718, 30.0421, 32.4143, 18.1409,  6.0152, 150.3433,2.6441, 8.0916,7.4940,7.5424, 7.4606,11.3564,0.5285,10.0379
2017-07-01, 3.3965,421906.7179,119398.4870,43004.4082,28534.0050,25622.7278,13448.5015,6433.4656,1896.2620,456.5955,   2.5214,20789.9802, 7157.7887,1151.4107,2337.0901,1921.6369,1041.5330,488.2702,215.0559,2.5828, 0.2092, 6.2134,12.0659,10.1573, 16.2688,12.5555,10.7943,  9.6374,  1.2733,43.0167, 1403.7384, 41.1587, 33.1563, 25.8001, 39.4447, 32.1128, 31.5490, 34.7853, 24.0522, 14.2256, 373.6048, 2.7243,  8.3846, 6.5387, 12.4494,  8.8581, 7.1548,  6.0359, -2.0535, 38.3187, 1354.3411, 36.5217, 28.7822, 21.6676, 34.8640, 27.7729, 27.2276, 30.3577, 19.9771, 10.4734, 358.0471,2.6774, 8.1905,7.4997,7.7446, 7.5895,11.3410,0.5657, 8.2950
2017-08-01, 3.8737,422798.5050,120269.6582,43432.6284,28888.7210,25570.3974,13549.0177,6427.2507,1934.1356,464.7252,   2.7822,20972.9398, 7116.5833,1132.5049,2352.4398,1880.5616,1044.7959,489.2184,214.0828,2.7353, 0.2447, 5.9929,11.5204,10.0352, 16.0263,10.6620,10.2668,  8.8391,  4.5994,42.4437,  438.4221, 42.5424, 32.5768, 24.4264, 41.9641, 27.0359, 33.3587, 34.3694, 25.6353, 16.1429, 913.0298, 2.0402,  7.3616, 5.9317, 11.6994,  6.5351, 6.1547,  4.7802,  0.6987, 37.1317,  418.3432, 37.2267, 27.6327, 19.7863, 36.6700, 22.2985, 28.3855, 29.3585, 20.9501, 11.8117, 875.2518,2.6075, 8.1431,7.3544,7.7112, 7.6116,11.0687,0.5886, 8.7943
2017-09-01, 3.9704,426023.9334,121305.3482,43852.0618,29194.6649,25775.1469,13616.8793,6409.2707,1984.0465,470.5498,   2.7284,21323.5605, 7268.8053,1155.9254,2394.3768,1920.4415,1075.0310,502.3616,218.0446,2.3524, 0.2720, 6.4143,11.1853, 9.6945, 15.1190,10.4725, 9.6154,  7.8173, 14.4246,41.8832,  272.8818, 44.0893, 33.8870, 25.0001, 40.7815, 29.7297, 35.7831, 39.1145, 29.7812,  0.9370,1101.8193, 2.3505,  6.9393, 5.5054, 10.7229,  6.2538, 5.4294,  3.7000, 10.0549, 36.4650,  258.6422, 38.5868, 28.7742, 20.2266, 35.4054, 24.7756, 30.5978, 33.8020, 24.8251, -2.9176,1055.9241,2.6360, 8.2014,7.4507,7.8948, 7.8380,10.9899,0.4999, 9.9692
2017-10-01, 4.0501,427740.0806,122327.2052,44268.6165,29571.4820,25962.6322,13660.5624,6386.7221,1998.5615,475.8902,   2.7383,21380.4485, 7394.0122,1179.0286,2445.6769,1932.7450,1089.9231,518.4929,225.3113,2.4865, 0.3477, 6.2607,10.8078,10.0445, 14.6518, 9.3583, 9.4243,  6.7209, 16.2533, 6.6513,  271.1727, 37.3933, 30.3820, 23.2266, 37.0165, 23.4665, 33.4642, 38.5197, 32.6863,-19.6577, 885.8621, 2.1245,  6.4946, 5.7610, 10.1889,  5.1016, 5.1650,  2.5668, 11.7282,  2.4999,  256.7249, 32.0453, 25.3069, 18.4300, 31.6832, 18.6606, 28.2692, 33.1279, 27.5215,-22.7850, 847.4875,2.6634, 8.2704,7.4443,7.9786, 8.1183,11.2737,0.5225,12.6990
2017-11-01, 4.1217,430502.8360,123996.0117,44737.5329,30012.2985,26614.5409,13741.7699,6392.8166,2015.5849,478.4513,   3.0168,21961.4482, 7607.7028,1205.4992,2513.0062,2004.2172,1117.6758,526.3144,238.0669,2.5909, 0.3322, 5.8039,10.5076,10.1850, 14.2705, 8.9367, 8.3984,  5.4758, 17.3187, 5.9787,  368.6246, 37.9992, 28.5176, 19.1191, 35.1844, 22.5551, 31.8326, 36.1678, 35.5545,-20.5852, 480.6802, 1.6156,  6.1331, 5.8232,  9.7470,  4.6243, 4.1074,  1.3005, 12.6746,  1.7834,  350.0737, 32.5364, 23.4301, 14.4036, 29.8330, 17.7036, 26.6139, 30.7775, 30.1885,-23.7289, 457.6935,2.6946, 8.3733,7.5305,8.1334, 8.2329,11.8113,0.5415,11.0118
2017-12-01, 4.0886,432012.6709,124351.9657,44791.9514,30157.6211,26679.2661,13867.1300,6372.9444,2014.0842,466.0317,   2.9367,20867.4781, 7226.8457,1178.1393,2336.0827,1904.2878,1082.1598,493.6390,230.0792,2.1472, 0.3108, 6.2121, 9.6808,10.0301, 13.6817, 7.9167, 5.5361,  4.3440, 16.3405, 6.3639,  410.7971, 42.8042, 27.6836, 17.1869, 32.3932, 22.9557, 36.6137, 32.9620, 31.2195,-15.5831, 334.6687, 2.0400,  5.3725, 5.7081,  9.2163,  3.6777, 1.3906,  0.2453, 11.7707,  2.1859,  390.7329, 37.1948, 22.6682, 12.5837, 27.1928, 18.1259, 31.2475, 27.7392, 26.0652,-18.8990, 317.5949,2.6302, 7.7462,7.1377,7.8038, 7.7459,11.4235,0.4607,10.5847
2018-01-01, 3.6795,430048.1852,124443.4504,44847.9613,30121.0050,26770.6877,13788.4877,6375.8873,2066.6049,470.3586,   2.4579,21999.1482, 7444.4941,1211.2230,2456.7285,1911.5966,1142.5354,488.6294,230.9357,2.5038, 0.3417, 6.1758, 9.3234,10.0220, 13.4512, 7.5751, 4.6030,  2.7502, 14.8569, 5.5301,  366.7509, 28.9620, 26.3890, 18.0075, 29.5386, 22.6103, 34.4290, 29.9875, 28.7050,-10.7227, 296.9579, 2.4077,  5.4436, 6.1174,  9.4249,  3.7573, 0.8907, -0.8964, 10.7807,  1.7849,  350.1862, 24.3852, 21.9035, 13.8194, 24.9413, 18.2589, 29.6582, 25.3743, 24.1374,-13.8911, 282.8701,2.7007, 8.1562,7.1406,8.2862, 7.6637,11.1746,0.5323,13.9035
2018-02-01, 3.3721,432905.2505,124904.4224,45194.8792,30402.7710,26617.2573,13783.4418,6354.4849,2077.5797,471.6980,   2.3106,23125.8421, 7639.1666,1222.2963,2495.3891,2021.1939,1162.0100,490.5253,244.6911,2.7136, 0.3473, 5.8753, 9.0289, 9.6786, 13.3111, 7.3744, 4.3598,  1.5973, 14.1640, 4.6130,  177.5895, 32.3945, 23.5513, 15.9021, 27.7785, 19.8509, 30.8444, 20.1784, 28.7182,  3.1371, 282.7551, 2.4216,  5.4723, 6.1008,  9.6148,  3.8718, 0.9555, -1.7169, 10.4399,  1.2004,  168.5342, 28.0756, 19.5210, 12.1212, 23.6102, 15.9413, 26.5761, 16.2580, 24.5192, -0.2274, 270.2692,2.7045, 8.2078,7.5935,8.4305, 7.7194,11.7777,0.5753,15.0324
2018-03-01, 3.1399,436025.7756,125530.3959,45605.5467,30713.7054,26519.9841,13814.2309,6307.6360,2088.2167,476.2848,   4.7914,23590.9079, 7733.2005,1258.2780,2538.3449,2003.8857,1173.1958,495.7699,260.9237,2.4277, 0.3749, 6.0300, 8.6278, 9.3878, 12.9693, 6.5818, 4.2047,  0.6240, 14.9761, 4.4640,  340.1585, 29.4053, 22.0331, 20.4134, 22.5333, 17.2106, 31.1266, 16.8960, 37.8273, -6.0002, 291.4204, 2.8022,  5.3208, 6.0577,  9.5302,  3.3372, 1.0324, -2.4393, 11.4759,  1.2839,  326.7589, 25.4658, 18.3180, 16.7477, 18.8031, 13.6424, 27.1347, 13.3374, 33.6314, -8.8618, 279.5045,2.7590, 8.2645,7.5561,8.4927, 7.8598,12.4950,0.5097, 7.8242
2018-04-01, 3.1276,438034.2393,126589.9135,46102.7552,31025.0035,26761.4676,13820.9487,6274.4763,2114.5276,483.0686,   7.6660,24064.2574, 7786.9860,1268.8597,2591.9393,1987.8628,1181.7592,487.7846,265.9599,2.4491, 0.3712, 5.6591, 8.8473, 9.8303, 13.0611, 6.7874, 4.4221, -0.4843, 16.0861, 5.2900,  347.9579, 23.4115, 15.5712, 16.4093, 19.9710,  6.2345, 23.9191,  6.2444, 32.6289,-11.2568, 285.4189, 2.4547,  5.5462, 6.4994,  9.6322,  3.5488, 1.2553, -3.5024, 12.5655,  2.0968,  334.3724, 19.6687, 12.0662, 12.8789, 16.3325,  3.0127, 20.1609,  3.0223, 28.6066,-13.9482, 273.7300,2.7522, 8.3544,7.4281,8.5505, 7.7741,12.5777,0.5070, 4.8428
2018-05-01, 3.1568,440863.8805,127685.2775,46663.4187,31395.9804,26880.5897,13841.0635,6246.0607,2159.5229,489.7290,   8.9125,24226.4491, 7634.1366,1260.4224,2535.6602,1946.7123,1154.1081,471.7817,262.5135,2.4226, 0.5159, 5.5852, 8.6106,10.1642, 12.5542, 5.8761, 4.0964, -1.4905, 18.7436, 5.5487,  350.6573, 21.8598,  9.9508, 12.7111, 13.3942,  0.9510, 17.7780, -0.4174, 29.1434,-28.3339, 322.7389, 2.3541,  5.2869, 6.7930,  9.1098,  2.6361, 0.9108, -4.5051, 15.1099,  2.3187,  336.8663, 18.1307,  6.5861,  9.2620,  9.9242, -2.1383, 14.1738, -3.4648, 25.1914,-30.5270, 309.8023,2.7011, 8.0764,7.2421,8.3383, 7.5533,12.1561,0.4947, 5.7888
2018-06-01, 3.1980,442895.0752,128418.8713,47015.8100,31647.4222,26978.5448,13837.0878,6242.4295,2213.4544,474.5298,   9.5929,24416.8520, 7623.5842,1278.7769,2543.1507,1905.2108,1162.1237,461.2082,270.2238,2.1687, 0.7212, 5.0661, 8.3007,10.0859, 12.2431, 5.3215, 3.3944, -2.2151, 20.4333, 5.2825,  434.7442, 21.1094,  8.4857, 13.2411, 11.4698, -0.7503, 15.1324, -3.1630, 29.4670, -8.9609, 300.5334, 1.8101,  4.9446, 6.6744,  8.7648,  2.0577, 0.1903, -5.2453, 16.7012,  2.0199,  418.1730, 17.3563,  5.1238,  9.7318,  8.0154, -3.8260, 11.5646, -6.1639, 25.4549,-11.7821, 288.1212,2.7199, 8.0359,7.0619,8.3986, 7.3883,12.2082,0.4570, 7.5186
2018-07-01, 3.1192,442529.7017,129192.7324,47292.7974,31940.4421,27062.1057,13857.2921,6267.6374,2279.3572,482.9537,  10.1467,24662.3208, 7556.2805,1271.1695,2561.6344,1833.0588,1163.1854,454.2909,269.6316,2.3301, 0.9798, 4.8880, 8.2030, 9.9720, 11.9382, 5.6176, 3.0397, -2.5776, 20.2027, 5.7728,  302.4154, 18.6260,  5.5672, 10.4011,  9.6079, -4.6095, 11.6801, -6.9591, 25.3774, -9.7831, 368.4470, 1.7154,  4.9301, 6.6455,  8.5523,  2.4229,-0.0771, -5.5244, 16.5668,  2.5733,  290.2431, 15.0378,  2.3740,  7.0616,  6.2924, -7.4949,  8.3020, -9.7734, 21.5850,-12.5120, 354.2774,2.6879, 8.0200,6.7735,8.3940, 7.2482,11.8293,0.4825, 9.6561
2018-08-01, 3.0982,443283.1282,130469.8603,47755.1443,32398.7412,27256.2844,13947.3848,6267.1201,2341.0035,493.3114,  10.8705,24530.9145, 7559.6338,1267.7376,2597.6515,1813.1899,1156.2575,443.2742,277.8401,2.4313, 1.2517, 4.8450, 8.4811, 9.9522, 12.1501, 6.5931, 2.9402, -2.4914, 21.0362, 6.1512,  290.7106, 16.9646,  6.2256, 11.9410, 10.4237, -3.5825, 10.6683, -9.3913, 29.7816,-11.1119, 411.5776, 1.6943,  5.2211, 6.6480,  8.7799,  3.3899,-0.1533, -5.4217, 17.3989,  2.9612,  278.9692, 13.4497,  3.0334,  8.5770,  7.1053, -6.4800,  7.3425,-12.1143, 25.8815,-13.7831, 396.2040,2.6547, 8.0178,6.6524,8.2901, 7.0730,11.8684,0.4929,11.5149
2018-09-01, 3.2268,445376.5571,131496.4912,48167.9533,32787.8450,27342.3106,14233.8167,6260.7340,2189.4173,503.4723,  10.9420,24627.1313, 7569.6966,1260.7601,2621.7713,1797.6552,1164.2483,438.3505,283.2777,2.2102, 1.4232, 4.5426, 8.4012, 9.8419, 12.3077, 6.0801, 4.5307, -2.3175, 10.3511, 6.9966,  301.0408, 15.4926,  4.1395,  9.0693,  9.4970, -6.3936,  8.2991,-12.7420, 29.9173, -6.0442, 423.2399, 1.2747,  5.0127, 6.4084,  8.7970,  2.7642, 1.2631, -5.3710,  6.9016,  3.6520,  288.5046, 11.8824,  0.8842,  5.6599,  6.0742, -9.3197,  4.9137,-15.4697, 25.8562, -8.9812, 406.8839,2.6174, 7.9962,6.5746,8.1795, 7.0016,12.9385,0.4390,13.0069
2018-10-01, 3.3338,450628.6290,132994.5895,48709.1157,33201.0947,27701.1128,14294.2540,6289.4057,2276.1028,512.0539,  11.4499,24614.0695, 7495.2066,1266.5975,2537.5034,1830.1844,1143.3398,436.1038,277.5257,2.3343, 1.6178, 5.3510, 8.7204,10.0308, 12.2740, 6.6961, 4.6388, -1.5237, 13.8871, 7.5992,  318.1436, 15.1242,  1.3686,  7.4272,  3.7546, -5.3065,  4.9010,-15.8901, 23.1743, -6.1202, 365.2299, 1.9522,  5.2128, 6.4810,  8.6518,  3.2539, 1.2630, -4.7008, 10.2128,  4.1278,  304.6535, 11.4101, -1.9018,  3.9614,  0.4073, -8.3615,  1.5166,-18.6037, 19.2005, -9.1489, 350.2207,2.6003, 7.6428,6.6069,7.9986, 6.9339,12.1930,0.4559,14.1290
2018-11-01, 3.2681,456124.1950,135056.9409,49169.2419,33760.3902,28489.1093,14532.0050,6364.3697,2211.2396,517.5801,  13.0051,24683.2316, 7552.4299,1277.6080,2565.7770,1830.0472,1161.1278,433.2672,280.5062,2.4216, 1.6748, 5.9515, 8.9204, 9.9060, 12.4885, 7.0434, 5.7506, -0.4450,  9.7071, 8.1782,  331.0870, 12.3935, -0.7265,  5.9817,  2.0999, -8.6902,  3.8877,-17.6790, 17.8266, -6.5341, 404.1543, 2.5985,  5.4734, 6.4279,  8.9286,  3.6558, 2.4039, -3.5956,  6.2352,  4.7547,  317.4445,  8.8366, -3.8682,  2.6277, -1.1312,-11.5798,  0.6000,-20.2842, 14.0978, -9.4919, 388.1994,2.5984, 7.6000,6.4237,7.9901, 6.8077,12.6855,0.4679,12.8783
2018-12-01, 3.1780,458426.5585,135815.7355,49258.6425,34164.5077,28442.7928,14926.1004,6386.1426,2119.5486,503.3741,  14.6267,23129.2994, 7111.1243,1241.0718,2412.7169,1693.5953,1083.8354,405.1750,270.9738,2.0580, 1.6980, 6.1141, 9.2188, 9.9721, 13.2865, 6.6101, 7.6366,  0.2071,  5.2363, 8.0128,  398.0648, 10.8390, -1.6013,  5.3417,  3.2805,-11.0641,  0.1548,-17.9208, 17.7742, -4.1521, 446.2648, 2.8457,  5.8547, 6.5848,  9.7971,  3.3264, 4.3212, -2.8794,  1.9949,  4.6859,  382.7239,  7.4250, -4.6321,  2.0970,  0.0993,-13.8034, -2.9300,-20.4489, 14.1466, -7.1043, 429.4392,2.5195, 7.0621,5.9544,7.2613, 6.3446,12.7845,0.4088,11.6090
2019-01-01, 3.1500,455282.3490,136317.2163,49342.4401,34664.9366,28357.1674,14890.0413,6331.8509,2200.7052,506.7566,  23.3183,23986.9068, 7283.8613,1266.4788,2505.3888,1693.6703,1130.3707,410.4628,273.4243,2.3412, 1.7244, 5.8678, 9.5415,10.0216, 15.0856, 5.9262, 7.9889, -0.6907,  6.4889, 7.7384,  848.7234,  9.0356, -2.1577,  4.5620,  1.9807,-11.4002, -1.0647,-15.9971, 18.3985, -6.4954, 404.6065, 2.6348,  6.1963, 6.6617, 11.5711,  2.6914, 4.6912, -3.7234,  3.2370,  4.4482,  819.7512,  5.7059, -5.1457,  1.3689, -1.1336,-14.1059, -4.0860,-18.5624, 14.7828, -9.3508, 389.1968,2.5667, 7.2274,5.9726,7.5915, 6.4825,12.4244,0.4620, 7.3950
2019-02-01, 3.0141,460061.5415,137327.9521,49844.7233,35326.1283,28178.1860,14900.9071,6355.3860,2193.8261,508.4450,  20.3504,24214.6477, 7367.2997,1285.4105,2508.5057,1735.8210,1131.0659,419.9287,283.1628,1.7989, 1.6063, 6.2730, 9.9464,10.2884, 16.1938, 5.8643, 8.1073,  0.0142,  5.5953, 7.7904,  780.7512,  4.7082, -3.5589,  5.1636,  0.5256,-14.1190, -2.6630,-14.3920, 15.7226,-33.7107, 362.4730, 3.1636,  6.7295, 7.0615, 12.7941,  2.7669, 4.9442, -2.9121,  2.5057,  4.6365,  754.9814,  1.6445, -6.3806,  2.0866, -2.4156,-16.6318, -5.5110,-16.8968, 12.3367,-35.6503, 348.9415,2.5788, 7.1010,6.1602,7.5906, 6.6074,12.9073,0.3538, 7.8933
2019-03-01, 3.2132,464295.4281,138711.9175,50293.2242,36087.7201,28376.0549,14886.6675,6373.4383,2153.0934,513.5238,  28.1955,24795.7164, 7475.2144,1305.9848,2575.1948,1759.3223,1105.9798,434.7046,290.5611,1.4072, 2.0597, 6.4835,10.5007,10.2787, 17.4971, 6.9988, 7.7633,  1.0432,  3.1068, 7.8186,  488.4548,  5.1071, -3.3361,  3.7914,  1.4517,-12.2045, -5.7293,-12.3173, 11.3587,-42.0349, 449.4087, 3.1685,  7.0606, 6.8456, 13.8392,  3.6677, 4.4084, -2.1024, -0.1031,  4.4621,  470.1352,  1.8349, -6.3454,  0.5602, -1.7066,-14.9377, -8.6641,-15.0470,  7.8919,-43.8394, 432.3047,2.5967, 7.1359,6.2000,7.4293, 6.8206,13.4951,0.2740, 7.3051
2019-04-01, 3.2475,467906.5371,140270.2107,50740.2741,36721.8691,28785.5220,14891.4844,6428.8011,2141.3397,526.5437,  34.3765,25619.2410, 7618.0866,1311.1026,2684.8242,1763.8061,1121.1104,443.3710,289.5312,1.6814, 2.6597, 6.8196,10.8068,10.0591, 18.3622, 7.5633, 7.7457,  2.4596,  1.2680, 8.9998,  348.4294,  6.4618, -2.1690,  3.3292,  3.5836,-11.2712, -5.1321, -9.1052,  8.8627,-31.3456, 616.4297, 3.4598,  7.3215, 6.5974, 14.6393,  4.1801, 4.3568, -0.7631, -1.9172,  5.5714,  334.3249,  3.1132, -5.2461,  0.0792,  0.3256,-14.0620, -8.1160,-11.9641,  5.4386,-33.5050, 593.8956,2.5839, 7.3112,6.1274,7.5285, 6.8966,13.5210,0.3193, 7.7370
2019-05-01, 3.3093,472307.2960,142254.2883,51409.9030,37674.5278,29096.6751,14930.8742,6454.3782,2113.7531,534.8544,  39.3224,25372.9137, 7551.2602,1333.0114,2665.7481,1740.0590,1083.9051,440.6140,281.8192,2.1115, 3.9918, 7.1322,11.4101,10.1717, 19.9979, 8.2442, 7.8737,  3.3352, -2.1194, 9.2144,  341.2052,  4.7323, -1.0856,  5.7591,  5.1303,-10.6155, -6.0829, -6.6064,  7.3542,-12.8408, 673.7165, 3.7004,  7.8413, 6.6426, 16.1540,  4.7768, 4.4182,  0.0250, -5.2549,  5.7159,  327.0719,  1.3774, -4.2542,  2.3713,  1.7627,-13.4788, -9.0914, -9.5981,  3.9153,-15.6328, 648.9317,2.5929, 7.0757,5.9803,7.2595, 6.8266,13.3326,0.3948,10.1514
2019-06-01, 3.4262,473969.0035,143632.5049,51774.9296,38480.2020,29329.6801,14903.7609,6477.0141,2104.0137,519.8769,  43.0277,24977.3360, 7597.7305,1312.0004,2666.0212,1787.6158,1089.1982,454.8483,281.0704,2.3702, 4.6061, 7.0161,11.8469,10.1224, 21.5903, 8.7148, 7.7088,  3.7579, -4.9443, 9.5562,  348.5368,  2.2955, -0.3391,  2.5981,  4.8314, -6.1723, -6.2752, -1.3790,  4.0139,  9.2899, 538.6291, 3.4710,  8.1417, 6.4743, 17.5624,  5.1134, 4.1407,  0.3207, -8.0933,  5.9269,  333.6781, -1.0933, -3.6406, -0.8007,  1.3587, -9.2805, -9.3800, -4.6460,  0.5682,  5.6695, 517.4732,2.5340, 6.9283,6.0949,7.3082, 7.0225,13.3588,0.4559,10.7050
2019-07-01, 3.7854,476617.8111,145638.9470,52330.7067,39608.2635,29632.5981,14921.4550,6500.1856,2067.4424,529.3267,  48.9689,24845.2663, 7436.6763,1282.9595,2641.3766,1735.3493,1052.5976,445.5195,270.2453,2.8759, 5.7527, 7.7030,12.7300,10.6526, 24.0066, 9.4985, 7.6794,  3.7103, -9.2971, 9.6020,  382.6100,  0.7418, -1.5828,  0.9275,  3.1129, -5.3304, -9.5073, -1.9308,  0.2276, 23.4223, 487.1402, 3.7748,  8.6184, 6.6168, 19.4837,  5.5048, 3.7521, -0.0723,-12.6053,  5.6045,  365.0078, -2.9325, -5.1724, -2.7536, -0.6479, -8.7833,-12.8079, -5.5077, -3.4280, 18.9207, 465.7255,2.4516, 6.6688,5.8562,7.0543, 6.8540,13.0715,0.5433,11.7476
2019-08-01, 3.7502,480232.0284,147683.2030,52943.4583,40797.9616,29839.9134,14985.0129,6493.4515,2033.6753,537.1158,  52.6140,24289.1912, 7439.0657,1294.7690,2694.5726,1681.0268,1050.4251,440.9250,267.9118,2.7723, 6.6631, 8.3353,13.1933,10.8644, 25.9245, 9.4790, 7.4396,  3.6114,-13.1281, 8.8797,  384.0095, -0.9854, -1.5949,  2.1323,  3.7311, -7.2890, -9.1530, -0.5300, -3.5734, 14.0251, 432.3130, 4.4193,  9.1018, 6.8570, 21.3728,  5.5217, 3.5560, -0.1338,-16.2682,  4.9440,  366.5141, -4.5644, -5.1519, -1.5595, -0.0184,-10.6402,-12.4368, -4.1255, -7.0589,  9.9034, 413.0717,2.4456, 6.6047,5.6335,7.0098, 6.7903,13.1738,0.5162,12.6640
2019-09-01, 3.8160,485562.4577,150254.8323,53867.0637,42157.1805,30167.6851,15017.2948,6450.4499,2002.8784,539.3493,  52.9307,24190.1805, 7504.8516,1329.8960,2728.7173,1682.2333,1043.6318,437.5108,272.6799,2.3755, 7.8070, 9.0229,14.2653,11.8317, 28.5756,10.3333, 5.5043,  3.0302, -8.5200, 7.1259,  383.7406, -1.7743, -0.8566,  5.4837,  4.0792, -6.4207,-10.3600, -0.1915, -3.7411,  7.4800, 448.5503, 5.0155, 10.0652, 7.7211, 23.8496,  6.2778, 1.6263, -0.7568,-11.8826,  3.1883,  365.9597, -5.3848, -4.5009,  1.6064,  0.2535, -9.8604,-13.6549, -3.8602, -7.2793,  3.5293, 428.3872,2.4688, 6.4727,5.5763,6.9495, 6.7826,13.6144,0.4404,14.7495
2019-10-01, 3.8556,488215.8194,152800.1933,54716.5440,43688.1878,30364.8274,15039.3093,6428.0992,1959.2208,543.9065,  60.0982,24818.8620, 7511.3033,1330.3729,2751.6932,1683.6754,1031.5174,435.6882,266.8766,2.5121, 8.9675, 8.3411,14.8920,12.3333, 31.5866, 9.6159, 5.2123,  2.2052,-13.9221, 6.2205,  424.8787,  0.8320,  0.2148,  5.0352,  8.4410, -8.0051, -9.7803, -0.0953, -3.8372,  7.6133, 454.3186, 4.3189, 10.6267, 8.1629, 26.7015,  5.5465, 1.3063, -1.5891,-17.1177,  2.2771,  405.3927, -2.9113, -3.5057,  1.1358,  4.4151,-11.4204,-13.1297, -3.8042, -7.4072,  3.6182, 433.7397,2.4314, 6.2985,5.5448,6.8588, 6.7779,13.6216,0.4619,14.9215
2019-11-01, 3.8429,495013.2096,155419.3374,55290.4221,45064.9930,30980.9393,15187.5866,6454.5216,1839.0960,543.0499,  58.7289,25820.6233, 7846.4484,1350.3854,2905.2344,1798.6510,1074.6650,446.1078,259.8585,2.3146, 9.2317, 8.5260,15.0769,12.4492, 33.4848, 8.7466, 4.5113,  1.4165,-16.8296, 4.9209,  351.5837,  4.6080,  3.8930,  5.6964, 13.2302, -1.7156, -7.4465,  2.9637, -7.3609, -4.4199, 451.2026, 4.5098, 10.8183, 8.2878, 28.5449,  4.7222, 0.6437, -2.3366,-19.9075,  1.0381,  334.8719,  0.7367,  0.0483,  1.7849,  9.0399, -5.3528,-10.8716, -0.8467,-10.7892, -7.9570, 430.8043,2.4423, 6.4468,5.8057,7.0759, 6.9116,14.1297,0.4262,15.7192
2019-12-01, 3.8043,493527.7788,157197.0275,55447.6606,46144.5520,31435.4091,15386.1918,6416.6322,1781.6077,528.8081,  56.1662,23699.6229, 7436.1443,1314.8771,2781.3314,1658.8363, 990.8632,428.9926,249.2798,1.6164,10.3476, 7.6569,15.7429,12.5643, 35.0658,10.5215, 3.0825,  0.4774,-15.9440, 5.0527,  283.9966,  2.4658,  4.5706,  5.9469, 15.2780, -2.0524, -8.5781,  5.8783, -8.0060,-21.4589, 509.3907, 3.7114, 11.5010, 8.4390, 30.1158,  6.4710,-0.6954, -3.2049,-19.0246,  1.2026,  269.9236, -1.2894,  0.7382,  2.0641, 11.0532, -5.6420,-11.9286,  1.9980,-11.3774,-24.3374, 487.0572,2.3714, 6.0274,5.2770,6.4400, 6.6856,13.9918,0.3057,18.4232
2020-01-01, 3.6223,494057.0507,158438.6663,55526.0664,47407.4058,31369.0941,15353.5071,6418.8708,1772.0596,529.3487,  62.3138,24699.4139, 7649.0658,1319.8747,2927.7355,1671.2340,1033.1150,431.7606,252.3726,1.4499,11.5236, 8.5166,16.2279,12.5321, 36.7590,10.6214, 3.1126,  1.3743,-19.4776, 4.4582,  167.2317,  2.9704,  5.0139,  4.2161, 16.8575, -1.3247, -8.6039,  5.1887, -7.6993,-38.0709, 568.2705, 4.7233, 12.1650, 8.5983, 31.9783,  6.7544,-0.4919, -2.1694,-22.2924,  0.8067,  157.8902, -0.6291,  1.3430,  0.5731, 12.7726, -4.7741,-11.7988,  1.5117,-10.9258,-40.2357, 544.9100,2.3770, 6.1757,5.3276,6.7289, 6.7264,14.2418,0.2739,18.4928
2020-02-01, 3.7200,500975.6025,160427.8937,56165.0342,48846.1664,31293.9852,15379.0343,6406.2323,1746.8356,532.6711,  57.9347,25088.3392, 7890.7641,1357.0664,2990.3415,1781.1282,1045.5286,447.0557,256.8920,1.5431,11.2086, 8.8932,16.8210,12.6800, 38.2721,11.0575, 3.2087,  0.8000,-20.3749, 4.7647,  184.6864,  3.6081,  7.1052,  5.5746, 19.2081,  2.6101, -7.5625,  6.4599, -9.2776,-14.2206, 597.7823, 4.9876, 12.6311, 8.6386, 33.3128,  7.0743,-0.4930, -2.8153,-23.2308,  1.0072,  174.4757, -0.1079,  3.2638,  1.7880, 14.9325, -1.0701,-10.8779,  2.6416,-12.5315,-17.2972, 572.7555,2.4162, 6.1220,5.6916,6.7984, 6.9784,14.7061,0.2897,19.3470
2020-03-01, 3.8559,518716.8285,160747.7382,56304.4541,49447.2229,31009.7282,15278.5220,6394.9229,1726.4292,531.0701,  55.3888,24524.6121, 7219.6434,1323.2743,2498.4894,1731.5270,1031.8402,401.7718,221.7100,1.8150, 9.2157,11.7213,15.8860,11.9524, 37.0195, 9.2813, 2.6323,  0.3371,-19.8163, 3.4168,   96.4453, -1.0934, -3.4189,  1.3239, -2.9786, -1.5799, -6.7035, -7.5759,-23.6959, 28.9767, 347.4304, 7.5733, 11.5835, 7.7958, 31.9323,  5.2240,-1.1782, -3.3882,-22.7934, -0.4228,   89.1518, -4.7655, -7.0047, -2.4381, -6.5808, -5.2340,-10.1674,-11.0074,-26.5289, 24.1881, 330.8183,2.3502, 5.0528,5.5838,6.7535, 6.2827,12.8421,0.3418,16.6383
2020-04-01, 3.5064,521943.2146,158290.3035,55759.7142,48909.6302,30017.9271,15081.0076,6312.9162,1630.4631,526.0367,  52.6084,24299.3272, 6639.8377,1354.9431,2205.4710,1532.6293, 967.2949,347.4287,222.4625,2.1536, 7.4546,11.5486,12.8467, 9.8924, 33.1894, 4.2813, 1.2727, -1.8026,-23.8578,-0.0963,   53.0362, -5.1520,-12.8411,  3.3438,-17.8542,-13.1067,-13.7199,-21.6393,-23.1646, 28.0795, 180.2770, 7.7697,  9.0239, 6.1697, 28.6774,  0.7487,-2.1581, -5.1292,-26.4372, -3.4807,   47.8519, -8.3651,-15.7938, -0.1571,-20.6370,-16.0503,-16.6428,-24.2939,-25.7675, 23.7406, 170.7823,2.4300, 4.5093,5.1057,6.4140, 5.5035,13.6441,0.4094,14.1699
2020-05-01, 2.8541,521736.2982,156753.4679,55481.4395,48358.9582,29523.8865,14990.3779,6245.3839,1583.5467,520.5467,  49.3285,22607.1925, 5956.7891,1406.9302,1827.3078,1294.6846, 964.5659,281.6501,176.0219,1.5873, 4.0412,10.4654,10.1924, 7.9198, 28.3598, 1.4682, 0.3985, -3.2380,-25.0837,-2.6751,   25.4462,-10.9003,-21.1153,  5.5453,-31.4523,-25.5954,-11.0101,-36.0778,-37.5408,-24.8284,   1.2376, 7.4001,  7.1347, 4.9251, 24.7980, -1.3474,-2.3874, -5.9231,-27.1625, -5.3757,   21.9652,-13.3727,-23.3043,  2.6165,-33.3545,-27.6600,-13.4795,-37.8516,-39.2740,-26.9143,  -1.5716,2.5359, 3.7786,4.3852,6.4346, 4.5097,11.1157,0.3049, 8.1924
2020-06-01, 2.1933,521216.7856,156128.8493,55561.5662,47836.3208,29467.6987,14993.4088,6174.4822,1548.6294,497.0267,  49.7166,21041.8404, 5185.1978,1356.9176,1559.8286,1086.6407, 788.0442,250.2491,139.7926,1.3240, 2.4012, 9.9685, 8.7002, 7.3136, 24.3141, 0.4706, 0.6015, -4.6709,-26.3964,-4.3953,   15.5456,-15.7563,-31.7533,  3.4236,-41.4923,-39.2129,-27.6491,-44.9819,-50.2642,-44.1407, -47.8693, 7.6083,  6.3672, 5.0104, 21.6460, -1.6858,-1.5576, -6.7169,-27.9761, -6.4472,   13.0657,-17.5643,-33.2181,  1.2038,-42.7480,-40.5175,-29.2020,-46.1627,-51.3317,-45.3396, -48.9882,2.4422, 3.2608,3.6876,5.2559, 4.0530, 9.0269,0.2664, 4.8298
2020-07-01, 1.9712,517849.7864,155554.0589,55929.9320,47285.0432,29141.8137,15009.8282,6123.7274,1519.9224,498.0327,  45.7593,20911.7957, 4758.7238,1238.2389,1449.5055, 914.7508, 810.5781,211.1966,131.5424,0.9629, 1.9486, 8.6510, 6.8080, 6.8778, 19.3818,-1.6562, 0.5923, -5.7915,-26.4830,-5.9120,   -6.5544,-15.8319,-36.0101, -3.4857,-45.1231,-47.2872,-22.9926,-52.5954,-51.3248,-66.5176, -66.1277, 6.5506,  4.7433, 4.8118, 17.0740, -3.5573,-1.3523, -7.6126,-27.9041, -7.7308,   -8.3608,-17.4589,-37.2470, -5.3514,-46.1839,-48.3062,-24.4812,-53.5118,-52.2657,-67.1648, -66.7825,2.2139, 3.0655,3.1390,5.4003, 3.4488, 8.6545,0.1933, 4.2583
2020-08-01, 1.8781,515202.1069,155289.8466,56300.5761,47153.0746,28750.5235,14966.3987,6061.0596,1514.2579,497.1437,  46.8125,24209.0433, 6362.4482,1257.5607,2160.7618,1454.2275,1025.6514,307.8358,148.0688,0.7400, 7.6022, 7.2819, 5.1506, 6.3409, 15.5770,-3.6508,-0.1242, -6.6589,-25.5408,-7.4420,  -11.0267, -0.3300,-14.4725, -2.8737,-19.8106,-13.4917, -2.3584,-30.1841,-44.7323,-73.3060,  14.0946, 5.3042,  3.2122, 4.3806, 13.4464, -5.4270,-1.9654, -8.3796,-26.9135, -9.1483,  -12.6669, -2.1674,-16.0492, -4.6642,-21.2889,-15.0865, -4.1584,-31.4711,-45.7511,-73.7981,  11.9913,2.2337, 4.5824,5.0581,6.8530, 5.0789, 9.7783,0.1489,16.2397
2020-09-01, 1.9674,515048.7174,156335.9716,57060.0522,47504.0691,28721.8107,15007.2138,5960.3614,1534.7890,500.9918,  46.6836,25662.9057, 7692.9434,1350.0184,2652.2674,1947.8838,1138.0925,434.4555,162.9452,0.8813, 6.3994, 6.0726, 4.0472, 5.9275, 12.6832,-4.7928,-0.0671, -7.5977,-23.3708,-7.1118,  -11.8023,  6.0881,  2.5063,  1.5131, -2.8017, 15.7915,  9.0512, -0.6983,-40.2431,-62.8988, -18.0302, 4.0260,  2.0397, 3.8837, 10.5090, -6.6298,-1.9953, -9.3806,-24.8494, -8.9041,  -13.5041,  4.0412,  0.5285, -0.4456, -4.6771, 13.5574,  6.9471, -2.6143,-41.3960,-63.6146, -19.6118,2.3660, 5.5832,6.7819,7.5836, 7.2891,10.6168,0.1759,13.7080
2020-10-01, 1.7481,515386.7906,157984.1207,57927.6339,48191.9828,28794.9521,15130.7321,5874.5294,1519.5255,500.5502,  44.2148,28370.6036, 9680.8628,1549.6585,3825.3138,2409.2196,1201.4047,520.1094,166.4825,0.9454, 7.7288, 5.5654, 3.3926, 5.8686, 10.3090,-5.1700, 0.6079, -8.6117,-22.4424,-7.9713,  -26.4292, 14.3107, 28.8839, 16.4830, 39.0167, 43.0929, 16.4697, 19.3765,-37.6182,-62.3670, -13.8132, 3.7516,  1.6162, 4.0497,  8.4137, -6.7993,-1.1207,-10.1819,-23.7749, -9.5524,  -27.6932, 12.3467, 26.6696, 14.4817, 36.6283, 40.6344, 14.4686, 17.3255,-38.6899,-63.0135, -15.2940,2.6752, 7.9377,8.3668,7.9402, 8.8536,10.9562,0.1889,17.4802
2020-11-01, 1.4895,515643.3141,159843.0297,58706.3497,48451.5775,29448.4644,15343.9024,5841.3077,1502.2089,502.2678,  46.9512,29555.9814,10259.4857,1495.1972,4107.8438,2704.3339,1178.4380,584.6725,178.9683,1.3415, 8.6905, 4.1676, 2.8463, 6.1782,  7.5149,-4.9465, 1.0292, -9.5005,-18.3181,-7.5098,  -20.0543, 14.4666, 30.7532, 10.7237, 41.3946, 50.3535,  9.6563, 31.0608,-31.1285,-42.0421,  -5.8630, 2.6388,  1.3369, 4.6199,  5.9370, -6.3415,-0.4535,-10.8287,-19.5169, -8.8672,  -21.2276, 12.7866, 28.8343,  9.0987, 39.3194, 48.1468,  8.0470, 29.1374,-32.1393,-42.8926,  -7.2446,2.5469, 8.4782,9.1833,7.6802,10.0093,11.9137,0.2671,18.5096
2020-12-01, 1.6104,512812.1500,160399.3975,58916.9365,48864.6693,29222.0617,15630.4023,5758.0928,1471.6093,488.0441,  47.5816,28200.6696,10144.7398,1491.2287,4021.7103,2689.9003,1118.8408,623.9564,188.6493,0.8792, 9.5748, 3.9075, 2.0372, 6.2568,  5.8948,-7.0409, 1.5872,-10.2630,-17.3999,-7.7087,  -15.2844, 18.9921, 36.4247, 13.4120, 44.5966, 62.1559, 12.9158, 45.4469,-24.3223,-45.6054,  -7.4683, 2.2606,  0.4200, 4.5728,  4.2164, -8.5143,-0.0229,-11.6853,-18.7091, -9.1714,  -16.6270, 17.1061, 34.2625, 11.6145, 42.3048, 59.5858, 11.1261, 43.1417,-25.5217,-46.4675,  -8.9348,2.5311, 8.2303,9.2050,7.1581,10.8362,12.8192,0.1802,20.1229
2021-01-01, 1.5972,511809.5763,159942.7802,59054.5141,48935.4608,28606.1615,15648.0631,5690.9933,1466.2563,491.3292,  50.0020,29035.8122,10525.2831,1506.7880,4191.0661,2787.8160,1137.3893,692.8727,199.0686,0.8773, 9.4051, 3.5932, 0.9493, 6.3546,  3.2232,-8.8078, 1.9185,-11.3397,-17.2569,-7.1823,  -19.7577, 17.5567, 37.6022, 14.1614, 43.1504, 66.8118, 10.0932, 60.4761,-21.1211,-39.4923, -18.3834, 1.9646, -0.6377, 4.6826,  1.6005,-10.2415, 0.3162,-12.7335,-18.5577, -8.6415,  -21.0192, 15.7086, 35.4390, 12.3667, 40.9000, 64.1894,  8.3624, 57.9533,-22.3612,-40.4436, -19.6665,2.5515, 8.5645,9.7455,7.2686,12.1749,13.5767,0.1786,18.8095
2021-02-01, 1.5631,516005.7935,160803.3711,59892.2300,49318.9454,28257.5309,15746.2469,5571.7334,1470.0211,496.1802,  50.4832,28542.1572,10360.1879,1511.7413,4246.7539,2625.4810,1114.6057,652.6525,199.2194,1.0883, 8.6457, 3.0002, 0.2340, 6.6361,  0.9679,-9.7030, 2.3877,-13.0264,-15.8466,-6.8505,  -12.8619, 13.7666, 31.2951, 11.3977, 42.0157, 47.4055,  6.6069, 45.9891,-22.4501,-29.4700, -22.8654, 1.4150, -1.3086, 4.9950, -0.5860,-11.0927, 0.8120,-14.3649,-17.1418, -8.2842,  -14.2030, 12.0157, 29.2744,  9.6833, 39.8300, 45.1369,  4.9662, 43.7422,-23.6436,-30.5555, -24.0525,2.5241, 8.6108,9.2913,7.0785,11.7136,13.5521,0.2193,17.1260
2021-03-01, 1.5066,518256.6353,161642.6473,60804.1331,49439.0904,28095.3688,15877.0836,5417.1379,1458.5417,501.1248,  50.1670,27654.6159, 9838.7772,1478.4911,4148.9342,2314.3537,1064.3135,577.0373,245.3644,1.0434, 9.2398,-0.0887, 0.5567, 7.9917, -0.0164,-9.3982, 3.9177,-15.2900,-15.5169,-5.6387,   -9.4274, 12.7627, 36.2779, 11.7297, 66.0577, 33.6597,  3.1471, 43.6231, 10.6690,-42.5131,   0.2618,-1.5716, -0.9357, 6.3889, -1.5004,-10.7429, 2.3753,-16.5473,-16.7707, -7.0392,  -10.7717, 11.0891, 34.2553, 10.0715, 63.5931, 31.6759,  1.6162, 41.4915,  9.0265,-43.3664,  -1.2263,2.4316, 8.3920,8.2375,6.7035,10.6521,16.8226,0.2082,18.4182
2021-04-01, 1.9478,522051.1810,162332.1544,61621.5052,50026.0661,27439.6865,15934.5125,5291.7946,1462.1148,503.0498,  53.4249,28164.0723, 9783.3260,1487.8123,4226.1555,2176.8214,1080.9294,554.8406,247.4384,1.1038, 8.2247, 0.0207, 2.5534,10.5126,  2.2827,-8.5890, 5.6595,-16.1751,-10.3252,-4.3698,    1.5521, 15.9047, 47.3428,  9.8063, 91.6214, 42.0318, 11.7477, 59.6991, 11.2270,-48.7476,  10.3313,-1.8903,  0.5941, 8.4012,  0.3285,-10.3355, 3.6408,-17.7766,-12.0385, -6.1969,   -0.3882, 13.6903, 44.5278,  7.7083, 87.9604, 39.3182,  9.6126, 56.6480,  9.1019,-49.7268,   8.2233,2.4144, 8.4479,7.9331,6.7836,10.4849,16.9233,0.2194,15.3949
2021-05-01, 3.2957,526097.0866,162574.0751,61986.4177,50239.5921,27351.8389,15826.4439,5159.9768,1456.3654,497.1591,  56.2811,28011.2269, 9368.9502,1488.4598,3975.0332,2051.5333,1106.5300,495.5711,243.3506,0.8829, 7.5894, 0.8358, 3.7132,11.7246,  3.8889,-7.3569, 5.5774,-17.3793, -8.0314,-4.4929,   14.0945, 23.9040, 57.2819,  5.7949,117.5350, 58.4582, 14.7179, 75.9528, 38.2502,-44.3754,  87.7997,-2.3814,  0.4042, 8.1600,  0.5743,-10.3127, 2.2089,-20.0154,-10.9657, -7.5401,   10.4543, 19.9509, 52.2638,  2.4195,110.5945, 53.4025, 11.0578, 70.3390, 33.8393,-46.1501,  81.8080,2.4013, 7.9122,7.5005,6.9917, 9.6041,16.7094,0.1776,13.4847
2021-06-01, 3.6348,530118.3395,163953.7948,62426.6374,50786.5293,27763.9411,15884.6504,5082.8393,1450.3798,476.5019,  82.3158,27041.9561, 9024.5298,1508.5247,3814.1471,1937.4387,1075.4025,448.7157,232.3968,0.7810, 7.1234, 1.7078, 5.0119,12.3558,  6.1673,-5.7818, 5.9442,-17.6799, -6.3443,-4.1295,   65.5701, 28.5152, 74.0441, 11.1729,144.5235, 78.2962, 36.4647, 79.3076, 66.2440,-41.0118, 196.6600,-1.8593,  1.3288, 8.4152,  2.4437, -9.0863, 2.2285,-20.5671, -9.6291, -7.4920,   59.7631, 24.0078, 67.9399,  7.2738,135.9474, 72.0428, 31.6785, 73.0188, 60.4134,-43.0807, 186.2553,2.4165, 7.5102,6.9783,6.7701, 8.8281,16.0232,0.1639, 8.6537
2021-07-01, 3.9701,534676.6973,165796.0881,63063.7192,51563.3748,28076.5107,16038.7288,5031.4172,1442.4786,480.9043,  98.9546,26981.7185, 8859.1323,1519.3229,3806.4788,1819.6588,1064.7703,408.5238,232.7289,0.5449, 7.1039, 3.2494, 6.5842,12.7549,  9.0480,-3.6556, 6.8548,-17.8373, -5.0952,-3.4392,  116.2503, 29.0263, 86.1661, 22.7003,162.6053, 98.9240, 31.3594, 93.4329, 76.9231,-43.4093, 264.5741,-0.6932,  2.5143, 8.4493,  4.8840, -7.3345, 2.7746,-20.9747, -8.7192, -7.1264,  107.9928, 24.0995, 79.0574, 18.0150,152.5778, 91.3281, 26.3434, 86.0467, 70.1673,-45.5702, 250.6528,2.4092, 7.3821,6.4811,6.6387, 8.1195,16.1340,0.1133, 7.1790
2021-08-01, 4.4410,539937.0522,168246.0957,63914.8787,52620.9715,28453.7512,16215.6544,5003.0234,1443.1852,486.1136, 108.5175,26623.4346, 8700.1569,1541.4732,3769.6808,1710.7197,1052.5841,384.0275,232.3310,0.9458, 8.3948, 4.8010, 8.3433,13.5244, 11.5961,-1.0322, 8.3471,-17.4563, -4.6936,-2.2187,  131.8132,  9.9731, 36.7423, 22.5764, 74.4607, 17.6377,  2.6259, 24.7508, 56.9075, 27.8028,  10.4259, 0.3447,  3.7363, 8.6971,  6.8508, -5.2405, 3.7400,-20.9662, -8.7462, -6.3765,  121.9561,  5.2968, 30.9278, 17.3643, 67.0423, 12.6355, -1.7379, 19.4461, 50.2355, 22.3684,   5.7304,2.4118, 7.1638,6.0123,6.4912, 7.6759,16.0985,0.1946, 7.7359
2021-09-01, 4.5102,545743.2772,171204.8330,64735.7081,54234.8252,28749.1981,16428.1277,4999.2980,1426.8575,497.6089, 133.2094,25856.8770, 8657.4739,1566.8046,3733.1432,1700.3707,1046.8822,369.6637,229.5929,1.2074, 9.8092, 5.9595, 9.5108,13.4519, 14.1688, 0.0954, 9.4682,-16.1242, -7.0323,-0.6752,  185.3451,  0.7558, 12.5379, 16.0580, 40.7529,-12.7068, -8.0143,-14.9133, 40.9019, 36.9989,  53.2826, 1.3868,  4.7849, 8.5558,  9.2418, -4.2243, 4.7441,-19.7439,-11.0444, -4.9616,  173.0309, -3.5923,  7.6813, 11.0495, 34.6787,-16.4739,-11.9840,-18.5853, 34.8213, 31.0867,  46.6676,2.4203, 6.8833,5.9145,6.3725, 7.3943,16.0908,0.2426, 7.3637
2021-10-01, 4.5835,551290.2025,174454.6604,65470.3641,55887.8752,29407.7489,16619.6373,5005.0337,1422.3313,493.6058, 148.0641,26059.7870, 8584.6647,1584.6114,3609.0959,1730.8972,1049.6817,362.6678,234.5283,1.2140,11.9685, 6.9663,10.4254,13.0210, 15.9692, 2.1281, 9.8403,-14.8011, -6.3963,-1.3874,  234.8748, -8.1451,-11.3234,  2.2555, -5.6523,-28.1553,-12.6288,-30.2709, 40.8726, 28.4170,  54.8549, 2.2783,  5.5859, 8.0676, 10.8867, -2.3478, 5.0263,-18.5351,-10.4987, -5.7092,  220.1984,-12.1708,-15.2097, -2.2260, -9.7872,-31.3040,-16.4580,-33.3269, 34.6987, 22.7889,  48.0682,2.4203, 6.4577,5.8859,6.3159, 7.2461,16.4890,0.2459, 8.0833
2021-11-01, 5.2589,561195.0506,178424.6335,66376.0400,57869.3318,30323.3050,16788.6093,5006.0910,1406.7536,493.9567, 160.5462,26180.0067, 8543.2616,1543.7129,3587.5084,1753.6400,1076.3400,346.2932,218.5065,1.1589,16.1016, 8.8340,11.6249,13.0645, 19.4375, 2.9708, 9.4155,-14.2985, -6.3543,-1.6547,  241.9423,-11.4223,-16.7282,  3.2448,-12.6669,-35.1545, -8.6638,-40.7714, 22.0923,-13.6107,  85.2790, 3.3964,  6.0479, 7.4156, 13.4701, -2.1739, 3.9489,-18.5803,-11.0330, -6.5682,  224.8582,-15.8478,-20.8886, -1.9135,-17.0302,-38.3943,-13.2272,-43.7306, 15.9923,-17.9269,  76.0221,2.3257, 6.1993,5.7831,6.4111, 6.9174,15.5327,0.2346,10.0293
2021-12-01, 5.6227,565763.2173,180865.6876,66720.6296,59423.6977,30649.3050,17014.7873,5009.2877,1397.1696,479.3353, 171.4754,24430.8764, 8020.8223,1472.3058,3402.5655,1623.1215, 990.4001,310.9994,200.5142,1.1802,19.7356,10.3256,12.7596,13.2452, 21.6087, 4.8841, 8.8570,-13.0044, -5.0584,-1.7844,  260.3821,-13.3677,-20.9361, -1.2689,-15.3951,-39.6587,-11.4798,-50.1569,  6.2894, 34.2314, 106.1206, 4.4526,  6.7570, 7.2168, 15.1351, -0.6992, 3.0622,-17.6355,-10.1125, -7.0128,  241.1977,-17.9795,-25.1450, -6.5248,-19.8989,-42.8709,-16.1921,-52.8102,  0.6313, 27.0858,  95.1480,2.2067, 5.7259,5.2958,5.8208, 6.2085,14.3515,0.2462,11.5093
2022-01-01, 6.9446,567664.5777,183107.8102,67073.6913,61253.5630,30719.7885,17045.6906,5021.5980,1320.0399,476.6799, 196.7590,25947.3216, 8292.5366,1534.6801,3521.2131,1645.0399,1061.9652,311.1789,193.5030,1.0731,23.8831,10.9132,14.4833,13.5793, 25.1721, 7.3887, 8.9316,-11.7624, -9.9721,-2.9816,  293.5021,-10.6368,-21.2132,  1.8511,-15.9829,-40.9918, -6.6313,-55.0886, -2.7958, 22.3228, 153.9372, 3.7109,  7.0492, 6.2038, 17.0439,  0.4153, 1.8580,-17.4922,-15.8182, -9.2816,  267.9495,-16.4398,-26.3293, -4.7627,-21.4386,-44.8236,-12.6944,-58.0050, -9.1079, 14.3796, 137.4475,2.2881, 5.7486,5.3550,6.2301, 6.1968,14.6589,0.2251,12.1383
2022-02-01, 8.0052,578041.9232,186857.2510,68007.6248,63601.9960,31024.1270,17155.4550,5072.0055,1302.7841,477.8833, 215.3753,25619.2867, 8444.9091,1547.3036,3603.7674,1708.4125,1056.1711,313.7991,189.7416,0.9259,24.7880,12.0224,16.2023,13.5500, 28.9606, 9.7907, 8.9495, -8.9690,-11.3765,-3.6875,  326.6277,-10.2405,-18.4869,  2.3524,-15.1407,-34.9295, -5.2426,-51.9194, -4.7575,-14.9245, 186.7076, 3.7194,  7.5896, 5.1338, 19.4022,  1.6531, 0.8743,-15.7161,-17.9452,-10.8261,  295.0067,-16.8934,-24.5285, -5.2338,-21.4303,-39.7525,-12.2659,-55.4831,-11.8167,-21.2302, 165.4573,2.2752, 5.6661,5.5067,6.1565, 6.1869,14.5643,0.1937,11.5092
2022-03-01, 8.5279,585701.1961,190568.2261,68857.8856,65866.1911,31537.5241,17219.0861,5108.5734,1276.5048,482.3747, 220.0864,24731.3267, 8391.1660,1575.2398,3633.0145,1659.1328,1014.6954,298.6211,180.2509,0.8956,29.3160,13.0137,17.8948,13.2454, 33.2269,12.2517, 8.4524, -5.6961,-12.4807,-3.7416,  338.7073,-10.5707,-14.7133,  6.5437,-12.4350,-28.3112, -4.6620,-48.2493,-26.5375,-14.1654, 217.2775, 4.1334,  8.6309, 4.3468, 22.7583,  3.4312,-0.0695,-13.1063,-19.3578,-11.3054,  304.2347,-17.5979,-21.4150, -1.8282,-19.3156,-33.9443,-12.1534,-52.3157,-32.3100,-20.9101, 192.3466,2.2877, 5.5158,5.2608,5.8929, 5.8455,14.1207,0.1857,13.3202
2022-04-01, 9.2341,596062.8816,193989.1186,69504.2326,67815.4069,32143.6683,17381.4038,5152.3119,1274.0435,485.8444, 232.2071,25228.3660, 8681.5202,1655.3636,3800.9263,1708.1514,1016.4908,295.8667,172.7521,0.9330,31.0362,14.1771,19.5014,12.7922, 35.5601,17.1430, 9.0802, -2.6358,-12.8630,-3.4202,  334.6419,-10.4236,-11.2621, 11.2616,-10.0618,-21.5300, -5.9614,-46.6754,-30.1838,-15.4714, 277.3521, 4.5251,  9.3993, 3.2573, 24.1006,  7.2403,-0.1409,-10.8665,-20.2291,-11.5846,  297.8995,-17.9959,-18.7635,  1.8561,-17.6648,-28.1635,-13.9110,-51.1832,-36.0857,-22.6171, 245.4527,2.3817, 5.6048,5.3141,5.8482, 5.7424,13.5594,0.1920,13.3657
2022-05-01, 9.0668,605377.5107,197918.4766,70248.3404,69869.3216,32911.7046,17651.1040,5231.0598,1273.7057,489.1509, 244.0895,25289.6462, 9001.3327,1679.1684,4002.7401,1769.3090,1040.6512,299.6613,172.4439,0.8124,36.5465,15.0695,21.7405,13.3286, 39.0722,20.3272,11.5292,  1.3776,-12.5422,-1.6108,  333.6972, -9.7160, -3.9238, 12.8125,  0.6970,-13.7567, -5.9536,-39.5321,-29.1377, -7.9822, 381.5490, 5.5037, 11.6201, 3.9075, 27.5111, 10.3243, 2.2577, -7.0500,-19.8126, -9.7900,  297.6438,-17.2214,-11.9107,  3.4343, -7.6740,-20.9262,-13.7718,-44.5589,-35.0285,-15.6317, 341.5176,2.3903, 5.7289,5.3759,5.8957, 5.7285,13.5388,0.1661,14.9726
2022-06-01, 9.6738,616535.1894,201295.5806,70805.8389,71216.7338,34050.8632,17873.9224,5345.5927,1280.4056,476.0624, 246.1616,25437.5983, 9408.4617,1692.0142,4338.2623,1824.8488,1046.4406,301.6341,168.2152,0.7332,36.3134,16.3014,22.7758,13.4225, 40.2276,22.6442,12.5232,  5.1694,-11.7193,-0.0922,  199.0454, -5.9328,  4.2543, 12.1635, 13.7413, -5.8113, -2.6931,-32.7784,-27.6172, -6.1187, 409.7785, 6.0430, 11.9463, 3.4180, 27.8588, 11.8263, 2.5981, -4.1071,-19.5061, -8.9046,  172.6680,-14.2301, -4.9415,  2.2701,  3.7087,-14.1192,-11.2761,-38.7077,-34.0018,-14.3996, 364.8133,2.3897, 6.0916,5.3592,5.8546, 5.6427,13.1377,0.1540,14.7519
2022-07-01,10.2058,623932.2706,203272.9521,71090.2852,72299.2177,34273.3276,18113.8918,5456.4887,1296.3713,484.2001, 259.1698,25420.1838, 9684.0693,1704.4180,4535.5381,1903.9094,1019.8989,314.7824,166.4446,1.0188,38.0591,16.6934,22.6042,12.7277, 40.2143,22.0712,12.9385,  8.4483,-10.1289, 0.6853,  161.9078, -5.7874,  9.3117, 12.1827, 19.1531,  4.6300, -4.2142,-22.9464,-28.4813, 86.9632, 435.7479, 5.8868, 11.2502, 2.2883, 27.2295, 10.7665, 2.4796, -1.5947,-18.4516, -8.6388,  137.6533,-14.5121, -0.8113,  1.7938,  8.1187, -5.0594,-13.0846,-30.0821,-35.1045, 69.6491, 386.1340,2.3975, 6.2733,5.5551,5.6305, 5.7690,12.8393,0.2104,14.6850
2022-08-01,10.8360,631727.2801,206476.8269,71747.1519,73549.6767,35036.8608,18483.9599,5597.1122,1298.0985,497.4485, 266.5184,25457.5045, 9906.5961,1713.3217,4728.9422,1926.9676,1025.1858,311.3942,160.1588,1.1167,39.5090,17.0002,22.7231,12.2542, 39.7726,23.1362,13.9884, 11.8746,-10.0532, 2.3317,  145.5995, -4.3793, 13.8669, 11.1483, 25.4468, 12.6408, -2.6030,-18.9136,-31.0644, 18.0692, 370.6365, 5.5615, 10.7250, 1.2796, 26.1076, 11.0977, 2.8442,  0.9371,-18.8470, -7.6728,  121.5882,-13.7278,  2.7346,  0.2818, 13.1823,  1.6283,-12.1251,-26.8411,-37.8039,  6.5260, 324.6243,2.3880, 6.4296,5.4998,5.5464, 5.5635,12.3380,0.2245,14.8241
2022-09-01,11.4399,640214.9749,209433.5914,72269.6353,74786.2754,35686.9219,18877.1637,5726.8393,1317.1306,506.1099, 263.5152,25899.5791,10333.4394,1737.2209,4983.5695,2032.5585,1050.2385,329.4015,157.7127,0.9271,41.8107,17.3106,22.3293,11.6380, 37.8935,24.1319,14.9076, 14.5529, -7.6901, 1.7084,   97.8203,  0.1651, 19.3586, 10.8767, 33.4953, 19.5362,  0.3206,-10.8916,-31.3076,-23.2158, 326.2412, 5.2681,  9.7715, 0.1778, 23.7380, 11.3891, 3.1117,  2.7934,-17.1662, -8.7325,   77.5130,-10.1173,  7.1058, -0.5054, 19.7913,  7.2652, -9.9778,-20.0390,-38.3593,-31.0981, 282.4853,2.4038, 6.6637,5.6955,5.5635, 5.7519,11.9740,0.1832,15.8665
2022-10-01,12.2218,648681.8155,211624.4988,72542.7249,75616.5411,36336.5265,19164.0140,5830.2841,1342.2210,509.4003, 282.7869,26696.9477,10829.5997,1801.2539,5267.4076,2127.9330,1087.5520,337.6335,164.6949,1.3276,41.7972,17.6661,21.3063,10.8024, 35.3004,23.5611,15.3095, 16.4884, -5.6323, 3.1998,   90.9895,  2.4450, 26.1505, 13.6716, 45.9481, 22.9382,  3.6078, -6.9028,-29.7761,  9.3571, 249.2271, 4.8514,  8.0952,-1.2648, 20.5653, 10.1044, 2.7514,  3.8020,-15.9096, -8.0394,   70.1894, -8.7120, 12.4118,  1.2920, 30.0533,  9.5493, -7.6758,-17.0418,-37.4240, -2.5527, 211.1937,2.4830, 6.9659,5.8562,5.6750, 5.7910,12.2703,0.2606,14.7805
2022-11-01,12.5315,655599.2897,213733.6747,72653.4232,76216.8746,37212.8894,19523.2117,5953.3428,1354.3241,509.5237, 310.0851,27483.3901,11611.7303,1802.8342,5756.2128,2324.5574,1142.6014,368.3735,170.6162,1.9051,44.6298,16.8220,19.7893, 9.4573, 31.7051,22.7204,16.2884, 18.9220, -3.7270, 3.1515,   93.1439,  4.9785, 35.9168, 16.7856, 60.4515, 32.5561,  6.1562,  6.3762,-21.9171, 64.3875, 177.1755, 3.8127,  6.4496,-2.7318, 17.0385,  9.0543, 3.3386,  5.6789,-14.4479, -8.3354,   71.6355, -6.7118, 20.7812,  3.7804, 42.5837, 17.7947, -5.6653, -5.4698,-30.6124, 46.0813, 146.3094,2.4814, 7.5524,6.2466,5.8525, 6.1877,12.5979,0.3739,14.3927
2022-12-01,13.1225,661163.5819,213945.7599,72569.1242,75997.3666,37374.2579,19952.6851,5958.9863,1300.7001,487.6037, 305.0360,26865.8561,11777.1846,1836.9864,5877.7505,2359.4003,1123.6041,370.6544,160.6875,1.3914,46.7100,16.8622,18.2899, 8.7656, 27.8907,21.9416,17.2667, 18.9588, -6.9046, 1.7250,   77.8891,  9.9668, 46.8326, 24.7694, 72.7447, 45.3619, 13.4495, 19.1817,-19.8623, 17.8992, 136.6783, 3.3060,  4.5680,-3.8514, 13.0551,  7.7961, 3.6635,  5.1593,-17.7039,-10.0754,   57.2535, -2.7896, 29.7997, 10.2958, 52.7059, 28.4996,  0.2891,  5.3563,-29.1585,  4.2226, 109.2231,2.5314, 7.7342,6.3129,5.6313, 6.2201,12.3539,0.2854,15.3129
2023-01-01,13.2520,659570.6987,213501.3823,72455.6422,75730.9169,37298.0574,19827.6193,5988.7550,1402.5722,489.0522, 308.7670,28762.3830,12601.0603,1903.7199,6354.1531,2496.5339,1228.6144,392.5715,173.1264,1.3621,50.9791,16.1902,16.5987, 8.0239, 23.6351,21.4138,16.3204, 19.2599,  6.2523, 2.5955,   56.9265, 10.8491, 51.9566, 24.0467, 80.4535, 51.7613, 15.6925, 26.1562,-10.5304, 26.9278, 113.4521, 2.5944,  2.9551,-4.6163,  9.1682,  7.2068, 2.7094,  5.3050, -6.1807, -9.4095,   38.5640, -2.1217, 34.1757,  9.5316, 59.3381, 34.0032,  2.1550, 11.3942,-20.9995, 12.0756,  88.4754,2.6274, 8.3904,6.6935,6.1965, 6.5551,12.3435,0.2785,16.5105
2023-02-01,13.2790,664645.1882,213329.8994,72643.1595,75491.5564,37034.4837,19910.9325,6034.8472,1426.5454,495.1262, 293.2483,30107.9657,13568.8497,1991.3285,6858.3338,2757.9933,1290.2500,437.9061,179.4000,2.6380,51.0001,14.9822,14.1673, 6.8162, 18.6937,19.3732,16.0618, 18.9835,  9.4998, 3.6082,   36.1569, 17.5207, 60.6749, 28.6967, 90.3101, 61.4360, 22.1630, 39.5498, -5.4504,184.9114, 105.7454, 1.5035,  0.7842,-5.7052,  4.7799,  5.3798, 2.4566,  5.0357, -3.3362, -8.5372,   20.1960,  3.7445, 41.8399, 13.6103, 68.0012, 42.5119,  7.8425, 23.1913,-16.5338,151.5129,  81.6271,2.7412, 9.0849,7.4471,6.4801, 7.2563,12.5758,0.5328,17.3914
2023-03-01,13.3443,664739.0947,213106.8343,72796.0713,75203.8305,36790.5888,19994.6686,6077.9017,1466.3163,502.2523, 275.2049,31520.1792,14370.3079,2060.6194,7369.1207,2902.0850,1323.8016,470.4691,187.1472,2.6809,54.3840,13.4946,11.8271, 5.7193, 14.1767,16.6566,16.1192, 18.9745, 14.8696, 4.1208,   25.0440, 27.4504, 71.2552, 30.8131,102.8376, 74.9158, 30.4630, 57.5472,  3.8260,199.3545,  85.5099, 0.1326, -1.3386,-6.7273,  0.7344,  2.9223, 2.4482,  4.9674,  1.3457, -8.1376,   10.3223, 12.4453, 51.0929, 15.4121, 78.9570, 54.3225, 15.1032, 38.9987, -8.3977,164.1107,  63.6693,2.8307, 9.7989,7.8881,6.6208, 7.7406,12.7631,0.5338,19.7613
2023-04-01,12.8229,669265.6900,212897.2773,72876.3702,74687.5892,36960.8921,20008.1689,6108.4780,1494.3287,508.6555, 252.7946,33813.2038,15432.1893,2156.9084,7964.1874,3124.6019,1438.7127,490.6903,203.8513,2.8798,50.3576,12.2811, 9.7470, 4.8517, 10.1337,14.9865,15.1125, 18.5580, 17.2902, 4.6951,    8.8660, 34.0285, 77.7591, 30.2982,109.5328, 82.9230, 41.5372, 65.8484, 18.0022,208.6632,  62.2545,-0.4802, -2.7263,-7.0652, -2.3836,  1.9178, 2.0294,  5.0833,  3.9596, -7.2040,   -3.5072, 18.7955, 57.5559, 15.4891, 85.7184, 62.1329, 25.4508, 46.9989,  4.5907,173.5821,  43.8135,2.9597,10.6633,8.4538,7.1906, 8.0329,13.6417,0.5662,19.9204
2023-05-01,12.3603,670459.6945,212874.9660,73042.5092,73963.4831,37375.7679,20037.7390,6149.3940,1564.8625,515.1826, 226.0277,34331.3156,15797.1988,2176.4270,8164.4788,3181.8879,1516.8703,495.2927,207.4217,3.0870,51.7334,10.7507, 7.5569, 3.9776,  5.8597,13.5638,13.5212, 17.5554, 22.8590, 5.3218,   -7.3997, 35.7525, 75.4984, 29.6134,103.9722, 79.8379, 45.7616, 65.2842, 20.2836,279.9719,  41.5550,-1.4325, -4.2750,-7.4606, -5.7854,  1.0711, 1.0332,  4.6237,  9.3438, -6.2642,  -17.5862, 20.8189, 56.1926, 15.3552, 81.5342, 60.0547, 29.7270, 47.1020,  7.0517,238.1728,  25.9831,2.9797,11.0385,8.5132,7.5701, 8.0543,13.2549,0.5992,22.8881
2023-06-01,12.1296,672506.5393,211899.6680,72940.0791,72883.3982,37456.7071,20135.7247,6143.1241,1634.1555,504.4261, 202.0531,35153.1484,15974.1064,2091.2294,8400.8335,3187.8718,1528.0467,501.5276,213.2885,2.9988,48.3101, 9.0784, 5.2679, 3.0142,  2.3403,10.0022,12.6542, 14.9194, 27.6280, 5.9580,  -17.9185, 38.1937, 69.7845, 23.5941, 93.6451, 74.6924, 46.0233, 66.2702, 26.7950,309.0040,  33.0367,-2.7212, -6.1194,-8.1293, -8.7304, -1.8973, 0.4678,  2.4880, 13.8218, -5.5040,  -26.7976, 23.2446, 51.4180, 10.2243, 72.6976, 55.7950, 30.2272, 48.2839, 13.0789,264.7600,  18.6454,2.8671,11.5264,8.5108,7.5887, 8.1640,13.0519,0.5945,23.9096
2023-07-01,11.7849,670385.8229,211233.4372,73027.3381,72063.3792,37438.8509,20168.4228,6113.4712,1727.2445,512.7743, 181.9563,36294.2778,15876.6945,2028.9751,8355.6783,3153.5647,1577.2013,491.1473,226.9742,3.3250,39.8285, 7.4453, 3.9162, 2.7248, -0.3262, 9.2361,11.3423, 12.0404, 33.2369, 5.9013,  -29.7926, 42.7774, 63.9465, 19.0421, 84.2268, 65.6363, 54.6429, 56.0275, 36.3662,226.3636,   4.6492,-3.8821, -7.0392,-8.1050,-10.8343, -2.2801,-0.3960,  0.2285, 19.1904, -5.2633,  -37.1942, 27.7251, 46.6625,  6.4921, 64.8047, 48.1741, 38.3397, 39.5783, 21.9898,191.9568,  -6.3835,2.7784,11.5949,8.4232,7.8202, 8.0339,13.1408,0.6484,21.8891
2023-08-01,11.4273,672790.4924,211380.8340,73254.6331,71199.9522,38059.5777,20252.8886,6107.3052,1815.1507,525.7076, 165.6190,36315.0971,16159.0468,2034.7493,8545.9454,3136.9003,1654.2560,500.0645,248.0637,3.5898,35.4778, 6.5001, 2.3751, 2.1011, -3.1947, 8.6272, 9.5701,  9.1153, 39.8315, 5.6808,  -37.8583, 42.6499, 63.1140, 18.7605, 80.7158, 62.7895, 61.3616, 60.5889, 54.8861,221.4651, -10.2032,-4.4219, -8.1239,-8.3698,-13.1225, -2.5129,-1.6668, -2.0749, 25.4912, -5.1572,  -44.2312, 28.0205, 46.3860,  6.5811, 62.1826, 46.0947, 44.8133, 44.1198, 39.0019,188.4975, -19.4123,2.7776,12.0027,8.2421,8.1680, 8.1880,13.6663,0.6829,21.4213
2023-09-01,10.9943,675187.3953,211082.0107,73451.1347,70277.1639,38229.7116,20411.1215,6082.3619,1944.3375,532.3327, 153.8469,36634.9450,16431.6368,2051.3923,8623.0557,3219.6854,1700.2612,511.5677,294.5925,2.9529,28.1291, 5.4626, 0.7871, 1.6348, -6.0293, 7.1253, 8.1260,  6.2080, 47.6192, 5.1813,  -41.6175, 41.4500, 59.0142, 18.0847, 73.0297, 58.4055, 61.8929, 55.3022, 86.7906,218.5053, -32.7228,-4.9838, -9.1962,-8.4324,-15.3374, -3.4858,-2.5842, -4.3122, 32.9971, -5.2373,  -47.4004, 27.4389, 43.2634,  6.3881, 55.8906, 42.7150, 45.8569, 39.9191, 68.2884,186.9564, -39.3868,2.7929,12.2701,8.4219,8.3301, 8.4107,15.1513,0.5547,18.2838
2023-10-01,10.4786,676150.6658,210560.9747,73369.3379,69363.2510,38537.1288,20529.7437,6052.1578,2023.6147,541.6047, 144.1363,38453.0380,17391.4516,2067.9478,9099.5720,3409.1519,1891.2123,525.6367,369.5528,2.3907,25.9873, 4.2346,-0.5026, 1.1395, -8.2697, 6.0562, 7.1265,  3.8055, 50.7661, 6.3220,  -49.0301, 44.0353, 60.5918, 14.8060, 72.7524, 60.2095, 73.8963, 55.6826,124.3863, 80.0738, -37.8252,-5.6518, -9.9396,-8.4534,-16.9701, -4.0030,-3.0342, -6.0402, 36.4663, -3.7624,  -53.8644, 30.3739, 45.3601,  3.9169, 56.3672, 45.0141, 57.4026, 40.9165,103.1038, 62.9942, -43.7223,2.8185,13.1187,8.8464,9.2121, 8.6851,18.2620,0.4414,18.0297
2023-11-01,10.1486,676887.1826,210618.0723,73332.7784,68361.5473,39518.0662,20588.3479,6038.5401,2105.2391,543.3165, 130.2368,39484.4688,17752.1072,2011.7095,9276.7209,3552.5773,1941.2467,543.2998,401.9853,2.0993,22.4685, 3.2471,-1.4577, 0.9351,-10.3065, 6.1946, 5.4557,  1.4311, 55.4457, 6.6322,  -57.9997, 43.6667, 52.8808, 11.5859, 61.1601, 52.8281, 69.8971, 47.4861,135.6079, 10.1976, -49.6559,-6.2657,-10.5370,-8.3647,-18.5705, -3.5898,-4.2605, -7.9143, 41.1236, -3.1924,  -61.8694, 30.4298, 38.7950,  1.3049, 46.3115, 38.7472, 54.2435, 33.8974,113.9000,  0.0445, -54.2944,2.7433,13.5701,8.9898,9.4289, 8.9972,19.0945,0.3864,17.2520
2023-12-01, 9.2760,673654.5644,208832.5840,73118.5472,67098.4578,39113.3591,20769.2686,5942.1926,2145.7692,525.5420, 119.4474,37529.5268,17183.3716,2021.0292,8852.9551,3509.9993,1828.8168,529.7292,418.9813,1.9228,19.9380, 1.8892,-2.3899, 0.7571,-11.7095, 4.6532, 4.0926, -0.2818, 64.9703, 7.7806,  -60.8415, 39.6923, 45.9039, 10.0187, 50.6181, 48.7666, 62.7635, 42.9173,160.7429, 38.1850, -57.3154,-6.7598,-10.6757,-7.7958,-19.2042, -4.2304,-4.7434, -8.7465, 50.9666, -1.3685,  -64.1656, 27.8343, 33.5186,  0.6796, 37.8327, 36.1383, 48.9471, 30.7855,138.6094, 26.4549, -60.9387,2.7640,13.1940,8.9739,8.8054, 8.9147,19.5259,0.3659,16.6918
2024-01-01, 8.3466,672375.1561,206881.3437,73091.6488,65735.1286,38785.8384,20587.7797,5846.7486,2188.2343,531.6776, 114.2877,38589.3572,17298.7234,2078.5544,8757.2633,3513.5027,1943.6232,514.6614,470.5926,2.0679,18.4580, 1.9413,-3.1007, 0.8778,-13.1991, 3.9889, 3.8338, -2.3712, 56.0158, 8.7159,  -62.9858, 34.1661, 37.2799,  9.1838, 37.8195, 40.7352, 58.1964, 31.1001,171.8203, 51.8180, -63.7929,-5.9118,-10.5654,-6.8934,-19.8859, -4.0220,-4.1651, -9.8921, 43.9970,  0.3409,  -65.8372, 23.8305, 26.7044,  0.7728, 27.2025, 29.8936, 46.0096, 21.0007,150.8804, 40.1225, -66.5821,2.8438,13.3220,9.0587,9.4407, 8.8025,21.5056,0.3889,16.1505
2024-02-01, 7.7374,674571.1942,205563.2745,73465.9147,64698.5361,38202.0344,20559.8732,5768.2068,2213.3132,544.2271, 111.1689,38523.3177,17148.1330,2136.7499,8497.9851,3532.2654,1950.5808,508.9595,502.9372,2.7437,15.9114, 1.4934,-3.6407, 1.1326,-14.2970, 3.1526, 3.2592, -4.4183, 55.1520, 9.9168,  -62.0905, 27.9506, 26.3787,  7.3027, 23.9074, 28.0738, 51.1785, 16.2257,180.3440,  4.0072, -68.8012,-5.7955,-10.5609,-6.1304,-20.4519, -4.2555,-4.1566,-11.2827, 44.0094,  2.0229,  -64.8131, 18.7616, 17.3025, -0.4034, 15.0088, 18.8759, 40.3213,  7.8787,160.2105, -3.4623, -71.0418,2.9085,13.1347,9.2463,9.4873, 8.8235,22.7233,0.5041,14.3129
2024-03-01, 7.3627,675346.8054,204330.7849,73639.3144,63722.3604,37846.2909,20533.7251,5688.3061,2245.7335,545.6773, 109.3772,39128.0739,17198.9146,2267.4676,8353.6502,3581.6188,1956.7421,507.2979,514.2958,3.1902,14.6521, 1.5958,-4.1181, 1.1584,-15.2671, 2.8695, 2.6960, -6.4100, 53.1548, 8.6460,  -60.2561, 24.1366, 19.6837, 10.0382, 13.3602, 23.4154, 47.8123,  7.8281,174.8081, 18.9985, -73.0581,-5.3714,-10.6935,-5.7788,-21.0779, -4.1851,-4.3466,-12.8282, 42.6518,  1.1953,  -62.9816, 15.6236, 11.4761,  2.4920,  5.5862, 14.9518, 37.6757,  0.4335,155.9624, 10.8379, -74.9057,3.0792,13.1094,9.4636,9.5294, 8.9183,22.9010,0.5846,13.3959
2024-04-01, 7.1633,675550.7264,203793.1944,73975.5392,62916.0359,37868.0992,20453.1873,5609.2299,2299.9696,550.8470, 120.2864,39670.5167,16929.3875,2277.8835,8190.7877,3422.5533,2006.5799,484.3052,531.1473,2.3917,13.7389, 0.9391,-4.2763, 1.5083,-15.7611, 2.4545, 2.2242, -8.1730, 53.9132, 8.2947,  -52.4173, 17.3226,  9.7018,  5.6087,  2.8452,  9.5357, 39.4705, -1.3012,160.5562,-16.9504, -72.7174,-5.8081,-10.6749,-5.2770,-21.3920, -4.3940,-4.6089,-14.3112, 43.6250,  1.0558,  -55.5980,  9.4802,  2.3688, -1.4506, -4.0294,  2.2138, 30.1477, -7.8987,143.1394,-22.5018, -74.5411,3.0792,13.0186,9.0381,9.8106, 8.6341,23.0937,0.4342,11.4218
2024-05-01, 7.1569,677352.2663,203063.1164,74307.2935,62317.7529,37494.7902,20385.1774,5521.0009,2363.1642,556.8818, 117.0555,39315.6619,16597.1753,2277.0973,8029.7024,3283.4955,2005.0044,473.1836,512.4062,2.3329,13.9531, 1.0280,-4.6092, 1.7316,-15.7452, 0.3184, 1.7339,-10.2188, 51.0142, 8.0941,  -48.2119, 14.5184,  5.0640,  4.6255, -1.6508,  3.1933, 32.1803, -4.4639,147.0360,-24.4292, -73.0289,-5.7195,-10.9803,-5.0630,-21.3725, -6.3817,-5.0608,-16.2152, 40.9281,  0.8745,  -51.6708,  6.8698, -1.9531, -2.3624, -8.2194, -3.6989, 23.3521,-10.8446,130.5366,-29.4765, -74.8302,3.0644,12.8851,8.7572,9.8356, 8.5706,21.6831,0.4189,11.9201
2024-06-01, 7.1825,682345.2733,201839.1946,74526.3118,61376.1817,37138.5958,20329.1573,5417.8496,2401.7388,541.9334, 107.4262,39268.0139,16309.5346,2328.9308,7720.4023,3250.1269,2026.1400,459.2904,510.9810,1.4870,12.1763, 1.4630,-4.7478, 2.1747,-15.7885,-0.8493, 0.9606,-11.8063, 46.9713, 7.4357,  -46.8327, 11.7055,  2.0998, 11.3666, -8.0996,  1.9529, 32.5967, -8.4217,139.5727,-50.4139, -74.7956,-5.3362,-11.1308,-4.6722,-21.4317, -7.4935,-5.8049,-17.7163, 37.1225,  0.2362,  -50.3955,  4.2200, -4.7420,  3.9037,-14.2580, -4.8792, 23.7112,-14.5585,123.5186,-53.7368, -76.4846,3.1250,12.5788,8.7513,9.9667, 8.4774,21.2755,0.2744,11.3345
2024-07-01, 6.8600,681852.4563,200918.6744,74883.2372,60720.9870,36636.8306,20252.0651,5305.8859,2454.7035,556.0863, 108.8788,38874.5126,15745.9688,2350.9726,7306.5678,3120.3331,2012.0973,424.5590,518.0477,1.1954,12.1958, 1.7105,-4.8831, 2.5414,-15.7395,-2.1422, 0.4147,-13.2099, 42.1167, 8.4466,  -40.1621,  7.1092, -0.8234, 15.8700,-12.5557, -1.0538, 27.5739,-13.5577,128.2408,-64.0473, -69.3793,-4.8190,-10.9893,-4.0414,-21.1487, -8.4243,-6.0316,-18.7815, 32.9933,  1.4847,  -44.0035,  0.2332, -7.1902,  8.4315,-18.1693, -7.4058, 19.3841,-19.1070,113.5885,-66.3554, -71.3450,3.1395,12.0330,8.5169,9.9353, 8.0017,21.1043,0.2150,11.2013
2024-08-01, 6.1204,682266.9816,200560.3202,75279.4314,60142.2822,36466.3324,20273.9595,5224.4231,2488.3548,570.3172, 115.2194,38913.2164,15469.5952,2371.3728,7173.4568,2995.8547,2023.0315,399.5536,494.5171,1.3119,10.4970, 1.4085,-5.1190, 2.7641,-15.5304,-4.1862, 0.1040,-14.4562, 37.0881, 8.4856,  -30.4310,  7.1544, -4.2667, 16.5437,-16.0601, -4.4963, 22.2925,-20.0996, 99.3508,-63.4561, -70.4125,-4.4402,-10.5912,-3.1628,-20.4022, -9.7122,-5.6694,-19.3899, 29.1816,  2.2288,  -34.4434,  0.9743, -9.7880,  9.8221,-20.9013,-10.0045, 15.2394,-24.7078, 87.8533,-65.5638, -72.1190,3.1501,11.9275,8.2154,9.9785, 7.6478,19.8733,0.2300, 9.1104
2024-09-01, 5.8088,683396.4178,200430.4410,75755.4257,59702.0469,36457.7890,20140.5388,5182.2179,2488.7678,581.7967, 121.8582,38985.0920,15246.2419,2388.8134,7025.8004,2909.6733,2007.1747,384.9098,518.7711,1.2794, 9.8196, 1.2158,-5.0462, 3.1372,-15.0477,-4.6349,-1.3257,-14.7993, 28.0008, 9.2919,  -20.7925,  6.4150, -7.2141, 16.4484,-18.5231, -9.6286, 18.0510,-24.7588, 76.0979,-56.6719, -65.0908,-4.3408,-10.2590,-2.5249,-19.7115, -9.8704,-6.7428,-19.4767, 20.9737,  3.2919,  -25.1409,  0.5730,-12.3079, 10.0555,-22.9961,-14.5899, 11.5701,-28.8894, 66.4303,-59.0506, -67.0073,3.1533,11.7681,7.9809,9.9658, 7.4275,20.8445,0.2199, 8.0582
2024-10-01, 5.4061,687199.1495,200793.0403,76207.7975,59581.5757,36460.4639,20221.0656,5105.5187,2499.2877,589.3246, 128.0065,38644.0304,14896.0506,2369.4504,6797.5139,2870.8340,1960.4386,369.7213,517.1237,1.1864, 9.7821, 1.6340,-4.6390, 3.8687,-14.1021,-5.3887,-1.5036,-15.6413, 23.5061, 8.8109,  -11.1907,  0.4967,-14.3484, 14.5798,-25.2985,-15.7904,  3.6604,-29.6622, 39.9323,-50.3734, -62.3580,-3.5786, -9.5299,-1.4586,-18.5077,-10.2412,-6.5553,-19.9680, 17.1717,  3.2301,  -15.7456, -4.6576,-18.7414,  8.7032,-29.1299,-20.1094, -1.6562,-33.2697, 32.7554,-52.9187, -64.2886,3.1092,11.4088,7.8738,9.6950, 7.2416,20.6908,0.2013, 7.6419
2024-11-01, 5.1974,694457.8460,203155.7392,76582.0149,59394.4751,38610.6042,20256.5415,5048.4433,2530.7490,599.0057, 133.9054,39096.5507,14899.3939,2409.5818,6783.2482,2859.9630,1961.6784,355.8314,518.5243,1.1479, 9.4188, 2.5958,-3.5431, 4.4308,-13.1171,-2.2963,-1.6116,-16.3963, 20.2119,10.2499,    2.8169, -0.9825,-16.0697, 19.7778,-26.8788,-19.4961,  1.0525,-34.5055, 28.9909,-45.3217, -58.0799,-2.4730, -8.3086,-0.7287,-17.4096, -7.1235,-6.4726,-20.5268, 14.2728,  4.8029,   -2.2628, -5.8745,-20.2164, 13.8601,-30.4914,-23.4735, -3.9401,-37.7413, 22.6180,-48.0231, -60.1509,3.1464,11.4207,7.4072,9.6842, 7.0483,20.4890,0.1916, 7.0339
2024-12-01, 5.2031,696841.1874,202124.3894,76114.8674,58785.4239,38459.3921,20564.1188,4948.7858,2535.6060,584.8582, 131.3372,36453.3635,13992.2012,2310.0857,6267.3081,2697.2989,1882.8994,326.0019,498.7625,0.8068, 9.0380, 3.4419,-3.2122, 4.0979,-12.3893,-1.6720,-0.9878,-16.7178, 18.1677,11.2867,    9.9539, -2.8675,-18.5713, 14.3024,-29.2066,-23.1539,  2.9572,-38.4588, 19.0417,-58.0390, -54.6693,-1.6740, -7.9991,-1.0505,-16.7223, -6.5350,-5.8846,-20.8368, 12.3234,  5.7827,    4.5159, -7.6714,-22.5985,  8.6493,-32.7078,-26.9545, -2.1347,-41.5024, 13.1542,-60.1143, -56.9112,3.0350,10.6613,7.0134,9.1562, 6.5875,19.6703,0.1379, 6.8815
2025-01-01, 5.2230,695316.6445,201018.6681,76087.4481,58717.5665,37657.7272,20430.6390,4884.4294,2516.4710,587.9708, 136.4163,36866.2629,13793.2403,2297.8819,6159.2319,2602.2145,1918.8869,318.4220,485.7081,0.8144,10.0805, 3.4120,-2.8338, 4.0987,-10.6755,-2.9086,-0.7633,-16.4590, 15.0001,10.5878,   19.3622, -4.4652,-20.2644, 10.5519,-29.6672,-25.9367, -1.2727,-38.1298,  3.2120,-60.6148, -45.3868,-1.7211, -7.6569,-1.0685,-15.1093, -7.7279,-5.6891,-20.6058,  9.2918,  5.0986,   13.4374, -9.2073,-24.2223,  5.0644,-33.1583,-29.6130, -6.1732,-41.2009, -1.9111,-62.5698, -48.0976,3.0201,10.4896,6.9102,9.3922, 6.5191,19.3012,0.1385, 7.3895
2025-02-01, 5.2766,701027.6575,201091.4631,76713.8989,58609.1492,37303.8720,20386.1388,4841.8277,2501.5978,597.4982, 137.4805,36875.0706,13531.2684,2298.7910,5884.4977,2626.4817,1900.9708,306.7674,503.6566,0.6739, 9.4293, 3.9220,-2.1754, 4.4211, -9.4119,-2.3511,-0.8450,-16.0601, 13.0250, 9.7884,   23.6681, -4.2786,-21.0919,  7.5835,-30.7542,-25.6431, -2.5433,-39.7265,  0.1430,-75.4376, -40.7392,-1.2867, -7.0785,-0.8126,-13.9523, -7.2454,-5.8148,-20.2673,  7.3601,  4.2857,   17.4697, -9.0762,-25.0469,  2.1913,-34.2249,-29.3700, -7.4280,-42.7475, -4.8762,-76.6687, -43.7094,2.9966,10.0402,7.0408,9.3248, 6.3358,20.1334,0.1128, 6.8586
2025-03-01, 5.0900,703665.6945,201289.1230,77144.8369,58493.7945,37331.9967,20331.6860,4805.2860,2447.5333,604.4013, 129.5883,36647.3954,13184.5701,2280.7925,5710.5108,2515.9663,1880.7541,295.8483,489.4518,0.8937,10.3525, 4.1932,-1.4886, 4.7604, -8.2052,-1.3589,-0.9839,-15.5234,  8.9859,10.7617,   18.4784, -6.3399,-23.3407,  0.5877,-31.6405,-29.7534, -3.8834,-41.6815, -4.8307,-71.9872, -29.3442,-0.8533, -6.2600,-0.3136,-12.6513, -6.1366,-5.7797,-19.6150,  3.7072,  5.3970,   12.7399,-10.8763,-27.0537, -4.2843,-34.9515,-33.1557, -8.5388,-44.5062, -9.4402,-73.3440, -32.7664,2.9565, 9.7626,6.7394,9.2504, 6.1567,19.9978,0.1479, 7.9888
2025-04-01, 5.1623,706990.0862,202311.7623,77537.8629,58913.1002,37649.4518,20320.6250,4770.1398,2379.1374,612.9281, 128.5170,36693.8079,12871.4495,2223.3645,5546.3855,2426.0177,1881.1584,286.2258,496.2449,0.8130,11.2397, 4.6539,-0.7269, 4.8155, -6.3623,-0.5774,-0.6481,-14.9591,  3.4421,11.2701,    6.8425, -7.5036,-23.9698, -2.3934,-32.2851,-29.1167, -6.2505,-40.8997, -6.5711,-66.0075, -18.1907,-0.4834, -5.6001,-0.3297,-10.9589, -5.4579,-5.5252,-19.1337, -1.6357,  5.8080,    1.5977,-12.0441,-27.7020, -7.1848,-35.6091,-32.5963,-10.8526,-43.8009,-11.1574,-67.6762, -22.2066,2.8675, 9.4145,6.4437,9.2574, 6.0004,20.8582,0.1326, 8.7457
2025-05-01, 5.0521,712735.9791,203636.3364,78100.0639,59287.2688,37972.9218,20332.2117,4752.2116,2371.2986,620.1622, 200.1978,35460.2354,12471.7273,2214.0019,5294.2948,2334.1048,1855.0693,274.4868,487.9570,0.5881,11.2246, 5.2238, 0.2823, 5.1042, -4.8630, 1.2752,-0.2598,-13.9248,  0.3442,11.3633,   71.0281, -9.8063,-24.8563, -2.7709,-34.0661,-28.9140, -7.4780,-41.9915, -4.7715,-74.7929, -19.5545, 0.1635, -4.5404, 0.0496, -9.4382, -3.5953,-5.0565,-18.0643, -4.4815,  6.0077,   62.8031,-14.1439,-28.4701, -7.4468,-37.2370,-32.3327,-11.9276,-44.7812, -9.3511,-76.0051, -23.4233,2.8348, 8.9299,6.1468,9.1238, 5.7760,20.5776,0.0948, 5.6068
2025-06-01, 4.8201,716216.3585,204000.5968,78372.4618,59378.9455,37992.6416,20305.5013,4720.8809,2341.4197,602.0643, 286.6816,35583.0091,12192.6118,2186.0409,5151.2777,2263.6583,1814.2964,266.2090,499.3320,0.4962,11.3013, 4.9639, 1.0709, 5.1608, -3.2541, 2.2996,-0.1164,-12.8643, -2.5115,11.0956,  166.8637, -9.3842,-25.2424, -6.1354,-33.2771,-30.3517,-10.4555,-42.0391, -2.2797,-66.6308,  -7.1859, 0.1372, -3.5768, 0.3251, -7.7029, -2.4046,-4.7094,-16.8712, -6.9944,  5.9870,  154.5922,-13.5511,-28.6801,-10.4517,-36.3453,-33.5544,-14.5732,-44.7043, -6.7733,-68.1652, -11.4539,2.7893, 8.6753,5.9581,8.9350, 5.6390,21.3260,0.0824, 3.9421
2025-07-01, 4.9005,720473.8431,205579.2342,79025.1526,59956.2374,38172.7517,20389.4206,4704.5320,2338.4688,616.4599, 376.2112,34347.5739,11619.7880,2137.5075,4862.9573,2166.4896,1726.9216,251.8723,460.1178,0.8216,13.1003, 5.6642, 2.3196, 5.5312, -1.2594, 4.1923, 0.6782,-11.3337, -4.7352,10.8569,  245.5319,-11.6450,-26.2047, -9.0799,-33.4440,-30.5686,-14.1731,-40.6744,-11.1824,-31.2687,   7.4167, 0.7280, -2.4603, 0.6012, -5.8722, -0.6751,-4.0250,-15.4758, -9.1855,  5.6781,  229.3903,-15.7725,-29.6521,-13.3272,-36.5532,-33.8122,-18.1825,-43.4458,-15.3315,-34.4795,   2.3987,2.7048, 8.1108,5.6755,8.4697, 5.3538,19.6760,0.1333, 3.4822
2025-08-01, 5.0956,723809.8456,206919.9365,79559.6771,60347.8191,38363.3086,20517.4996,4720.1880,2311.5900,624.7062, 475.1478,34492.5615,11468.2390,2128.5521,4770.7264,2143.9895,1701.9288,247.1443,457.5796,0.8519,17.4663, 6.0889, 3.1709, 5.6858,  0.3418, 5.2020, 1.2012, -9.6515, -7.1037, 9.5366,  312.3852,-11.3603,-25.8659,-10.2397,-33.4947,-28.4348,-15.8724,-38.1449, -7.4694,-35.0578,  66.3939, 0.9452, -1.8313, 0.5616, -4.5233,  0.1013,-3.7055,-14.0321,-11.6078,  4.2257,  292.3906,-15.6580,-29.4603,-14.5917,-36.7193,-31.9046,-19.9513,-41.1440,-11.9558,-38.2065,  58.3262,2.6754, 7.9054,5.5886,8.2950, 5.2359,19.7950,0.1364, 3.6760
2025-09-01, 5.1767,727918.6973,209338.9758,80178.2480,61170.4533,39019.6739,20679.2041,4791.5492,2296.7521,631.7346, 571.3607,34013.6147,11252.6994,2102.4845,4643.9305,2117.4089,1669.4140,245.3747,451.5034,0.9423,21.6412, 6.5149, 4.4447, 5.8383,  2.4596, 7.0270, 2.6745, -7.5386, -7.7153, 8.5834,  368.8732,-12.7523,-26.1936,-11.9862,-33.9018,-27.2286,-16.8277,-36.2514,-12.9667,-26.3496, 120.3873, 1.2723, -0.6960, 0.6290, -2.5834,  1.7592,-2.3791,-12.0895,-12.2575,  3.2390,  345.7956,-17.0465,-29.8263,-16.3182,-37.1551,-30.8104,-20.9214,-39.3891,-17.2505,-29.9747, 109.5399,2.6223, 7.5918,5.4265,8.0729, 5.1210,19.6583,0.1492, 3.7877
2025-10-01, 5.5122,732286.5146,211805.5108,80762.8410,62219.7534,39456.6103,20838.5774,4860.5254,2296.6361,642.5673, 727.9999,33462.3469,11232.0173,2124.1060,4648.0756,2123.0438,1606.7425,251.5036,449.1042,1.0503,28.3915, 6.5610, 5.4845, 5.9771,  4.4278, 8.2175, 3.0538, -4.7986, -8.1084, 9.0345,  468.7209,-13.4088,-24.5973,-10.3545,-31.6209,-26.0478,-18.0417,-31.9748,-13.1534,-11.4722, 190.2378, 0.9940, -0.0263, 0.4406, -1.0277,  2.5640,-2.3300, -9.7722,-12.9090,  3.3383,  439.0095,-17.9325,-28.5366,-15.0378,-35.1932,-29.9113,-22.3234,-35.5286,-17.6905,-16.0971, 175.0750,2.6301, 7.4704,5.3807,7.7104, 5.1744,19.5549,0.1635, 3.8999
2025-11-01, 5.3011,741776.4090,214604.6817,81120.6008,62983.1012,40682.7688,21090.5826,4940.2270,2291.6059,649.1116, 846.6839,33982.4348,11289.4085,2142.1627,4597.3700,2177.1317,1605.6915,259.4291,470.5758,1.0396,36.0082, 6.8137, 5.6355, 5.9264,  6.0420, 5.3668, 4.1174, -2.1436, -9.4495, 8.3648,  532.2999,-13.0807,-24.2291,-11.0982,-32.2247,-23.8755,-18.1471,-27.0921, -9.2471, -9.4331, 282.3006, 1.4365,  0.3176, 0.5939,  0.7036,  0.0624,-1.1241, -7.0699,-14.0080,  2.9095,  500.4686,-17.4564,-28.0435,-15.5737,-35.6366,-27.7078,-22.2677,-30.7625,-13.8158,-13.9924, 263.0548,2.6407, 7.2994,5.3515,7.6133, 5.2514,20.5348,0.1602, 4.2528
2025-12-01, 5.0999,749486.3680,215901.9461,80928.3374,63282.1133,41246.9990,21594.7576,4923.8187,2344.8092,625.8004, 955.3106,32520.8933,10804.1011,2106.7121,4378.0478,2073.7255,1499.4093,249.2737,450.2222,1.0196,45.6910, 7.5548, 6.8164, 6.3240,  7.6493, 7.2482, 5.0118, -0.5045, -7.5247, 7.0004,  627.3727,-10.7877,-22.7848, -8.8037,-30.1447,-23.1184,-20.3670,-23.5361, -9.7321, 26.3766, 405.5411, 2.3358,  1.6332, 1.1647,  2.4257,  2.0441,-0.0838, -5.3324,-12.0120,  1.8083,  592.0776,-15.1166,-26.5316,-13.2289,-33.5344,-26.8490,-24.2311,-27.2464,-14.1123, 20.2443, 381.0102,2.6032, 6.9183,5.0276,6.9434, 5.0626,19.2008,0.1629, 4.7828
2026-01-01, 5.3536,753522.3154,216900.7951,81380.0443,63699.1731,41180.2967,21675.7459,4992.6008,2257.5380,619.3271,1096.0693,33505.5468,10989.8631,2192.7797,4439.2546,2064.1227,1544.8864,254.6363,437.3634,0.6840,56.1360, 8.3711, 7.9008, 6.9559,  8.4840, 9.3542, 6.0943,  2.2146,-10.2895, 5.3330,  703.4740, -9.1160,-20.3243, -4.5739,-27.9252,-20.6782,-19.4905,-20.0318, -9.9535,-16.0158, 456.8753, 2.8642,  2.4178, 1.5209,  2.9713,  3.7973, 0.7031, -2.9795,-14.8482, -0.0196,  662.6450,-13.7343,-24.3730, -9.4230,-31.5877,-24.7090,-23.5816,-24.0954,-14.5292,-20.2835, 428.5774,2.6945, 6.9691,5.0124,7.1273, 5.1003,19.3735,0.1104, 5.1216
