fecha,inflacion,bruta_total,bruta_hipotecaria,bruta_vivienda_no_vis,bruta_vivienda_vis,bruta_leasing_no_vis,bruta_leasing_vis,bruta_empleados_no_vis,bruta_empleados_vis,bruta_libranza_no_vis,bruta_libranza_vis,vencida_total,vencida_hipotecaria,vencida_vivienda_no_vis,vencida_vivienda_vis,vencida_leasing_no_vis,vencida_leasing_vis,vencida_empleados_no_vis,vencida_empleados_vis,vencida_libranza_no_vis,vencida_libranza_vis,gr_bruta_total,gr_bruta_hipotecaria,gr_bruta_vivienda_no_vis,gr_bruta_vivienda_vis,gr_bruta_leasing_no_vis,gr_bruta_leasing_vis,gr_bruta_empleados_no_vis,gr_bruta_empleados_vis,gr_bruta_libranza_no_vis,gr_bruta_libranza_vis,gr_vencida_total,gr_vencida_hipotecaria,gr_vencida_vivienda_no_vis,gr_vencida_vivienda_vis,gr_vencida_leasing_no_vis,gr_vencida_leasing_vis,gr_vencida_empleados_no_vis,gr_vencida_empleados_vis,gr_vencida_libranza_no_vis,gr_vencida_libranza_vis,rgr_bruta_total,rgr_bruta_hipotecaria,rgr_bruta_vivienda_no_vis,rgr_bruta_vivienda_vis,rgr_bruta_leasing_no_vis,rgr_bruta_leasing_vis,rgr_bruta_empleados_no_vis,rgr_bruta_empleados_vis,rgr_bruta_libranza_no_vis,rgr_bruta_libranza_vis,rgr_vencida_total,rgr_vencida_hipotecaria,rgr_vencida_vivienda_no_vis,rgr_vencida_vivienda_vis,rgr_vencida_leasing_no_vis,rgr_vencida_leasing_vis,rgr_vencida_empleados_no_vis,rgr_vencida_empleados_vis,rgr_vencida_libranza_no_vis,rgr_vencida_libranza_vis,npl_vivienda_no_vis,npl_vivienda_vis,npl_leasing_no_vis,npl_leasing_vis,npl_empleados_no_vis,npl_empleados_vis,npl_libranza_no_vis,npl_libranza_vis
2015-01-01, 3.8207,329380.8053, 36773.3666,20135.6209, 8629.0431, 6874.1092, 11.0575, 327.8317,271.2613,418.3410,106.1018,11282.9705,1982.0156, 957.8613, 725.0091, 287.0564, 3.6001,0.6616,0.1084, 4.7360,2.9827,,,,,,,,,,,,,,,,,,,,,,,,,,,,,,,,,,,,,,,,,4.7570,8.4020,4.1759,32.5583,0.2018,0.0400,1.1321,2.8112
2015-02-01, 4.3560,334196.9318, 37402.4226,20457.9924, 8765.3280, 6977.7539, 10.9705, 383.9404,278.8533,420.9390,106.6451,11345.3807,1937.1956,1011.9399, 631.9088, 280.9301, 3.6204,0.9043,0.1565, 4.6489,3.0866,,,,,,,,,,,,,,,,,,,,,,,,,,,,,,,,,,,,,,,,,4.9464,7.2092,4.0261,33.0014,0.2355,0.0561,1.1044,2.8943
2015-03-01, 4.5552,339422.2683, 38392.0087,20987.6491, 9091.2308, 7097.5716, 10.8338, 396.7110,278.6749,422.8571,106.4805,11421.7059,1845.4246, 991.5107, 582.5422, 260.2595, 3.2304,0.4558,0.1599, 4.5305,2.7356,,,,,,,,,,,,,,,,,,,,,,,,,,,,,,,,,,,,,,,,,4.7243,6.4077,3.6669,29.8180,0.1149,0.0574,1.0714,2.5691
2015-04-01, 4.6378,340724.4040, 38826.8169,21439.7574, 8942.9129, 7205.4944, 11.8543, 416.8420,278.5823,425.3143,106.0593,11875.0684,2037.5680,1076.1637, 640.8403, 309.1081, 3.0684,0.8856,0.1040, 4.3730,3.0249,,,,,,,,,,,,,,,,,,,,,,,,,,,,,,,,,,,,,,,,,5.0195,7.1659,4.2899,25.8841,0.2124,0.0373,1.0282,2.8520
2015-05-01, 4.4080,346790.8980, 39683.8865,22068.2547, 9023.4980, 7326.8865, 12.2503, 439.4720,280.1724,427.3621,105.9906,12129.4856,2215.9115,1132.1808, 755.3743, 316.8012, 3.1536,0.6774,0.1431, 4.3975,3.1836,,,,,,,,,,,,,,,,,,,,,,,,,,,,,,,,,,,,,,,,,5.1304,8.3712,4.3238,25.7429,0.1541,0.0511,1.0290,3.0037
2015-06-01, 4.4203,351808.3886, 39856.4710,22122.5938, 9046.1343, 7434.5529, 12.8237, 452.4919,274.6135,411.6206,101.6403,12352.7300,2259.4859,1151.1366, 746.1112, 350.3118, 3.0525,0.5026,0.2030, 5.1038,3.0644,,,,,,,,,,,,,,,,,,,,,,,,,,,,,,,,,,,,,,,,,5.2034,8.2478,4.7119,23.8034,0.1111,0.0739,1.2399,3.0150
2015-07-01, 4.4557,357160.3173, 40495.9634,22510.0819, 9131.4374, 7567.2023, 13.1009, 478.8869,277.3352,416.4009,101.5178,12169.8987,2152.5021,1115.1639, 706.6515, 319.4819, 2.7474,1.2815,0.2425, 3.9575,2.9760,,,,,,,,,,,,,,,,,,,,,,,,,,,,,,,,,,,,,,,,,4.9541,7.7387,4.2219,20.9707,0.2676,0.0874,0.9504,2.9315
2015-08-01, 4.7443,365425.4512, 41081.1027,22855.4439, 9194.4795, 7713.4243, 13.1960, 502.1678,281.2764,419.3824,101.7324,12490.9325,2253.6182,1160.2166, 736.2178, 344.8980, 2.6641,1.7114,0.3836, 4.6254,2.9013,,,,,,,,,,,,,,,,,,,,,,,,,,,,,,,,,,,,,,,,,5.0763,8.0072,4.4714,20.1890,0.3408,0.1364,1.1029,2.8519
2015-09-01, 5.3507,367407.0694, 41817.9163,23287.2212, 9261.2449, 7916.0840, 13.4637, 529.7667,281.6649,426.5960,101.8750,12475.9669,2205.6287,1118.1385, 723.6414, 351.6420, 2.6302,0.9383,0.3648, 5.1080,3.1655,,,,,,,,,,,,,,,,,,,,,,,,,,,,,,,,,,,,,,,,,4.8015,7.8137,4.4421,19.5352,0.1771,0.1295,1.1974,3.1073
2015-10-01, 5.8948,369874.1708, 42089.0530,23313.0718, 9332.0563, 8059.5235, 13.4107, 553.9140,284.4516,432.3198,100.3052,12442.8618,2254.2386,1160.8787, 737.9008, 343.3036, 2.2971,1.0911,0.2541, 5.5690,2.9441,,,,,,,,,,,,,,,,,,,,,,,,,,,,,,,,,,,,,,,,,4.9795,7.9072,4.2596,17.1291,0.1970,0.0893,1.2882,2.9351
2015-11-01, 6.3931,375834.6122, 42862.2010,23691.6198, 9436.8894, 8332.9299, 13.3649, 563.6883,283.6947,439.0861,100.9278,12966.1768,2380.5721,1216.6126, 774.2198, 375.4883, 2.5055,1.8478,0.3666, 6.4833,3.0482,,,,,,,,,,,,,,,,,,,,,,,,,,,,,,,,,,,,,,,,,5.1352,8.2042,4.5061,18.7467,0.3278,0.1292,1.4766,3.0202
2015-12-01, 6.7691,377193.8127, 43578.0018,24114.5759, 9530.2262, 8522.7570, 13.1096, 576.6729,277.7207,441.8710,101.0686,12125.1587,2178.3830,1110.1198, 702.8171, 353.8092, 2.1708,0.6648,0.3492, 5.4424,3.0095,,,,,,,,,,,,,,,,,,,,,,,,,,,,,,,,,,,,,,,,,4.6035,7.3746,4.1513,16.5592,0.1153,0.1257,1.2317,2.9777
2016-01-01, 7.4547,379547.1332, 43944.7195,24341.7124, 9579.6234, 8606.7359, 12.9708, 729.3492,131.8735,441.9890,100.4653,13102.0078,2351.6907,1207.3483, 757.7394, 373.3756, 2.0933,1.3632,0.3995, 6.3858,2.9856,15.2305,19.5015,20.8888,11.0161,25.2051, 17.3030,122.4767,-51.3851,  5.6528, -5.3124, 16.1220, 18.6515, 26.0463,  4.5145, 30.0705,-41.8561,106.0624,268.3950, 34.8369,  0.0978, 7.2363,11.2110,12.5021, 3.3142,16.5189,  9.1650,107.0422,-54.7577, -1.6769,-11.8814,  8.0659, 10.4200, 17.3017, -2.7363, 21.0467,-45.8899, 91.7667,242.8373, 25.4825, -6.8466,4.9600,7.9099,4.3382,16.1382,0.1869,0.3029,1.4448,2.9718
2016-02-01, 7.5929,384011.2000, 44531.5268,24587.4062, 9816.6620, 8700.6318, 12.7610, 728.8764,143.6613,441.0002,100.5279,13372.0101,2362.8373,1191.4741, 750.2063, 408.3115, 2.0910,1.1246,0.4486, 6.0278,3.1533,14.9057,19.0605,20.1848,11.9942,24.6910, 16.3209, 89.8411,-48.4814,  4.7658, -5.7360, 17.8630, 21.9721, 17.7416, 18.7207, 45.3428,-42.2448, 24.3657,186.6848, 29.6620,  2.1585, 6.7967,10.6584,11.7034, 4.0908,15.8915,  8.1121, 76.4439,-52.1171, -2.6275,-12.3883,  9.5454, 13.3645,  9.4325, 10.3425, 35.0859,-46.3206, 15.5892,166.4534, 20.5117, -5.0508,4.8459,7.6422,4.6929,16.3857,0.1543,0.3122,1.3669,3.1367
2016-03-01, 7.9756,383789.1197, 45083.9597,24880.6458, 9984.9852, 8787.2882, 11.2153, 701.7918,178.9614,439.4772, 99.5950,13735.1344,2462.5267,1284.6395, 761.5585, 402.8877, 2.2134,1.5910,0.7590, 5.9604,2.9174,13.0713,17.4306,18.5490, 9.8310,23.8070,  3.5211, 76.9025,-35.7813,  3.9304, -6.4664, 20.2547, 33.4396, 29.5639, 30.7302, 54.8023,-31.4840,249.0675,374.6039, 31.5594,  6.6456, 4.7193, 8.7566, 9.7924, 1.7183,14.6620, -4.1255, 63.8356,-40.5248, -3.7464,-13.3753, 11.3720, 23.5830, 19.9936, 21.0738, 43.3678,-36.5449,223.2836,339.5472, 21.8417, -1.2318,5.1632,7.6270,4.5849,19.7352,0.2267,0.4241,1.3562,2.9293
2016-04-01, 7.9316,386011.6377, 45741.9674,25241.6381,10149.4129, 8918.1125, 11.0494, 713.8272,166.7671,441.5376, 99.6226,14039.6594,2569.6625,1309.6112, 805.1732, 441.0989, 2.3538,1.4536,0.6262, 6.1862,3.1593,13.2915,17.8102,17.7329,13.4911,23.7682, -6.7895, 71.2465,-40.1372,  3.8144, -6.0690, 18.2280, 26.1142, 21.6926, 25.6433, 42.7005,-23.2872, 64.1436,502.3105, 41.4618,  4.4455, 4.9660, 9.1527, 9.0810, 5.1510,14.6728,-13.6393, 58.6620,-44.5364, -3.8146,-12.9717,  9.5398, 16.8464, 12.7497, 16.4102, 32.2138,-28.9246, 52.0811,458.0483, 31.0662, -3.2299,5.1883,7.9332,4.9461,21.3028,0.2036,0.3755,1.4011,3.1713
2016-05-01, 8.1972,391573.5746, 46414.3722,25608.0988,10290.6917, 9041.6247, 10.9980, 735.1126,185.9338,442.3934, 99.5194,14262.3630,2635.9216,1365.9840, 808.0569, 446.5178, 2.3958,1.9122,0.8553, 6.8851,3.3145,12.9135,16.9602,16.0404,14.0433,23.4034,-10.2225, 67.2718,-33.6359,  3.5172, -6.1055, 17.5842, 18.9543, 20.6507,  6.9744, 40.9458,-24.0276,182.2820,497.7022, 56.5680,  4.1106, 4.3589, 8.0991, 7.2490, 5.4031,14.0541,-17.0242, 54.5990,-38.6638, -4.3254,-13.2191,  8.6758,  9.9421, 11.5100, -1.1302, 30.2675,-29.7834,160.8958,452.4192, 44.7061, -3.7770,5.3342,7.8523,4.9385,21.7844,0.2601,0.4600,1.5563,3.3305
2016-06-01, 8.6022,393341.3221, 47024.8716,25990.4970,10411.6194, 9185.5977, 10.8643, 697.3798,184.2354,445.3770, 99.3012,13751.4313,2639.7832,1345.1876, 793.6830, 486.5425, 2.4228,2.4239,0.3913, 5.9848,3.1473,11.8056,17.9855,17.4839,15.0947,23.5528,-15.2800, 54.1199,-32.9110,  8.2008, -2.3014, 11.3230, 16.8311, 16.8573,  6.3760, 38.8884,-20.6285,382.2555, 92.7413, 17.2611,  2.7049, 2.9496, 8.6401, 8.1782, 5.9782,13.7664,-21.9905, 41.9123,-38.2250, -0.3696,-10.0399,  2.5053,  7.5771,  7.6013, -2.0499, 27.8873,-26.9154,344.0569, 77.4746,  7.9731, -5.4302,5.1757,7.6231,5.2968,22.3006,0.3476,0.2124,1.3438,3.1695
2016-07-01, 8.9650,397225.6559, 47592.1519,26301.5462,10531.0458, 9303.9443, 10.7475, 714.5267,186.4413,444.7267, 99.1734,14728.0866,2763.7281,1449.7141, 830.3407, 467.8349, 2.2910,2.2506,0.4622, 7.2313,3.6032,11.2177,17.5232,16.8434,15.3274,22.9509,-17.9642, 49.2057,-32.7740,  6.8025, -2.3094, 21.0206, 28.3961, 30.0001, 17.5036, 46.4355,-16.6104, 75.6245, 90.6011, 82.7226, 21.0773, 2.0674, 7.8540, 7.2302, 5.8389,12.8352,-24.7136, 36.9299,-38.3050, -1.9846,-10.3469, 11.0637, 17.8323, 19.3044,  7.8360, 34.3876,-23.4712, 61.1750, 74.9195, 67.6892, 11.1157,5.5119,7.8847,5.0284,21.3168,0.3150,0.2479,1.6260,3.6332
2016-08-01, 8.0976,398893.3736, 48223.7506,26640.9351,10670.4211, 9438.4298, 10.6470, 731.1024,187.7498,445.1771, 99.2883,14713.4765,2738.1881,1410.1808, 830.1687, 482.3526, 2.4355,1.6327,0.1867, 7.8741,3.3568, 9.1586,17.3867,16.5628,16.0525,22.3637,-19.3166, 45.5893,-33.2508,  6.1506, -2.4024, 17.7933, 21.5019, 21.5446, 12.7613, 39.8537, -8.5807, -4.5973,-51.3273, 70.2372, 15.7005, 0.9816, 8.5933, 7.8311, 7.3590,13.1974,-25.3606, 34.6832,-38.2510, -1.8011, -9.7134,  8.9694, 12.4002, 12.4397,  4.3144, 29.3773,-15.4289,-11.7439,-54.9734, 57.4848,  7.0334,5.2933,7.7801,5.1105,22.8754,0.2233,0.0994,1.7688,3.3809
2016-09-01, 7.2729,400344.6185, 48432.0016,26660.7737,10737.2743, 9554.8787, 10.4464, 744.5579,185.6715,440.4334, 97.9658,14798.8557,2808.7717,1434.0911, 868.6951, 491.7838, 2.0708,1.1184,0.3323, 7.4272,3.2531, 8.9649,15.8164,14.4867,15.9377,20.7021,-22.4107, 40.5445,-34.0807,  3.2437, -3.8373, 18.6189, 27.3456, 28.2570, 20.0450, 39.8535,-21.2667, 19.1916, -8.8936, 45.4016,  2.7671, 1.5773, 7.9643, 6.7248, 8.0774,12.5188,-27.6710, 31.0159,-38.5499, -3.7560,-10.3569, 10.5768, 18.7119, 19.5615, 11.9062, 30.3718,-26.6046, 11.1107,-15.0704, 35.5437, -4.2003,5.3790,8.0905,5.1469,19.8232,0.1502,0.1790,1.6863,3.3207
2016-10-01, 6.4823,402538.3136, 49058.1383,26943.3860,10849.4332, 9677.4748, 10.3099, 895.9474,142.3429,441.0360, 98.2080,15561.4901,2912.6785,1514.7562, 877.6513, 501.0865, 2.0486,4.2129,0.2492, 8.9315,3.7422, 8.8311,16.5580,15.5720,16.2598,20.0750,-23.1218, 61.7485,-49.9588,  2.0161, -2.0908, 25.0636, 29.2090, 30.4836, 18.9389, 45.9602,-10.8188,286.1184, -1.9145, 60.3779, 27.1081, 2.2059, 9.4623, 8.5364, 9.1823,12.7653,-27.8019, 51.9018,-53.0052, -4.1942, -8.0512, 17.4502, 21.3432, 22.5402, 11.6983, 37.0746,-16.2478,262.6128, -7.8856, 50.6147, 19.3702,5.6220,8.0894,5.1779,19.8703,0.4702,0.1751,2.0251,3.8105
2016-11-01, 5.9625,406887.3891, 49410.9312,27052.0927,10948.3739, 9813.0709, 10.1276, 905.4215,143.5541,441.0910, 97.1995,15914.1798,2999.0004,1520.0705, 903.1444, 554.5666, 2.0697,6.0355,0.2418, 9.1154,3.7566, 8.2624,15.2786,14.1842,16.0168,17.7626,-24.2223, 60.6245,-49.3984,  0.4566, -3.6940, 22.7361, 25.9781, 24.9429, 16.6522, 47.6921,-17.3924,226.6285,-34.0284, 40.5973, 23.2378, 2.1704, 8.7919, 7.7591, 9.4885,11.1361,-28.4863, 51.5862,-52.2457, -5.1961, -9.1131, 15.8297, 18.8894, 17.9123, 10.0882, 39.3815,-22.0408,208.2491,-37.7406, 32.6859, 16.3032,5.6190,8.2491,5.6513,20.4363,0.6666,0.1685,2.0666,3.8648
2016-12-01, 5.7474,406745.4034, 50165.2776,27509.6799,11061.9480, 9994.1483, 10.0332, 911.4374,138.5593,442.0225, 97.4489,14612.6541,2749.1270,1404.0815, 841.2430, 486.9233, 1.7319,2.7978,0.3435, 8.2830,3.7230, 7.8346,15.1161,14.0791,16.0723,17.2643,-23.4669, 58.0510,-50.1084,  0.0343, -3.5814, 20.5152, 26.2004, 26.4802, 19.6959, 37.6231,-20.2183,320.8531, -1.6404, 52.1934, 23.7074, 1.9737, 8.8595, 7.8788, 9.7637,10.8909,-27.6265, 49.4609,-52.8200, -5.4026, -8.8218, 13.9651, 19.3413, 19.6059, 13.1903, 30.1432,-24.5544,297.9796, -6.9863, 43.9217, 16.9839,5.1040,7.6048,4.8721,17.2621,0.3070,0.2479,1.8739,3.8205
2017-01-01, 5.4692,405034.0892, 50369.9101,27696.7990,11009.3158,10069.2267, 10.0075, 872.2999,176.6765,438.8535, 96.7312,17058.6239,3071.2505,1597.4358, 890.3568, 564.6437, 1.8833,3.6090,0.3810, 9.0833,3.8576, 6.7151,14.6211,13.7833,14.9243,16.9924,-22.8460, 19.5998, 33.9742, -0.7094, -3.7167, 30.1985, 30.5976, 32.3094, 17.5017, 51.2267,-10.0293,164.7433, -4.6251, 42.2420, 29.2034, 1.1813, 8.6773, 7.8830, 8.9648,10.9257,-26.8469, 13.3978, 27.0268, -5.8582, -8.7096, 23.4470, 23.8253, 25.4484, 11.4086, 43.3848,-14.6948,151.0148, -9.5708, 34.8659, 22.5034,5.7676,8.0873,5.6076,18.8191,0.4137,0.2156,2.0698,3.9879
2017-02-01, 5.1840,408882.0412, 51063.6070,28038.7606,11216.6343,10208.1057,  9.7785, 879.5414,178.3217,435.9874, 96.4776,17467.3738,3062.9136,1559.1239, 898.8939, 586.4743, 1.9480,3.2643,0.4113, 9.0731,3.7249, 6.4766,14.6684,14.0371,14.2612,17.3260,-23.3721, 20.6709, 24.1265, -1.1367, -4.0290, 30.6264, 29.6286, 30.8567, 19.8196, 43.6340, -6.8400,190.2550, -8.3043, 50.5199, 18.1271, 1.2289, 9.0170, 8.4168, 8.6298,11.5436,-27.1487, 14.7236, 18.0089, -6.0092, -8.7590, 24.1885, 23.2399, 24.4075, 13.9143, 36.5550,-11.4314,175.9499,-12.8235, 43.1015, 12.3052,5.5606,8.0139,5.7452,19.9209,0.3711,0.2307,2.0810,3.8609
2017-03-01, 4.6861,411228.6572, 51296.3313,28069.3139,11272.6687,10354.4725,  9.7118, 929.8816,136.4815,429.5033, 94.2981,18230.2553,3202.9874,1700.5089, 901.2713, 582.8247, 1.8590,2.8403,0.4020, 9.7513,3.5297, 7.1496,13.7796,12.8159,12.8962,17.8347,-13.4056, 32.5011,-23.7369, -2.2695, -5.3184, 32.7272, 30.0691, 32.3725, 18.3457, 44.6618,-16.0078, 78.5175,-47.0343, 63.6029, 20.9900, 2.3533, 8.6865, 7.7659, 7.8426,12.5600,-17.2818, 26.5699,-27.1507, -6.6442, -9.5567, 26.7859, 24.2469, 26.4471, 13.0482, 38.1863,-19.7675, 70.5265,-49.4052, 56.2796, 15.5741,6.0582,7.9952,5.6287,19.1422,0.3054,0.2946,2.2704,3.7432
2017-04-01, 4.6627,414573.1293, 51778.0222,28318.9078,11371.5121,10472.1869,  9.6274, 943.6829,137.8660,430.1952, 94.0441,19499.2050,3493.2934,1789.8544,1005.2290, 677.5620, 2.0473,3.0167,0.5203,11.0917,3.9719, 7.3991,13.1959,12.1912,12.0411,17.4260,-12.8699, 32.2005,-17.3302, -2.5688, -5.5997, 38.8866, 35.9437, 36.6707, 24.8463, 53.6077,-13.0221,107.5342,-16.9199, 79.2976, 25.7205, 2.6145, 8.1530, 7.1931, 7.0496,12.1947,-16.7516, 26.3109,-21.0132, -6.9094, -9.8052, 32.6992, 29.8873, 30.5820, 19.2844, 46.7645,-16.8970, 98.2885,-20.6212, 71.3099, 20.1196,6.3204,8.8399,6.4701,21.2655,0.3197,0.3774,2.5783,4.2235
2017-05-01, 4.3665,417543.1465, 52336.8292,28605.2237,11487.2598,10610.2459,  9.5300, 919.7939,178.4052,432.1047, 94.2661,19880.5845,3520.6077,1857.5902, 981.1048, 661.3772, 2.2860,3.1006,0.4766,10.9052,3.7672, 6.6321,12.7600,11.7038,11.6277,17.3489,-13.3478, 25.1229, -4.0491, -2.3257, -5.2786, 39.3919, 33.5627, 35.9892, 21.4153, 48.1189, -4.5863, 62.1514,-44.2724, 58.3881, 13.6579, 2.1708, 8.0423, 7.0303, 6.9574,12.4392,-16.9732, 19.8879, -8.0635, -6.4122, -9.2416, 33.5600, 27.9746, 30.2996, 16.3355, 41.9218, -8.5782, 55.3673,-46.6039, 51.7614,  8.9026,6.4939,8.5408,6.2334,23.9870,0.3371,0.2672,2.5237,3.9963
2017-06-01, 3.9874,421539.6573, 52450.9173,28503.4827,11562.1378,10757.6607,  9.4097, 922.7984,174.2609,427.4066, 93.7606,20160.9894,3653.8581,1910.9335,1003.4366, 718.4872, 1.9133,3.0531,0.4987,11.5631,3.9727, 7.1689,11.5387, 9.6689,11.0503,17.1144,-13.3889, 32.3236, -5.4140, -4.0349, -5.5796, 46.6101, 38.4151, 42.0570, 26.4279, 47.6720,-21.0305, 25.9601, 27.4285, 93.2081, 26.2241, 3.0596, 7.2617, 5.4636, 6.7921,12.6237,-16.7100, 27.2497, -9.0409, -7.7146, -9.2001, 40.9884, 33.1076, 36.6099, 21.5800, 42.0096,-24.0586, 21.1302, 22.5423, 85.7996, 21.3840,6.7042,8.6786,6.6788,20.3331,0.3309,0.2862,2.7054,4.2370
2017-07-01, 3.3965,421906.7179, 52950.1931,28765.7287,11656.8470,10883.8978,  9.4025, 938.2284,174.7615,427.0706, 94.2566,20789.9802,3775.3888,2013.2597,1003.4680, 736.6364, 1.9075,3.9441,0.4179,11.6768,4.0784, 6.2134,11.2582, 9.3690,10.6903,16.9815,-12.5146, 31.3077, -6.2646, -3.9701, -4.9578, 41.1587, 36.6049, 38.8729, 20.8501, 57.4565,-16.7413, 75.2449, -9.5801, 61.4759, 13.1872, 2.7243, 7.6034, 5.7762, 7.0542,13.1387,-15.3884, 26.9943, -9.3437, -7.1247, -8.0799, 36.5217, 32.1175, 34.3109, 16.8803, 52.2841,-19.4764, 69.4882,-12.5504, 56.1715,  9.4690,6.9988,8.6084,6.7681,20.2869,0.4204,0.2391,2.7342,4.3269
2017-08-01, 3.8737,422798.5050, 53560.9281,29083.0973,11759.6555,11041.9309,  9.2967, 962.5340,176.1370,433.1733, 95.1033,20972.9398,3829.0881,2010.2150,1030.4754, 766.6843, 1.9786,3.8378,0.4404,11.7899,3.6668, 5.9929,11.0675, 9.1670,10.2080,16.9891,-12.6820, 31.6552, -6.1853, -2.6964, -4.2150, 42.5424, 39.8402, 42.5502, 24.1284, 58.9469,-18.7628,135.0571,135.8839, 49.7300,  9.2324, 2.0402, 6.9256, 5.0959, 6.0981,12.6263,-15.9382, 26.7455, -9.6838, -6.3251, -7.7871, 37.2267, 34.6253, 37.2342, 19.4994, 53.0194,-21.7923,126.2914,127.0873, 44.1462,  5.1589,6.9120,8.7628,6.9434,21.2824,0.3987,0.2500,2.7218,3.8556
2017-09-01, 3.9704,426023.9334, 54207.1768,29438.6125,11864.3488,11208.4893,  9.2149, 976.4412,173.9464,441.3497, 94.7740,21323.5605,3892.0307,2019.4324,1056.7260, 792.2070, 2.1445,4.3907,0.4447,12.5383,4.1471, 6.4143,11.9243,10.4192,10.4968,17.3065,-11.7885, 31.1438, -6.3149,  0.2080, -3.2581, 44.0893, 38.5670, 40.8162, 21.6452, 61.0885,  3.5595,292.5884, 33.8112, 68.8163, 27.4811, 2.3505, 7.6501, 6.2025, 6.2772,12.8268,-15.1571, 26.1356, -9.8926, -3.6187, -6.9525, 38.5868, 33.2754, 35.4387, 16.9998, 54.9368, -0.3952,277.5963, 28.7012, 62.3696, 22.6128,6.8598,8.9067,7.0679,23.2723,0.4497,0.2556,2.8409,4.3758
2017-10-01, 4.0501,427740.0806, 54700.6872,29680.5463,11894.2590,11406.0112,  9.1067, 995.5647,174.5483,445.7616, 94.8896,21380.4485,3904.7627,2062.6550,1034.8933, 784.6322, 1.8931,3.6357,0.5224,12.1844,4.3465, 6.2607,11.5018,10.1589, 9.6302,17.8614,-11.6709, 11.1186, 22.6252,  1.0715, -3.3790, 37.3933, 34.0609, 36.1708, 17.9162, 56.5862, -7.5900,-13.7025,109.6471, 36.4211, 16.1493, 2.1245, 7.1616, 5.8710, 5.3629,13.2737,-15.1091,  6.7934, 17.8520, -2.8627, -7.1400, 32.0453, 28.8426, 30.8703, 13.3263, 50.4911,-11.1871,-17.0616,101.4866, 31.1109, 11.6282,6.9495,8.7008,6.8791,20.7883,0.3652,0.2993,2.7334,4.5806
2017-11-01, 4.1217,430502.8360, 55043.5992,29657.6273,12029.2261,11620.5192,  9.1307,1010.6580,176.2890,446.0123, 94.1367,21961.4482,4134.5755,2143.9380,1098.0108, 868.2936, 1.8792,5.4414,0.4505,12.2200,4.3420, 5.8039,11.3996, 9.6315, 9.8723,18.4188, -9.8439, 11.6229, 22.8032,  1.1157, -3.1510, 37.9992, 37.8651, 41.0420, 21.5764, 56.5716, -9.2052, -9.8436, 86.2913, 34.0592, 15.5844, 1.6156, 6.9898, 5.2917, 5.5229,13.7311,-13.4128,  7.2042, 17.9419, -2.8870, -6.9849, 32.5364, 32.4076, 35.4587, 16.7637, 50.3735,-12.7994,-13.4125, 78.9168, 28.7523, 11.0089,7.2290,9.1279,7.4721,20.5811,0.5384,0.2556,2.7398,4.6125
2017-12-01, 4.0886,432012.6709, 55874.2972,30084.1554,12239.7673,11816.7925,  9.0138,1008.2295,172.7765,448.5366, 95.0255,20867.4781,3824.5385,1983.9110,1033.1398, 784.9797, 1.7470,4.0867,0.4530,11.8615,4.3597, 6.2121,11.3804, 9.3584,10.6475,18.2371,-10.1599, 10.6197, 24.6950,  1.4737, -2.4868, 42.8042, 39.1183, 41.2960, 22.8111, 61.2122,  0.8723, 46.0689, 31.8905, 43.2032, 17.1016, 2.0400, 7.0054, 5.0628, 6.3012,13.5927,-13.6888,  6.2746, 19.7969, -2.5122, -6.3172, 37.1948, 33.6537, 35.7459, 17.9871, 54.8797, -3.0900, 40.3313, 26.7098, 37.5782, 12.5018,6.5945,8.4408,6.6429,19.3818,0.4053,0.2622,2.6445,4.5879
2018-01-01, 3.6795,430048.1852, 56045.8477,29909.3043,12501.9149,11900.9442,  8.9649, 879.9547,301.9716,447.9209, 94.8723,21999.1482,3982.9138,2042.7274,1043.3322, 875.5988, 1.7346,3.6065,0.5492,11.0061,4.3590, 6.1758,11.2685, 7.9883,13.5576,18.1912,-10.4184,  0.8775, 70.9178,  2.0662, -1.9218, 28.9620, 29.6838, 27.8754, 17.1814, 55.0710, -7.8978, -0.0689, 44.1588, 21.1685, 12.9986, 2.4077, 7.3197, 4.1559, 9.5275,13.9967,-13.5976, -2.7025, 64.8521, -1.5561, -5.4025, 24.3852, 25.0814, 23.3372, 13.0227, 49.5676,-11.1664, -3.6154, 39.0427, 16.8683,  8.9884,6.8297,8.3454,7.3574,19.3486,0.4099,0.1819,2.4572,4.5946
2018-02-01, 3.3721,432905.2505, 56298.5110,29900.8017,12562.9497,12094.1735,  9.0322, 887.5637,302.9203,447.3260, 93.7438,23125.8421,3990.5172,2028.1344,1059.4624, 880.0167, 1.8891,4.3749,0.5383,11.4054,4.6960, 5.8753,10.2517, 6.6410,12.0028,18.4762, -7.6319,  0.9121, 69.8730,  2.6007, -2.8336, 32.3945, 30.2850, 30.0817, 17.8629, 50.0520, -3.0204, 34.0226, 30.8666, 25.7062, 26.0722, 2.4216, 6.6552, 3.1622, 8.3492,14.6113,-10.6450, -2.3798, 64.3315, -0.7463, -6.0033, 28.0756, 26.0350, 25.8383, 14.0181, 45.1572, -6.1840, 29.6506, 26.5976, 21.6055, 21.9596,6.7829,8.4332,7.2764,20.9154,0.4929,0.1777,2.5497,5.0094
2018-03-01, 3.1399,436025.7756, 57073.1279,30333.0997,12704.9886,12274.0120,  9.1252, 902.3446,302.9677,452.3220, 94.2681,23590.9079,4077.4711,2116.5165,1085.5004, 853.3972, 1.8718,4.0404,0.4988,11.1474,4.4986, 6.0300,11.2616, 8.0650,12.7061,18.5383, -6.0403, -2.9613,121.9845,  5.3128, -0.0317, 29.4053, 27.3021, 24.4637, 20.4410, 46.4243,  0.6858, 42.2533, 24.0716, 14.3170, 27.4482, 2.8022, 7.8745, 4.7752, 9.2750,14.9296, -8.9006, -5.9155,115.2267,  2.1068, -3.0751, 25.4658, 23.4267, 20.6747, 16.7745, 41.9668, -2.3794, 37.9227, 20.2946, 10.8368, 23.5684,6.9776,8.5439,6.9529,20.5124,0.4478,0.1646,2.4645,4.7721
2018-04-01, 3.1276,438034.2393, 57691.0619,30634.2697,12829.3034,12438.5331,  9.0576, 915.7173,303.6479,463.3319, 97.2009,24064.2574,4211.9593,2128.8660,1105.6062, 951.4294, 1.9622,6.4358,0.1182,12.2713,5.2701, 5.6591,11.4200, 8.1760,12.8197,18.7768, -5.9182, -2.9635,120.2486,  7.7027,  3.3568, 23.4115, 20.5727, 18.9407,  9.9855, 40.4195, -4.1562,113.3373,-77.2757, 10.6350, 32.6826, 2.4547, 8.0409, 4.8953, 9.3981,15.1746, -8.7715, -5.9063,113.5690,  4.4364,  0.2222, 19.6687, 16.9161, 15.3336,  6.6499, 36.1609, -7.0629,106.8673,-77.9649,  7.2797, 28.6587,6.9493,8.6178,7.6490,21.6638,0.7028,0.0389,2.6485,5.4218
2018-05-01, 3.1568,440863.8805, 58361.6815,30963.8103,12953.4063,12634.3238,  8.9521, 932.9707,306.2218,465.0531, 96.9434,24226.4491,4242.4468,2180.7564,1120.9997, 917.4775, 2.0802,4.5169,0.1511,11.2939,5.1712, 5.5852,11.5117, 8.2453,12.7632,19.0766, -6.0643,  1.4326, 71.6440,  7.6251,  2.8402, 21.8598, 20.5033, 17.3971, 14.2589, 38.7223, -9.0000, 45.6776,-68.3031,  3.5645, 37.2692, 2.3541, 8.0992, 4.9328, 9.3125,15.4327, -8.9389, -1.6714, 66.3914,  4.3316, -0.3069, 18.1307, 16.8156, 13.8045, 10.7624, 34.4771,-11.7847, 41.2196,-69.2730,  0.3953, 33.0685,7.0429,8.6541,7.2618,23.2374,0.4841,0.0493,2.4285,5.3342
2018-06-01, 3.1980,442895.0752, 59018.1495,31288.0470,13088.2685,12831.2709,  8.8489, 939.4312,299.4229,466.3833, 96.4769,24416.8520,4319.3765,2174.2994,1144.7986, 977.6365, 2.1738,3.0805,0.1933,11.8694,5.3249, 5.0661,12.5207, 9.7692,13.1994,19.2757, -5.9593,  1.8024, 71.8245,  9.1194,  2.8970, 21.1094, 18.2141, 13.7821, 14.0878, 36.0687, 13.6179,  0.8981,-61.2431,  2.6485, 34.0398, 1.8101, 9.0338, 6.3675, 9.6914,15.5794, -8.8735, -1.3523, 66.4998,  5.7378, -0.2917, 17.3563, 14.5508, 10.2560, 10.5523, 31.8521, 10.0970, -2.2287,-62.4441, -0.5325, 29.8860,6.9493,8.7468,7.6192,24.5660,0.3279,0.0645,2.5450,5.5194
2018-07-01, 3.1192,442529.7017, 59138.9321,31291.9571,13016.5474,12999.3807,  8.8416, 956.4014,300.8380,468.8091, 96.1568,24662.3208,4282.6554,2180.7031,1092.4120, 985.5125, 2.0294,4.2808,0.1909,12.5476,4.9792, 4.8880,11.6878, 8.7821,11.6644,19.4368, -5.9651,  1.9370, 72.1420,  9.7732,  2.0160, 18.6260, 13.4361,  8.3170,  8.8637, 33.7855,  6.3946,  8.5371,-54.3187,  7.4571, 22.0874, 1.7154, 8.3095, 5.4916, 8.2868,15.8241, -8.8094, -1.1464, 66.9351,  6.4528, -1.0698, 15.0378, 10.0049,  5.0406,  5.5707, 29.7387,  3.1764,  5.2541,-55.7005,  4.2067, 18.3945,6.9689,8.3925,7.5812,22.9533,0.4476,0.0635,2.6765,5.1782
2018-08-01, 3.0982,443283.1282, 59827.8427,31621.9729,13142.1314,13205.0360,  8.7068, 981.9294,300.0296,471.0424, 96.9943,24530.9145,4385.1787,2223.5666,1137.8058,1000.0424, 1.8977,3.7134,0.2441,12.9282,4.9805, 4.8450,11.7005, 8.7297,11.7561,19.5899, -6.3453,  2.0150, 70.3388,  8.7422,  1.9884, 16.9646, 14.5228, 10.6134, 10.4156, 30.4373, -4.0848, -3.2408,-44.5758,  9.6545, 35.8295, 1.6943, 8.3438, 5.4623, 8.3977,15.9961, -9.1597, -1.0507, 65.2199,  5.4744, -1.0765, 13.4497, 11.0812,  7.2893,  7.0975, 26.5175, -6.9672, -6.1485,-46.2414,  6.3592, 31.7476,7.0317,8.6577,7.5732,21.7960,0.3782,0.0814,2.7446,5.1349
2018-09-01, 3.2268,445376.5571, 60484.4193,31965.5180,13277.4883,13367.5716,  8.3246, 998.8249,299.6211,470.3861, 96.6846,24627.1313,4450.6520,2235.3608,1174.2922,1017.1588, 1.7160,3.9303,0.2291,12.9585,5.0062, 4.5426,11.5801, 8.5836,11.9108,19.2629, -9.6611,  2.2924, 72.2491,  6.5790,  2.0160, 15.4926, 14.3530, 10.6925, 11.1255, 28.3956,-19.9815,-10.4850,-48.4879,  3.3516, 20.7149, 1.2747, 8.0922, 5.1894, 8.4126,15.5349,-12.4850, -0.9052, 66.8647,  3.2474, -1.1729, 11.8824, 10.7784,  7.2324,  7.6518, 24.3821,-22.4828,-13.2831,-50.0981,  0.1209, 16.9415,6.9930,8.8442,7.6092,20.6137,0.3935,0.0765,2.7549,5.1778
2018-10-01, 3.3338,450628.6290, 61201.4711,32323.2327,13430.0732,13554.2159,  8.0918,1017.6867,301.6238,470.4540, 96.0930,24614.0695,4360.0103,2208.5648,1117.4142,1010.7906, 1.7185,3.9099,0.1865,12.0718,5.3541, 5.3510,11.8843, 8.9038,12.9122,18.8340,-11.1443,  2.2221, 72.8025,  5.5394,  1.2683, 15.1242, 11.6588,  7.0739,  7.9739, 28.8235, -9.2241,  7.5431,-64.3102, -0.9242, 23.1807, 1.9522, 8.2747, 5.3903, 9.2695,15.0002,-14.0110, -1.0758, 67.2276,  2.1345, -1.9988, 11.4101,  8.0564,  3.6195,  4.4904, 24.6674,-12.1527,  4.0736,-65.4616, -4.1206, 19.2067,6.8327,8.3202,7.4574,21.2376,0.3842,0.0618,2.5660,5.5718
2018-11-01, 3.2681,456124.1950, 61921.0956,32673.1343,13605.0504,13730.9637,  8.1703,1031.8229,305.0476,470.9531, 95.9534,24683.2316,4556.9627,2307.6964,1197.7658,1026.7894, 1.5827,5.5132,0.3187,12.0988,5.1977, 5.9515,12.4946,10.1677,13.1000,18.1614,-10.5176,  2.0942, 73.0384,  5.5919,  1.9298, 12.3935, 10.2160,  7.6382,  9.0851, 18.2537,-15.7763,  1.3200,-29.2656, -0.9917, 19.7072, 2.5985, 8.9345, 6.6813, 9.5207,14.4219,-13.3494, -1.1368, 67.5623,  2.2503, -1.2960,  8.8366,  6.7280,  4.2318,  5.6329, 14.5114,-18.4417, -1.8864,-31.5041, -4.1250, 15.9188,7.0630,8.8038,7.4779,19.3716,0.5343,0.1045,2.5690,5.4169
2018-12-01, 3.1780,458426.5585, 62675.6709,33028.6675,13798.4369,13945.8370,  8.0751,1028.9632,300.6173,470.0374, 95.0364,23129.2994,4189.3674,2147.9146,1103.7337, 915.2877, 1.3747,3.9190,0.1859,12.0595,4.8922, 6.1141,12.1726, 9.7876,12.7345,18.0171,-10.4139,  2.0564, 73.9920,  4.7935,  0.0115, 10.8390,  9.5392,  8.2667,  6.8330, 16.6002,-21.3143, -4.1045,-58.9637,  1.6693, 12.2148, 2.8457, 8.7176, 6.4060, 9.2621,14.3820,-13.1732, -1.0870, 68.6328,  1.5658, -3.0690,  7.4250,  6.1652,  4.9319,  3.5424, 13.0087,-23.7379, -7.0582,-60.2277, -1.4623,  8.7584,6.5032,7.9990,6.5632,17.0235,0.3809,0.0618,2.5656,5.1478
2019-01-01, 3.1500,455282.3490, 63049.2905,33192.9440,13878.9166,14074.4137,  7.9836, 982.0274,348.5950,469.2850, 95.1253,23986.9068,4346.0867,2246.7628,1091.4810, 983.8676, 1.4378,4.8442,0.1868,12.4697,5.0368, 5.8678,12.4959,10.9787,11.0143,18.2630,-10.9458, 11.5998, 15.4397,  4.7696,  0.2667,  9.0356,  9.1183,  9.9884,  4.6149, 12.3651,-17.1067, 34.3188,-65.9970, 13.2983, 15.5490, 2.6348, 9.0605, 7.5896, 7.6242,14.6515,-13.6654,  8.1917, 11.9144,  1.5702, -2.7953,  5.7059,  5.7860,  6.6295,  1.4202,  8.9337,-19.6381, 30.2170,-67.0354,  9.8383, 12.0203,6.7688,7.8643,6.9905,18.0100,0.4933,0.0536,2.6572,5.2949
2019-02-01, 3.0141,460061.5415, 63559.7727,33441.6856,14015.8019,14191.9625,  8.0598,1040.6158,301.4556,465.2883, 94.9032,24214.6477,4366.7169,2244.2650,1116.5589, 984.3602, 1.5586,4.3590,0.1865,10.5763,4.8523, 6.2730,12.8978,11.8421,11.5646,17.3455,-10.7653, 17.2441, -0.4835,  4.0155,  1.2367,  4.7082,  9.4273, 10.6566,  5.3892, 11.8570,-17.4936, -0.3630,-65.3567, -7.2695,  3.3289, 3.1636, 9.5945, 8.5697, 8.3003,13.9121,-13.3762, 13.8136, -3.3953,  0.9721, -1.7253,  1.6445,  6.2256,  7.4189,  2.3056,  8.5842,-19.9076, -3.2782,-66.3703, -9.9827,  0.3056,6.7110,7.9664,6.9360,19.3384,0.4189,0.0619,2.2731,5.1129
2019-03-01, 3.2132,464295.4281, 64064.1136,33714.1234,14112.1283,14317.3925,  8.0401,1052.5704,302.5820,463.0794, 94.1975,24795.7164,4451.2128,2347.9461,1128.4079, 952.7471, 1.5915,4.0823,0.1564,11.2809,5.0007, 6.4835,12.2492,11.1463,11.0755,16.6480,-11.8914, 16.6484, -0.1273,  2.3783, -0.0749,  5.1071,  9.1660, 10.9345,  3.9528, 11.6417,-14.9756,  1.0367,-68.6385,  1.1971, 11.1615, 3.1685, 8.7547, 7.6861, 7.6175,13.0166,-14.6344, 13.0169, -3.2365, -0.8090, -3.1858,  1.8349,  5.7675,  7.4809,  0.7166,  8.1661,-17.6226, -2.1087,-69.6149, -1.9533,  7.7009,6.9643,7.9960,6.6545,19.7944,0.3878,0.0517,2.4361,5.3088
2019-04-01, 3.2475,467906.5371, 64221.4934,33602.4288,14226.4914,14451.2174,  8.0872,1068.7759,308.1148,462.7189, 93.6588,25619.2410,4674.4311,2391.7158,1170.5910,1090.1319, 1.6029,4.5932,0.2336,10.3046,5.2581, 6.8196,11.3197, 9.6890,10.8906,16.1810,-10.7136, 16.7146,  1.4711, -0.1323, -3.6441,  6.4618, 10.9800, 12.3469,  5.8778, 14.5783,-18.3144,-28.6305, 97.5536,-16.0265, -0.2275, 3.4598, 7.8183, 6.2389, 7.4027,12.5268,-13.5219, 13.0436, -1.7205, -3.2735, -6.6748,  3.1132,  7.4893,  8.8133,  2.5475, 10.9745,-20.8837,-30.8753, 91.3399,-18.6677, -3.3656,7.1177,8.2282,7.5435,19.8196,0.4298,0.0758,2.2270,5.6141
2019-05-01, 3.3093,472307.2960, 64565.0032,33593.8063,14385.0796,14629.1914,  8.1859,1088.6188,312.8091,454.2426, 93.0695,25372.9137,4696.6903,2395.6913,1189.1193,1088.7290, 1.5339,5.1986,0.2570,10.7151,5.4462, 7.1322,10.6291, 8.4938,11.0525,15.7893, -8.5585, 16.6831,  2.1512, -2.3246, -3.9961,  4.7323, 10.7071,  9.8560,  6.0767, 18.6655,-26.2650, 15.0928, 70.1202, -5.1249,  5.3184, 3.7004, 7.0853, 5.0183, 7.4951,12.0801,-11.4877, 12.9453, -1.1211, -5.4534, -7.0714,  1.3774,  7.1608,  6.3369,  2.6787, 14.8642,-28.6270, 11.4060, 64.6707, -8.1641,  1.9447,7.1313,8.2663,7.4422,18.7378,0.4775,0.0822,2.3589,5.8517
2019-06-01, 3.4262,473969.0035, 65125.9684,33860.7810,14530.3390,14781.0302,  8.1157,1091.2613,306.3339,454.8172, 93.2900,24977.3360,4878.6426,2438.2589,1250.9097,1166.5220, 1.5717,3.6464,0.2721,12.0947,5.3670, 7.0161,10.3491, 8.2227,11.0180,15.1954, -8.2858, 16.1619,  2.3081, -2.4800, -3.3033,  2.2955, 12.9478, 12.1400,  9.2690, 19.3206,-27.6967, 18.3675, 40.7883,  1.8985,  0.7891, 3.4710, 6.6935, 4.6376, 7.3403,11.3793,-11.3241, 12.3138, -1.0810, -5.7105, -6.5065, -1.0933,  9.2062,  8.4251,  5.6492, 15.3679,-30.0919, 14.4463, 36.1244, -1.4771, -2.5497,7.2008,8.6090,7.8920,19.3667,0.3341,0.0888,2.6593,5.7530
2019-07-01, 3.7854,476617.8111, 65807.2112,34205.9621,14679.9174,14945.8991,  8.0396,1110.4439,311.4135,452.7514, 92.7843,24845.2663,4622.8864,2335.7972,1145.0744,1118.3635, 1.3271,4.1302,0.5533,12.5729,5.0679, 7.7030,11.2756, 9.3123,12.7789,14.9739, -9.0713, 16.1065,  3.5153, -3.4252, -3.5073,  0.7418,  7.9444,  7.1121,  4.8207, 13.4804,-34.6071, -3.5182,189.8144,  0.2016,  1.7811, 3.7748, 7.2171, 5.3254, 8.6655,10.7805,-12.3877, 11.8717, -0.2602, -6.9476, -7.0267, -2.9325,  4.0074,  3.2054,  0.9976,  9.3414,-36.9922, -7.0372,179.2441, -3.4530, -1.9312,6.8286,7.8003,7.4827,16.5072,0.3719,0.1777,2.7770,5.4620
2019-08-01, 3.7502,480232.0284, 66339.7062,34410.1534,14791.9005,15137.4795,  8.2005,1131.8495,314.2539,453.5502, 92.3188,24289.1912,4884.4429,2404.0200,1241.0690,1212.8295, 1.5544,5.2099,0.5032,13.8547,5.4022, 8.3353,10.8843, 8.8172,12.5533,14.6341, -5.8149, 15.2679,  4.7410, -3.7135, -4.8204, -0.9854, 11.3853,  8.1155,  9.0756, 21.2778,-18.0933, 40.3015,106.1699,  7.1663,  8.4664, 4.4193, 6.8762, 4.8838, 8.4849,10.4905, -9.2194, 11.1014,  0.9549, -7.1939, -8.2608, -4.5644,  7.3591,  4.2075,  5.1329, 16.8940,-21.0539, 35.2301, 98.7175,  3.2926,  4.5457,6.9864,8.3902,8.0121,18.9546,0.4603,0.1601,3.0547,5.8517
2019-09-01, 3.8160,485562.4577, 67080.6793,34748.9286,14962.1944,15338.9241,  8.2083,1152.2575,317.4805,460.6291, 92.0568,24190.1805,4953.3033,2417.5246,1263.5015,1246.2312, 1.5571,4.6437,0.5996,13.8202,5.4254, 9.0229,10.9057, 8.7075,12.6884,14.7473, -1.3973, 15.3613,  5.9607, -2.0743, -4.7865, -1.7743, 11.2939,  8.1492,  7.5969, 22.5208, -9.2583, 18.1511,161.7455,  6.6493,  8.3739, 5.0155, 6.8291, 4.7118, 8.5463,10.5295, -5.0216, 11.1210,  2.0659, -5.6737, -8.2863, -5.3848,  7.2030,  4.1739,  3.6419, 18.0173,-12.5937, 13.8083,152.1245,  2.7291,  4.3904,6.9571,8.4446,8.1246,18.9703,0.4030,0.1889,3.0003,5.8935
2019-10-01, 3.8556,488215.8194, 67561.5124,34836.4176,15110.5922,15551.5612,  8.2467,1181.0801,324.9783,458.2755, 90.3607,24818.8620,4864.9621,2411.8700,1245.7974,1179.9580, 1.4181,5.6674,0.6875,14.6336,4.9300, 8.3411,10.3920, 7.7752,12.5131,14.7360,  1.9143, 16.0554,  7.7429, -2.5887, -5.9654,  0.8320, 11.5814,  9.2053, 11.4893, 16.7362,-17.4786, 44.9510,268.7143, 21.2210, -7.9198, 4.3189, 6.2937, 3.7740, 8.3361,10.4764, -1.8692, 11.7468,  3.7430, -6.2050, -9.4564, -2.9113,  7.4390,  5.1511,  7.3503, 12.4024,-20.5421, 39.5697,255.0259, 16.7207,-11.3382,6.9234,8.2445,7.5874,17.1964,0.4799,0.2116,3.1932,5.4559
2019-11-01, 3.8429,495013.2096, 68155.8646,35121.7784,15233.0887,15725.8608,  8.1588,1186.8196,326.0784,463.6764, 90.4037,25820.6233,5157.8236,2471.9033,1355.6502,1300.5685, 1.8991,5.4668,0.3356,16.3613,5.6389, 8.5260,10.0689, 7.4944,11.9664,14.5285, -0.1414, 15.0216,  6.8943, -1.5451, -5.7837,  4.6080, 13.1856,  7.1156, 13.1816, 26.6636, 19.9902, -0.8418,  5.3114, 35.2305,  8.4872, 4.5098, 5.9956, 3.5163, 7.8229,10.2901, -3.8369, 10.7650,  2.9384, -5.1886, -9.2703,  0.7367,  8.9969,  3.1516,  8.9931, 21.9762, 15.5497, -4.5114,  1.4142, 30.2260,  4.4724,7.0381,8.8994,8.2703,23.2769,0.4606,0.1029,3.5286,6.2374
2019-12-01, 3.8043,493527.7788, 68892.1992,35503.2903,15354.3578,15968.8536,  8.3350,1181.4418,320.4026,466.1112, 89.4069,23699.6229,4670.2870,2283.2184,1206.4532,1154.6256, 1.6911,4.3032,0.2020,14.9357,4.8580, 7.6569, 9.9186, 7.4923,11.2761,14.5062,  3.2183, 14.8187,  6.5816, -0.8353, -5.9236,  2.4658, 11.4795,  6.2993,  9.3065, 26.1489, 23.0198,  9.8044,  8.6372, 23.8498, -0.7007, 3.7114, 5.8902, 3.5529, 7.1979,10.3097, -0.5645, 10.6107,  2.6755, -4.4696, -9.3714, -1.2894,  7.3939,  2.4036,  5.3006, 21.5257, 18.5112,  5.7802,  4.6558, 19.3108, -4.3399,6.4310,7.8574,7.2305,20.2893,0.3642,0.0630,3.2043,5.4335
2020-01-01, 3.6223,494057.0507, 69271.2642,35697.2672,15384.0296,16116.7251,  8.6146,1186.1000,319.5860,469.7764, 89.1652,24699.4139,4940.8193,2419.7711,1279.5758,1215.9955, 1.7628,4.4450,0.3699,14.0820,4.8172, 8.5166, 9.8684, 7.5447,10.8446,14.5108,  7.9040, 20.7807, -8.3217,  0.1047, -6.2655,  2.9704, 13.6843,  7.7003, 17.2330, 23.5934, 22.6012, -8.2414, 98.0712, 12.9292, -4.3587, 4.7233, 6.0278, 3.7853, 6.9699,10.5079,  4.1321, 16.5587,-11.5264, -3.3946, -9.5421, -0.6291,  9.7103,  3.9355, 13.1349, 19.2730, 18.3155,-11.4489, 91.1473,  8.9816, -7.7020,6.7786,8.3176,7.5449,20.4631,0.3748,0.1157,2.9976,5.4026
2020-02-01, 3.7200,500975.6025, 69859.5348,35875.3563,15661.0485,16230.0626,  8.6863,1202.9790,324.6986,468.6995, 88.0040,25088.3392,5051.1682,2417.3102,1303.1411,1304.2300, 1.8903,3.2736,0.4298,15.8913,5.0020, 8.8932, 9.9116, 7.2774,11.7385,14.3609,  7.7728, 15.6026,  7.7103,  0.7331, -7.2697,  3.6081, 15.6743,  7.7106, 16.7105, 32.4952, 21.2809,-24.9009,130.4593, 50.2535,  3.0849, 4.9876, 5.9694, 3.4297, 7.7309,10.2592,  3.9074, 11.4564,  3.8471, -2.8798,-10.5956, -0.1079, 11.5255,  3.8474, 12.5245, 27.7431, 16.9310,-27.5944,122.1936, 44.8645, -0.6123,6.7381,8.3209,8.0359,21.7623,0.2721,0.1324,3.3905,5.6839
2020-03-01, 3.8559,518716.8285, 70076.0383,35917.6038,15782.7145,16279.1253,  8.7982,1207.3315,324.3740,467.6008, 88.4902,24524.6121,4397.3644,2348.2834,1030.8451, 999.2744, 1.0977,3.6488,0.4274,10.0880,3.6998,11.7213, 9.3842, 6.5358,11.8379,13.7017,  9.4294, 14.7032,  7.2020,  0.9764, -6.0589, -1.0934, -1.2097,  0.0144, -8.6461,  4.8835,-31.0261,-10.6196,173.1976,-10.5742,-26.0153, 7.5733, 5.3230, 2.5804, 7.6857, 9.4803,  5.3666, 10.4445,  3.2219, -2.7727, -9.5467, -4.7655, -4.8776, -3.6989,-12.0378,  0.9894,-33.5869,-13.9381,163.0544,-13.8943,-28.7622,6.5380,6.5315,6.1384,12.4765,0.3022,0.1317,2.1574,4.1810
2020-04-01, 3.5064,521943.2146, 70152.6042,35945.6643,15798.3280,16314.0069,  8.7087,1208.1187,324.9104,464.8091, 88.0581,24299.3272,4441.7775,2394.4113,1028.1576,1002.3301, 1.0436,3.1673,0.6984, 8.8398,3.1295,11.5486, 9.2354, 6.9734,11.0487,12.8902,  7.6850, 13.0376,  5.4511,  0.4517, -5.9799, -5.1520, -4.9772,  0.1127,-12.1677, -8.0542,-34.8929,-31.0438,199.0388,-14.2153,-40.4824, 7.7697, 5.5349, 3.3495, 7.2867, 9.0659,  4.0370,  9.2083,  1.8788, -2.9512, -9.1650, -8.3651, -8.1962, -3.2788,-15.1431,-11.1690,-37.0985,-33.3798,188.9084,-17.1213,-42.4987,6.6612,6.5080,6.1440,11.9831,0.2622,0.2150,1.9018,3.5539
2020-05-01, 2.8541,521736.2982, 70382.8777,36043.7828,15896.6965,16342.7782,  8.6677,1212.8462,325.3395,465.0704, 87.6964,22607.1925,4117.3591,2237.8496,1020.5500, 841.7291, 1.0739,4.2368,0.4449, 8.5703,2.9044,10.4654, 9.0109, 7.2929,10.5082,11.7135,  5.8855, 11.4115,  4.0058,  2.3837, -5.7732,-10.9003,-12.3349, -6.5886,-14.1760,-22.6870,-29.9855,-18.5014, 73.1029,-20.0161,-46.6706, 7.4001, 5.9860, 4.3157, 7.4418, 8.6136,  2.9473,  8.3199,  1.1197, -0.4573, -8.3879,-13.3727,-14.7675, -9.1806,-16.5575,-24.8323,-31.9283,-20.7629, 68.2995,-22.2356,-48.1505,6.2087,6.4199,5.1505,12.3899,0.3493,0.1367,1.8428,3.3119
2020-06-01, 2.1933,521216.7856, 70733.0019,36156.2635,16060.6542,16427.9514,  8.6627,1210.6529,317.7584,463.3712, 87.6874,21041.8404,3815.2441,2071.3607, 944.4619, 783.8487, 1.1597,2.8407,0.2771, 8.5656,2.7297, 9.9685, 8.6095, 6.7792,10.5319,11.1421,  6.7406, 10.9407,  3.7294,  1.8808, -6.0055,-15.7563,-21.7970,-15.0476,-24.4980,-32.8046,-26.2153,-22.0939,  1.8347,-29.1792,-49.1387, 7.6083, 6.2785, 4.4874, 8.1596, 8.7567,  4.4497,  8.5596,  1.5031, -0.3059, -8.0229,-17.5643,-23.4754,-16.8708,-26.1185,-34.2468,-27.7989,-23.7659, -0.3509,-30.6992,-50.2303,5.7289,5.8806,4.7714,13.3873,0.2346,0.0872,1.8485,3.1130
2020-07-01, 1.9712,517849.7864, 71045.3200,36185.3297,16246.5102,16496.2641,  8.5965,1223.6421,336.7889,460.9627, 87.2257,20911.7957,3519.8671,1955.1439, 860.2915, 690.1605, 1.1370,2.8315,0.3732, 7.4753,2.4542, 8.6510, 7.9598, 5.7866,10.6717,10.3732,  6.9272, 10.1940,  8.1485,  1.8136, -5.9909,-15.8319,-23.8600,-16.2965,-24.8702,-38.2884,-14.3255,-31.4446,-32.5436,-40.5439,-51.5739, 6.5506, 5.8728, 3.7417, 8.5323, 8.2396,  4.8602,  8.0638,  6.0579, -0.1545, -7.8081,-17.4589,-25.3318,-17.9146,-26.3226,-39.4813,-15.9817,-32.7698,-33.8476,-41.6933,-52.5100,5.4031,5.2952,4.1837,13.2263,0.2314,0.1108,1.6217,2.8136
2020-08-01, 1.8781,515202.1069, 71339.8977,36233.6239,16410.8086,16567.0532,  8.5122,1233.8236,340.7498,458.8707, 86.4557,24209.0433,4199.1568,2328.0667,1078.0189, 778.9295, 1.1867,2.9275,0.3130, 7.3352,2.3792, 7.2819, 7.5373, 5.2992,10.9446, 9.4439,  3.8007,  9.0095,  8.4313,  1.1731, -6.3509, -0.3300,-14.0300, -3.1594,-13.1379,-35.7758,-23.6522,-43.8088,-37.7982,-47.0558,-55.9583, 5.3042, 5.5548, 3.3581, 8.8993, 7.4264,  1.8871,  7.0000,  6.4324, -0.6920, -8.0773, -2.1674,-15.6148, -4.9447,-14.7392,-36.9598,-25.0596,-44.8447,-38.9448,-48.0318,-56.7702,6.4252,6.5690,4.7017,13.9416,0.2373,0.0919,1.5985,2.7520
2020-09-01, 1.9674,515048.7174, 71720.0260,36297.7686,16610.1307,16677.1608,  8.4170,1243.2765,344.2920,453.4760, 85.5044,25662.9057,4048.6063,2232.1832,1038.1112, 762.3304, 0.9066,4.1721,0.5251, 8.0029,2.3748, 6.0726, 6.9161, 4.4572,11.0140, 8.7244,  2.5423,  7.8992,  8.4451, -1.5529, -7.1179,  6.0881,-18.2645, -7.6666,-17.8385,-38.8291,-41.7808,-10.1560,-12.4150,-42.0926,-56.2282, 4.0260, 4.8532, 2.4418, 8.8720, 6.6267,  0.5638,  5.8173,  6.3527, -3.4524, -8.9100,  4.0412,-19.8416, -9.4481,-19.4238,-40.0094,-42.9041,-11.8895,-14.1049,-43.2099,-57.0727,6.1496,6.2499,4.5711,10.7705,0.3356,0.1525,1.7648,2.7774
2020-10-01, 1.7481,515386.7906, 72320.5124,36483.2740,16845.1620,16838.8765, 10.9856,1257.5181,349.8534,450.0786, 84.7643,28370.6036,4894.7027,2359.4470,1367.8272,1134.2910, 1.1362,3.7237,0.6204,20.9377,6.7195, 5.5654, 7.0440, 4.7274,11.4792, 8.2777, 33.2123,  6.4719,  7.6544, -1.7887, -6.1935, 14.3107,  0.6113, -2.1735,  9.7953, -3.8702,-19.8804,-34.2971, -9.7625, 43.0798, 36.2980, 3.7516, 5.2048, 2.9281, 9.5638, 6.4174, 30.9236,  4.6426,  5.8048, -3.4760, -7.8052, 12.3467, -1.1173, -3.8543,  7.9089, -5.5218,-21.2569,-35.4259,-11.3129, 40.6215, 33.9562,6.4672,8.1200,6.7361,10.3426,0.2961,0.1773,4.6520,7.9273
2020-11-01, 1.4895,515643.3141, 72930.0102,36696.6186,17034.9546,17023.9713, 17.4267,1273.1037,353.9771,446.2212, 83.7371,29555.9814,5402.9737,2506.7456,1474.9855,1390.7312, 1.6703,3.5838,0.6400,19.1008,5.5166, 4.1676, 7.0047, 4.4839,11.8286, 8.2546,113.5940,  7.2702,  8.5558, -3.7645, -7.3743, 14.4666,  4.7530,  1.4095,  8.8028,  6.9326,-12.0462,-34.4445, 90.6925, 16.7439, -2.1688, 2.6388, 5.4343, 2.9505,10.1874, 6.6659,110.4593,  5.6959,  6.9627, -5.1769, -8.7337, 12.7866,  3.2156, -0.0788,  7.2060,  5.3632,-13.3371,-35.4066, 87.8938, 15.0306, -3.6046,6.8310,8.6586,8.1693, 9.5850,0.2815,0.1808,4.2806,6.5880
2020-12-01, 1.6104,512812.1500, 73752.9226,37047.5072,17247.9884,17294.7600, 27.9828,1262.5985,347.8992,441.5763, 82.6101,28200.6696,5031.6180,2365.4522,1364.9091,1272.1962, 1.4477,3.1854,0.5965,18.6867,5.1442, 3.9075, 7.0555, 4.3495,12.3329, 8.3031,235.7269,  6.8693,  8.5819, -5.2638, -7.6021, 18.9921,  7.7368,  3.6017, 13.1340, 10.1826,-14.3941,-25.9760,195.3571, 25.1144,  5.8927, 2.2606, 5.3588, 2.6956,10.5525, 6.5866,230.4059,  5.1755,  6.8610, -6.7653, -9.0665, 17.1061,  6.0293,  1.9597, 11.3409,  8.4363,-15.7509,-27.1492,190.6759, 23.1315,  4.2143,6.3849,7.9134,7.3560, 5.1735,0.2523,0.1715,4.2318,6.2271
2021-01-01, 1.5972,511809.5763, 73937.3155,37030.1003,17398.3179,17341.3001, 27.8924,1271.7925,348.4331,437.5933, 81.8858,29035.8122,5138.8289,2408.4677,1401.2805,1298.8044, 1.4220,3.3319,0.7612,19.2448,5.5164, 3.5932, 6.7359, 3.7337,13.0934, 7.5982,223.7798,  7.2247,  9.0264, -6.8507, -8.1640, 17.5567,  4.0076, -0.4671,  9.5113,  6.8100,-19.3329,-25.0424,105.7715, 36.6628, 14.5143, 1.9646, 5.0579, 2.1029,11.3154, 5.9066,218.6897,  5.5391,  7.3124, -8.3151, -9.6077, 15.7086,  2.3725, -2.0319,  7.7897,  5.1308,-20.6010,-26.2208,102.5365, 34.5143, 12.7140,6.5041,8.0541,7.4897, 5.0982,0.2620,0.2185,4.3979,6.7367
2021-02-01, 1.5631,516005.7935, 74820.9574,37443.9937,17579.4307,17597.7288, 34.9136,1298.8254,351.7351,433.9272, 80.4030,28542.1572,5202.7593,2380.7824,1430.1963,1361.5344, 1.4934,3.3121,0.7077,19.3348,5.3981, 3.0002, 7.1020, 4.3725,12.2494, 8.4267,301.9373,  7.9674,  8.3267, -7.4189, -8.6371, 13.7666,  3.0011, -1.5111,  9.7499,  4.3937,-20.9984,  1.1771, 64.6815, 21.6696,  7.9183, 1.4150, 5.4537, 2.7661,10.5218, 6.7580,295.7513,  6.3058,  6.6595, -8.8437,-10.0432, 12.0157,  1.4159, -3.0269,  8.0608,  2.7871,-22.2142, -0.3800, 62.1469, 19.7971,  6.2574,6.3582,8.1356,7.7370, 4.2774,0.2550,0.2012,4.4558,6.7138
2021-03-01, 1.5066,518256.6353, 75569.7324,37746.4891,17760.1352,17837.5989, 44.3802,1320.4773,352.6875,428.3502, 79.6141,27654.6159,4910.1552,2322.1163,1309.3740,1252.2241, 1.7893,3.4662,0.7032,15.5163,4.9658,-0.0887, 7.8396, 5.0919,12.5290, 9.5734,404.4240,  9.3716,  8.7287, -8.3940,-10.0306, 12.7627, 11.6613, -1.1143, 27.0195, 25.3133, 63.0047, -5.0042, 64.5500, 53.8090, 34.2184,-1.5716, 6.2391, 3.5321,10.8589, 7.9472,396.9374,  7.7483,  7.1149, -9.7536,-11.3659, 11.0891, 10.0041, -2.5820, 25.1343, 23.4534, 60.5854, -6.4141, 62.1078, 51.5262, 32.2264,6.1519,7.3725,7.0201, 4.0318,0.2625,0.1994,3.6223,6.2373
2021-04-01, 1.9478,522051.1810, 76402.7552,38085.0323,17993.3642,18067.9148, 51.0996,1346.8706,357.2893,422.3277, 78.8567,28164.0723,5263.9912,2464.6263,1448.6853,1323.1036, 1.7455,3.4486,0.6834,16.3665,5.3320, 0.0207, 8.9094, 5.9517,13.8941,10.7509,486.7633, 11.4850,  9.9655, -9.1395,-10.4492, 15.9047, 18.5109,  2.9325, 40.9011, 32.0028, 67.2651,  8.8834, -2.1567, 85.1454, 70.3807,-1.8903, 6.8286, 3.9274,11.7181, 8.6350,475.5528,  9.3550,  7.8645,-10.8755,-12.1602, 13.6903, 16.2467,  0.9659, 38.2091, 29.4808, 64.0694,  6.8031, -4.0260, 81.6081, 67.1255,6.4714,8.0512,7.3229, 3.4159,0.2560,0.1913,3.8753,6.7617
2021-05-01, 3.2957,526097.0866, 77211.2079,38402.6974,18221.9977,18295.5656, 56.9785,1376.0642,359.7855,420.2423, 77.8767,28011.2269,5287.7728,2526.9857,1465.4208,1269.0870, 1.6815,4.0220,1.0313,14.4102,5.1343, 0.8358, 9.7017, 6.5446,14.6276,11.9489,557.3677, 13.4574, 10.5877, -9.6390,-11.1974, 23.9040, 28.4263, 12.9203, 43.5913, 50.7714, 56.5759, -5.0707,131.7988, 68.1402, 76.7750,-2.3814, 6.2016, 3.1453,10.9704, 8.3772,536.3943,  9.8376,  7.0594,-12.5220,-14.0307, 19.9509, 24.3289,  9.3175, 39.0100, 45.9610, 51.5803, -8.0994,124.4033, 62.7757, 71.1350,6.5802,8.0420,6.9366, 2.9511,0.2923,0.2866,3.4290,6.5928
2021-06-01, 3.6348,530118.3395, 77795.7739,38505.7497,18474.2108,18538.6661, 60.5803,1378.0610,351.5209,411.7321, 75.2529,27041.9561,5138.0978,2427.6814,1411.8107,1275.2236, 1.8021,3.2190,0.6644,12.7262,4.9705, 1.7078, 9.9851, 6.4981,15.0278,12.8483,599.3200, 13.8279, 10.6252,-11.1442,-14.1805, 28.5152, 34.6728, 17.2023, 49.4831, 62.6875, 55.3905, 13.3163,139.7863, 48.5736, 82.0881,-1.8593, 6.1276, 2.7630,10.9934, 8.8904,574.7929,  9.8357,  6.7453,-14.2606,-17.1905, 24.0078, 29.9495, 13.0916, 44.2403, 56.9816, 49.9405,  9.3420,131.3763, 43.3627, 75.7018,6.3047,7.6421,6.8787, 2.9747,0.2336,0.1890,3.0909,6.6050
2021-07-01, 3.9701,534676.6973, 78813.7116,38903.1447,18793.8664,18804.4238, 66.2976,1406.0479,354.1853,411.3350, 74.4111,26981.7185,5060.2455,2418.6146,1373.6498,1243.5838, 1.1280,3.4291,0.7921,14.2257,4.8224, 3.2494,10.9344, 7.5108,15.6794,13.9920,671.2186, 14.9068,  5.1653,-10.7661,-14.6913, 29.0263, 43.7624, 23.7052, 59.6726, 80.1876, -0.7923, 21.1077,112.2235, 90.3019, 96.4996,-0.6932, 6.6984, 3.4055,11.2622, 9.6392,641.7697, 10.5191,  1.1496,-14.1735,-17.9488, 24.0995, 38.2728, 18.9815, 53.5755, 73.3072, -4.5806, 16.4832,104.1198, 83.0352, 88.9963,6.2170,7.3090,6.6133, 1.7014,0.2439,0.2236,3.4584,6.4808
2021-08-01, 4.4410,539937.0522, 79858.3517,39328.3549,19134.7869,19049.0045, 75.1677,1432.0035,354.0156,411.3287, 73.6898,26623.4346,5053.9119,2394.3805,1370.2766,1267.1307, 0.9902,3.3058,0.6567,12.6101,4.5614, 4.8010,11.9407, 8.5410,16.5987,14.9812,783.0595, 16.0623,  3.8931,-10.3607,-14.7659,  9.9731, 20.3554,  2.8484, 27.1106, 62.6759,-16.5623, 12.9200,109.7780, 71.9110, 91.7168, 0.3447, 7.1807, 3.9257,11.6407,10.0920,745.5102, 11.1271, -0.5246,-14.1723,-18.3902,  5.2968, 15.2377, -1.5249, 21.7057, 55.7587,-20.1102,  8.1185,100.8579, 64.6010, 83.5647,6.0882,7.1612,6.6520, 1.3173,0.2308,0.1855,3.0657,6.1900
2021-09-01, 4.5102,545743.2772, 81030.6180,39867.8147,19492.9708,19294.1504, 81.4168,1459.8341,351.8940,409.4253, 73.1120,25856.8770,5013.6420,2346.3989,1377.0618,1266.5318, 1.0969,3.0279,0.5384,14.2706,4.7156, 5.9595,12.9819, 9.8354,17.3559,15.6921,867.2915, 17.4183,  2.2080, -9.7140,-14.4933,  0.7558, 23.8362,  5.1168, 32.6507, 66.1395, 20.9972,-27.4258,  2.5261, 78.3176, 98.5709, 1.3868, 8.1061, 5.0955,12.2914,10.6993,825.5477, 12.3511, -2.2028,-13.6103,-18.1834, -3.5923, 18.4921,  0.5804, 26.9261, 58.9697, 15.7755,-30.5577, -1.8984, 70.6223, 90.0015,5.8854,7.0644,6.5643, 1.3473,0.2074,0.1530,3.4855,6.4499
2021-10-01, 4.5835,551290.2025, 81956.8337,40358.6083,19639.4138,19552.9561, 89.1538,1482.8578,354.2167,407.2559, 72.3714,26059.7870,5007.5078,2341.5455,1399.7641,1242.7949, 1.1234,3.0398,0.5183,13.8109,4.9109, 6.9663,13.3245,10.6222,16.5879,16.1179,711.5499, 17.9194,  1.2472, -9.5145,-14.6204, -8.1451,  2.3046, -0.7587,  2.3349,  9.5658, -1.1255,-18.3643,-16.4555,-34.0381,-26.9168, 2.2783, 8.3578, 5.7740,11.4782,11.0289,675.9824, 12.7514, -3.1901,-13.4802,-18.3623,-12.1708, -2.1790, -5.1081, -2.1501,  4.7639, -5.4588,-21.9421,-20.1170,-36.9290,-30.1198,5.8018,7.1273,6.3560, 1.2601,0.2050,0.1463,3.3912,6.7856
2021-11-01, 5.2589,561195.0506, 83064.6352,40988.3938,19903.4909,19740.6962, 95.0948,1496.3794,361.1021,407.5128, 71.9652,26180.0067,5124.2212,2370.5655,1427.5689,1302.2676, 1.0363,3.0765,0.5770,14.0835,5.0457, 8.8340,13.8964,11.6953,16.8391,15.9582,445.6857, 17.5379,  2.0128, -8.6747,-14.0582,-11.4223, -5.1592, -5.4325, -3.2147, -6.3609,-37.9566,-14.1546, -9.8307,-26.2673, -8.5356, 3.3964, 8.2059, 6.1148,11.0016,10.1647,418.4222, 11.6655, -3.0839,-13.2375,-18.3520,-15.8478, -9.8977,-10.1573, -8.0503,-11.0393,-41.0564,-18.4436,-14.3357,-29.9511,-13.1053,5.7835,7.1725,6.5969, 1.0898,0.2056,0.1598,3.4560,7.0113
2021-12-01, 5.6227,565763.2173, 84264.8784,41535.4513,20299.6633,20007.6260,110.1248,1476.7509,359.4104,404.5181, 71.3336,24430.8764,4788.9501,2242.8169,1345.6861,1177.6410, 1.1672,2.4790,0.4692,13.5523,5.1386,10.3256,14.2529,12.1140,17.6929,15.6861,293.5439, 16.9612,  3.3088, -8.3922,-13.6503,-13.3677, -4.8229, -5.1844, -1.4084, -7.4324,-19.3729,-22.1771,-21.3528,-27.4762, -0.1098, 4.4526, 8.1708, 6.1458,11.4277, 9.5277,272.5941, 10.7350, -2.1907,-13.2689,-18.2470,-17.9795, -9.8895,-10.2318, -6.6568,-12.3601,-23.6650,-26.3199,-25.5395,-31.3369, -5.4273,5.3998,6.6291,5.8860, 1.0599,0.1679,0.1305,3.3502,7.2036
2022-01-01, 6.9446,567664.5777, 84781.3521,41561.2704,20734.5619,20047.3620,110.7741,1493.2660,359.1546,404.1443, 70.8188,25947.3216,5049.9381,2352.4218,1412.5624,1261.3673, 1.4040,2.9415,0.6109,13.6470,4.9832,10.9132,14.6665,12.2365,19.1757,15.6047,297.1480, 17.4143,  3.0771, -7.6438,-13.5151,-10.6368, -1.7298, -2.3270,  0.8051, -2.8824, -1.2667,-11.7166,-19.7444,-29.0876, -9.6657, 3.7109, 7.2205, 4.9482,11.4368, 8.0978,271.3586,  9.7898, -3.6164,-13.6411,-19.1312,-16.4398, -8.1111, -8.6696, -5.7408, -9.1889, -7.6781,-17.4494,-24.9559,-33.6924,-15.5317,5.6601,6.8126,6.2919, 1.2674,0.1970,0.1701,3.3768,7.0366
2022-02-01, 8.0052,578041.9232, 85872.1161,42047.2541,21100.8276,20254.0040,123.2379,1507.9763,367.7373,401.0374, 70.0415,25619.2867,4983.9860,2285.8146,1396.0933,1278.4385, 1.0324,2.5316,0.7662,14.1385,5.1709,12.0224,14.7701,12.2937,20.0313,15.0944,252.9798, 16.1031,  4.5495, -7.5796,-12.8869,-10.2405, -4.2049, -3.9889, -2.3845, -6.1031,-30.8719,-23.5651,  8.2666,-26.8754, -4.2082, 3.7194, 6.2635, 3.9707,11.1348, 6.5638,226.8175,  7.4977, -3.1996,-14.4296,-19.3436,-16.8934,-11.3051,-11.1051, -9.6196,-13.0626,-35.9956,-29.2304,  0.2421,-32.2953,-11.3082,5.4363,6.6163,6.3120, 0.8377,0.1679,0.2084,3.5255,7.3827
2022-03-01, 8.5279,585701.1961, 86980.1146,42459.2109,21557.3564,20475.4906,129.0554,1521.4442,372.1141,396.7824, 68.6605,24731.3267,4783.4111,2277.7328,1330.9624,1151.3025, 1.1654,2.8541,0.8844,13.8955,4.6140,13.0137,15.0991,12.4852,21.3806,14.7884,190.7948, 15.2193,  5.5082, -7.3696,-13.7584,-10.5707, -2.5813, -1.9113,  1.6488, -8.0594,-34.8667,-17.6598, 25.7737,-10.4456, -7.0841, 4.1334, 6.0549, 3.6464,11.8428, 5.7686,167.9448,  6.1656, -2.7824,-14.6483,-20.5350,-17.5979,-10.2362, -9.6189, -6.3386,-15.2839,-39.9847,-24.1299, 15.8907,-17.4825,-14.3852,5.3645,6.1741,5.6228, 0.9031,0.1876,0.2377,3.5020,6.7200
2022-04-01, 9.2341,596062.8816, 87858.3664,42817.8994,21901.7732,20633.2690,133.4835,1533.8460,379.0399,391.2124, 67.8431,25228.3660,5040.1264,2311.7704,1435.6420,1270.4425, 1.2044,3.1854,0.9602,12.3143,4.6072,14.1771,14.9937,12.4271,21.7214,14.1984,161.2224, 13.8822,  6.0877, -7.3676,-13.9666,-10.4236, -4.2528, -6.2020, -0.9004, -3.9801,-31.0015, -7.6334, 40.5117,-24.7588,-13.5939, 4.5251, 5.2727, 2.9231,11.4317, 4.5446,139.1399,  4.2552, -2.8805,-15.1983,-21.2394,-17.9959,-12.3467,-14.1312, -9.2777,-12.0972,-36.8343,-15.4416, 28.6336,-31.1193,-20.8983,5.3991,6.5549,6.1573, 0.9023,0.2077,0.2533,3.1477,6.7910
2022-05-01, 9.0668,605377.5107, 88992.1627,43306.7075,22300.6333,20853.0478,142.7492,1548.5526,383.6465,389.8369, 66.9890,25289.6462,4908.4010,2284.2934,1388.2867,1214.3370, 0.9757,2.7898,0.7410,12.8086,4.1689,15.0695,15.2581,12.7700,22.3830,13.9787,150.5316, 12.5349,  6.6320, -7.2352,-13.9806, -9.7160, -7.1745, -9.6040, -5.2636, -4.3141,-41.9765,-30.6358,-28.1489,-11.1144,-18.8035, 5.5037, 5.6766, 3.3953,12.2093, 4.5036,129.7047,  3.1798, -2.2324,-14.9468,-21.1315,-17.2214,-14.8911,-17.1187,-13.1391,-12.2685,-46.8000,-36.4021,-34.1219,-18.5035,-25.5534,5.2747,6.2253,5.8233, 0.6835,0.1802,0.1931,3.2856,6.2232
2022-06-01, 9.6738,616535.1894, 90077.2154,43772.0794,22694.3559,21081.2871,150.4326,1548.0080,377.1837,387.7296, 66.1391,25437.5983,4999.6779,2278.6966,1408.1881,1288.8125, 1.5043,2.9811,0.7374,14.4463,4.3116,16.3014,15.7868,13.6767,22.8434,13.7152,148.3193, 12.3323,  7.3005, -5.8297,-12.1109, -5.9328, -2.6940, -6.1369, -0.2566,  1.0656,-16.5258, -7.3912, 10.9850, 13.5159,-13.2563, 6.0430, 5.5737, 3.6498,12.0080, 3.6849,126.4162,  2.4240, -2.1640,-14.1360,-19.8632,-14.2301,-11.2769,-14.4162, -9.0545, -7.8489,-23.8887,-15.5598,  1.1955,  3.5031,-20.9075,5.2058,6.2050,6.1135, 1.0000,0.1926,0.1955,3.7259,6.5190
2022-07-01,10.2058,623932.2706, 91147.5102,44216.0173,23089.9846,21279.4626,159.6262,1607.1979,341.1075,388.5130, 65.6011,25420.1838,5021.8165,2283.7835,1447.2036,1266.5258, 1.3950,2.8476,1.0022,14.7957,4.2630,16.6934,15.6493,13.6567,22.8592,13.1620,140.7723, 14.3061, -3.6923, -5.5483,-11.8396, -5.7874, -0.7594, -5.5747,  5.3546,  1.8448, 23.6750,-16.9595, 26.5303,  4.0072,-11.6007, 5.8868, 4.9394, 3.1313,11.4815, 2.6824,118.4751,  3.7205,-12.6111,-14.2951,-20.0039,-14.5121, -9.9498,-14.3192, -4.4019, -7.5867, 12.2219,-24.6497, 14.8127, -5.6246,-19.7871,5.1651,6.2677,5.9519, 0.8739,0.1772,0.2938,3.8083,6.4984
2022-08-01,10.8360,631727.2801, 92239.6336,44666.6943,23521.3400,21461.1075,165.7620,1634.4030,339.7996,385.6697, 64.8575,25457.5045,4928.1291,2200.2997,1438.8747,1266.2088, 2.0341,2.9441,0.7172,13.0702,3.9802,17.0002,15.5041,13.5738,22.9245,12.6626,120.5228, 14.1340, -4.0156, -6.2381,-11.9858, -4.3793, -2.4888, -8.1057,  5.0061, -0.0728,105.4276,-10.9416,  9.2191,  3.6492,-12.7413, 5.5615, 4.2117, 2.4701,10.9067, 1.6481, 98.9632,  2.9756,-13.3996,-15.4048,-20.5906,-13.7278,-12.0221,-17.0898, -5.2599, -9.8422, 85.3438,-19.6485, -1.4588, -6.4841,-21.2722,4.9260,6.1173,5.9000, 1.2271,0.1801,0.2111,3.3890,6.1368
2022-09-01,11.4399,640214.9749, 93356.1124,45145.6042,23960.6994,21632.7070,171.6735,1657.4360,340.0439,383.3460, 64.6023,25899.5791,5056.4570,2234.9826,1514.6267,1284.5349, 1.4073,3.9861,0.6533,12.3595,3.9066,17.3106,15.2109,13.2382,22.9197,12.1205,110.8575, 13.5359, -3.3675, -6.3698,-11.6392,  0.1651,  0.8540, -4.7484,  9.9897,  1.4214, 28.2934, 31.6464, 21.3457,-13.3917,-17.1565, 5.2681, 3.3839, 1.6137,10.3013, 0.6108, 89.2119,  1.8809,-13.2873,-15.9814,-20.7099,-10.1173, -9.4992,-14.5265, -1.3013, -8.9900, 15.1234, 18.1322,  8.8889,-22.2825,-25.6608,4.9506,6.3213,5.9379, 0.8197,0.2405,0.1921,3.2241,6.0472
2022-10-01,12.2218,648681.8155, 94390.0955,45600.2965,24378.1084,21774.4961,180.2003,1672.7873,340.1424,380.3345, 63.7300,26696.9477,5139.2977,2294.4339,1553.0795,1268.8354, 2.2220,3.5307,0.7284,12.4231,4.0447,17.6661,15.1705,12.9878,24.1285,11.3617,102.1231, 12.8083, -3.9734, -6.6104,-11.9403,  2.4450,  2.6318, -2.0120, 10.9529,  2.0953, 97.7904, 16.1478, 40.5461,-10.0483,-17.6382, 4.8514, 2.6276, 0.6826,10.6100,-0.7664, 80.1105,  0.5227,-14.4313,-16.7812,-21.5306, -8.7120, -8.5455,-12.6836, -1.1306, -9.0236, 76.2496,  3.4985, 25.2396,-19.8447,-26.6080,5.0316,6.3708,5.8272, 1.2331,0.2111,0.2142,3.2664,6.3466
2022-11-01,12.5315,655599.2897, 95511.5750,46074.3788,24826.7983,21948.9584,186.9700,1691.7982,339.9211,379.7109, 63.0392,27483.3901,5284.5054,2294.8586,1626.4838,1338.8618, 2.2563,3.4460,0.6490,13.8802,4.0697,16.8220,14.9846,12.4084,24.7359,11.1863, 96.6144, 13.0594, -5.8656, -6.8223,-12.4031,  4.9785,  3.1280, -3.1936, 13.9338,  2.8100,117.7156, 12.0089, 12.4686, -1.4439,-19.3425, 3.8127, 2.1800,-0.1094,10.8454,-1.1953, 74.7195,  0.4692,-16.3484,-17.1986,-22.1579, -6.7118, -8.3563,-13.9739,  1.2462, -8.6388, 93.4709, -0.4643, -0.0558,-12.4191,-28.3245,4.9808,6.5513,6.0999, 1.2068,0.2037,0.1909,3.6555,6.4559
2022-12-01,13.1225,661163.5819, 96564.1136,46653.7692,25111.9793,22147.7431,194.0557,1686.9582,328.8898,378.3658, 62.3525,26865.8561,4987.6660,2135.6655,1594.9479,1234.0514, 2.4872,2.3903,0.5877,13.2147,4.3213,16.8622,14.5959,12.3228,23.7064,10.6965, 76.2144, 14.2344, -8.4919, -6.4650,-12.5902,  9.9668,  4.1495, -4.7775, 18.5230,  4.7901,113.0808, -3.5762, 25.2641, -2.4910,-15.9042, 3.3060, 1.3025,-0.7069, 9.3562,-2.1445, 55.7731,  0.9830,-19.1070,-17.3153,-22.7300, -2.7896, -7.9321,-15.8236,  4.7741, -7.3658, 88.3629,-14.7616, 10.7331,-13.8022,-25.6595,4.5777,6.3513,5.5719, 1.2817,0.1417,0.1787,3.4926,6.9305
2023-01-01,13.2520,659570.6987, 96843.4628,46769.6073,25259.8226,22158.2259,197.3062,1696.5411,325.6377,374.4182, 61.9038,28762.3830,5268.7375,2240.5738,1665.2041,1338.0129, 3.4507,2.7968,0.6241,13.5721,4.5030,16.1902,14.2273,12.5317,21.8247,10.5294, 78.1159, 13.6128, -9.3322, -7.3553,-12.5885, 10.8491,  4.3327, -4.7546, 17.8853,  6.0764,145.7772, -4.9185,  2.1580, -0.5486, -9.6367, 2.5944, 0.8612,-0.6360, 7.5696,-2.4040, 57.2740,  0.3186,-19.9415,-18.1960,-22.8168, -2.1217, -7.8756,-15.8996,  4.0912, -6.3360,117.0180,-16.0443, -9.7958,-12.1857,-20.2104,4.7907,6.5923,6.0384, 1.7489,0.1649,0.1916,3.6249,7.2742
2023-02-01,13.2790,664645.1882, 97331.3665,46939.0634,25487.7005,22223.9749,201.7527,1720.0598,326.9305,370.6568, 61.2278,30107.9657,5422.8397,2263.4705,1723.0908,1408.7430, 4.4113,3.1695,0.7437,14.9905,4.2202,14.9822,13.3446,11.6341,20.7901, 9.7263, 63.7100, 14.0641,-11.0967, -7.5755,-12.5836, 17.5207,  8.8053, -0.9775, 23.4223, 10.1925,327.3070, 25.1979, -2.9349,  6.0260,-18.3856, 1.5035, 0.0579,-1.4521, 6.6306,-3.1362, 44.5193,  0.6931,-21.5183,-18.4099,-22.8309,  3.7445, -3.9493,-12.5853,  8.9543, -2.7247,277.2164, 10.5217,-14.3133, -6.4028,-27.9528,4.8221,6.7605,6.3388, 2.1865,0.1843,0.2275,4.0443,6.8927
2023-03-01,13.3443,664739.0947, 97812.8501,47154.3308,25695.2553,22257.9893,208.4741,1740.3260,328.3962,367.4387, 60.6396,31520.1792,5400.2799,2332.7612,1728.5725,1310.5138, 4.8073,4.0508,0.9184,14.4301,4.2258,13.4946,12.4543,11.0580,19.1948, 8.7055, 61.5384, 14.3865,-11.7485, -7.3954,-11.6820, 27.4504, 12.8960,  2.4159, 29.8739, 13.8288,312.4902, 41.9311,  3.8410,  3.8471, -8.4130, 0.1326,-0.7853,-2.0172, 5.1617,-4.0927, 42.5201,  0.9194,-22.1386,-18.2980,-22.0799, 12.4453, -0.3955, -9.6418, 14.5835,  0.4274,263.9267, 25.2212, -8.3845, -8.3791,-19.1958,4.9471,6.7272,5.8878, 2.3060,0.2328,0.2797,3.9272,6.9687
2023-04-01,12.8229,669265.6900, 98152.7561,47285.9652,25883.2584,22261.7995,212.5575,1756.3026,328.7373,363.9631, 60.1726,33813.2038,5907.9156,2471.7352,1912.2931,1493.6672, 5.6875,4.0964,1.1912,14.5944,4.6507,12.2811,11.7170,10.4350,18.1788, 7.8927, 59.2388, 14.5032,-13.2711, -6.9653,-11.3063, 34.0285, 17.2176,  6.9196, 33.2013, 17.5706,372.2331, 28.5980, 24.0551, 18.5159,  0.9440,-0.4802,-0.9802,-2.1164, 4.7472,-4.3698, 41.1405,  1.4893,-23.1282,-17.5392,-21.3868, 18.7955,  3.8953, -5.2324, 18.0623,  4.2081,318.5615, 13.9822,  9.9556,  5.0460,-10.5288,5.2272,7.3881,6.7096, 2.6758,0.2332,0.3624,4.0099,7.7289
2023-05-01,12.3603,670459.6945, 98749.2836,47407.0557,26331.8800,22267.5528,217.4336,1771.6006,333.6900,360.2460, 59.8248,34331.3156,5825.5279,2454.2939,1876.2645,1465.7070, 6.8616,4.8633,1.4309,11.6219,4.4847,10.7507,10.9640, 9.4682,18.0768, 6.7832, 52.3187, 14.4036,-13.0215, -7.5906,-10.6947, 35.7525, 18.6848,  7.4421, 35.1496, 20.7002,603.2739, 74.3233, 93.1162, -9.2646,  7.5770,-1.4325,-1.2426,-2.5740, 5.0877,-4.9635, 35.5628,  1.8186,-22.5896,-17.7561,-20.5188, 20.8189,  5.6288, -4.3771, 20.2824,  7.4225,525.9098, 55.1468, 71.8723,-19.2460, -4.2571,5.1771,7.1254,6.5823, 3.1557,0.2745,0.4288,3.2261,7.4965
2023-06-01,12.1296,672506.5393, 99388.9983,47571.8425,27037.9196,22043.2463,219.5513,1768.1839,330.7824,357.8610, 59.6115,35153.1484,6088.1954,2540.5165,1980.7688,1539.2015, 6.3581,3.8895,1.2964,11.6819,4.4827, 9.0784,10.3376, 8.6808,19.1394, 4.5631, 45.9467, 14.2232,-12.3020, -7.7035, -9.8696, 38.1937, 21.7718, 11.4899, 40.6608, 19.4279,322.6736, 30.4728, 75.8120,-19.1356,  3.9692,-2.7212,-1.5982,-3.0758, 6.2515,-6.7480, 30.1589,  1.8671,-21.7888,-17.6876,-19.6194, 23.2446,  8.5991, -0.5705, 25.4448,  6.5088,276.9509, 16.3589, 56.7935,-27.8831, -7.2777,5.3404,7.3259,6.9826, 2.8960,0.2200,0.3919,3.2644,7.5199
2023-07-01,11.7849,670385.8229, 99867.1295,47651.2048,27489.5955,21976.0569,224.0883,1772.9953,329.3603,360.7284, 63.1000,36294.2778,6127.3683,2580.0510,1985.2458,1531.9458, 6.1594,4.6934,1.0638,13.5422,4.6668, 7.4453, 9.5665, 7.7691,19.0542, 3.2736, 40.3831, 10.3159, -3.4438, -7.1515, -3.8126, 42.7774, 22.0150, 12.9727, 37.1781, 20.9565,341.5209, 64.8192,  6.1464, -8.4720,  9.4732,-3.8821,-1.9846,-3.5925, 6.5029,-7.6141, 25.5833, -1.3141,-13.6233,-16.9401,-13.9532, 27.7251,  9.1516,  1.0625, 22.7161,  8.2047,294.9736, 47.4432, -5.0441,-18.1214, -2.0680,5.4145,7.2218,6.9710, 2.7486,0.2647,0.3230,3.7541,7.3959
2023-08-01,11.4273,672790.4924,100671.8325,47845.5518,28087.4162,21956.5775,229.2545,1795.9356,334.8029,359.6733, 62.6208,36315.0971,6356.5435,2637.4668,2095.0669,1592.0623, 7.2210,4.8920,1.0534,14.3787,4.4024, 6.5001, 9.1416, 7.1168,19.4125, 2.3087, 38.3034,  9.8833, -1.4705, -6.7406, -3.4485, 42.6499, 28.9849, 19.8685, 45.6045, 25.7346,254.9947, 66.1666, 46.8828, 10.0110, 10.6067,-4.4219,-2.0513,-3.8684, 7.1662,-8.1835, 24.1198, -1.3857,-11.5751,-16.3047,-13.3503, 28.0205, 15.7570,  7.5755, 30.6722, 12.8400,218.5885, 49.1255, 31.8193, -1.2711, -0.7365,5.5125,7.4591,7.2510, 3.1498,0.2724,0.3146,3.9977,7.0302
2023-09-01,10.9943,675187.3953,101593.7101,48058.0892,28749.0054,21979.9678,236.6063,1809.4318,340.6451,357.8195, 62.1451,36634.9450,6565.2638,2699.6034,2189.6042,1644.1454, 7.1363,4.7229,1.5095,14.0432,4.4988, 5.4626, 8.8238, 6.4513,19.9840, 1.6053, 37.8234,  9.1705,  0.1768, -6.6589, -3.8036, 41.4500, 29.8392, 20.7886, 44.5639, 27.9954,407.1081, 18.4832,131.0468, 13.6226, 15.1601,-4.9838,-1.9555,-4.0930, 8.0992,-8.4590, 24.1716, -1.6431, -9.7460,-15.9046,-13.3321, 27.4389, 16.9782,  8.8241, 30.2445, 15.3171,356.8775,  6.7470,108.1609,  2.3680,  3.7532,5.6174,7.6163,7.4802, 3.0161,0.2610,0.4431,3.9247,7.2393
2023-10-01,10.4786,676150.6658,102538.9001,48257.9429,29484.1467,21969.7879,240.5266,1829.3766,343.4279,352.2017, 61.4898,38453.0380,6771.0233,2781.5393,2248.7103,1709.5139, 8.6092,4.5294,1.0222,12.5961,4.5029, 4.2346, 8.6331, 5.8281,20.9452, 0.8969, 33.4773,  9.3610,  0.9659, -7.3969, -3.5151, 44.0353, 31.7500, 21.2299, 44.7904, 34.7309,287.4522, 28.2870, 40.3215,  1.3925, 11.3283,-5.6518,-1.6705,-4.2094, 9.4738,-8.6729, 20.8173, -1.0116, -8.6105,-16.1800,-12.6664, 30.3739, 19.2538,  9.7315, 31.0574, 21.9520,250.7033, 16.1193, 27.0124, -8.2243,  0.7691,5.7639,7.6268,7.7812, 3.5793,0.2476,0.2976,3.5764,7.3229
2023-11-01,10.1486,676887.1826,103578.9690,48512.5757,30237.7700,21972.4960,245.2592,1834.3343,349.8173,363.3830, 63.3334,39484.4688,7419.2080,3023.4444,2490.5498,1873.1339, 8.5550,4.3523,1.1721,13.3477,4.6528, 3.2471, 8.4465, 5.2919,21.7949, 0.1072, 31.1757,  8.4251,  2.9113, -4.3001,  0.4667, 43.6667, 40.3955, 31.7486, 53.1248, 39.9049,279.1654, 26.3022, 80.5998, -3.8366, 14.3273,-6.2657,-1.5453,-4.4093,10.5732,-9.1162, 19.0897, -1.5647, -6.5705,-13.1175, -8.7899, 30.4298, 27.4601, 19.6099, 39.0165, 27.0147,244.2307, 14.6653, 63.9601,-12.6966,  3.7937,6.2323,8.2366,8.5249, 3.4881,0.2373,0.3351,3.6732,7.3465
2023-12-01, 9.2760,673654.5644,104555.7248,48774.0775,30996.9637,21955.7748,249.9404,1814.0489,342.3012,359.9010, 62.7172,37529.5268,6990.2239,2864.6302,2395.5503,1698.4955, 8.6040,4.0968,1.4389,12.8040,4.6041, 1.8892, 8.2760, 4.5448,23.4350,-0.8668, 28.7983,  7.5337,  4.0778, -4.8801,  0.5849, 39.6923, 40.1502, 34.1329, 50.1961, 37.6357,245.9387, 71.3919,144.8356, -3.1080,  6.5443,-6.7598,-0.9152,-4.3297,12.9570,-9.2818, 17.8651, -1.5944, -4.7570,-12.9545, -7.9533, 27.8343, 28.2534, 22.7468, 37.4465, 25.9523,216.5732, 56.8431,124.0524,-11.3328, -2.4998,5.8733,7.7283,7.7360, 3.4424,0.2258,0.4204,3.5576,7.3411
2024-01-01, 8.3466,672375.1561,105111.2514,48798.2025,31571.9185,21889.2558,254.8271,1828.5616,347.3474,358.5068, 62.6316,38589.3572,7234.0862,2908.3634,2426.5527,1865.5070, 9.9752,4.6467,1.2894,12.9794,4.7724, 1.9413, 8.5373, 4.3374,24.9887,-1.2139, 29.1531,  7.7817,  6.6668, -4.2496,  1.1758, 34.1661, 37.3021, 29.8044, 45.7210, 39.4237,189.0767, 66.1435,106.6084, -4.3671,  5.9820,-5.9118, 0.1760,-3.7003,15.3601,-8.8239, 19.2037, -0.5213, -1.5503,-11.6259, -6.6183, 23.8305, 26.7249, 19.8048, 34.4953, 28.6831,166.8075, 53.3445, 90.6922,-11.7342, -2.1824,5.9600,7.6858,8.5225, 3.9145,0.2541,0.3712,3.6204,7.6197
2024-02-01, 7.7374,674571.1942,105671.1959,48884.2739,32061.4230,21837.1098,261.2168,1851.0195,359.6593,354.9756, 61.5179,38523.3177,7325.7783,2929.7564,2467.2959,1891.7118,12.9296,4.8949,1.5612,13.0385,4.5901, 1.4934, 8.5685, 4.1441,25.7917,-1.7408, 29.4737,  7.6137, 10.0109, -4.2307,  0.4738, 27.9506, 35.0912, 29.4365, 43.1901, 34.2837,193.0989, 54.4356,109.9050,-13.0219,  8.7634,-5.7955, 0.7714,-3.3352,16.7578,-8.7974, 20.1753, -0.1148,  2.1103,-11.1085, -6.7419, 18.7616, 25.3893, 20.1407, 32.9066, 24.6398,172.0495, 43.3445, 94.8302,-19.2684,  0.9523,5.9932,7.6955,8.6628, 4.9498,0.2644,0.4341,3.6731,7.4614
2024-03-01, 7.3627,675346.8054,105732.7850,48686.9345,32428.8819,21710.3110,265.5918,1867.1330,364.9705,348.0040, 60.9582,39128.0739,7495.8358,3085.8059,2565.5765,1808.4778,12.2743,5.7573,1.5482,12.1660,4.2298, 1.5958, 8.0970, 3.2502,26.2057,-2.4606, 27.3980,  7.2864, 11.1372, -5.2892,  0.5255, 24.1366, 38.8046, 32.2813, 48.4217, 37.9976,155.3250, 42.1288, 68.5730,-15.6901,  0.0932,-5.3714, 0.6840,-3.8305,17.5508,-9.1496, 18.6613, -0.0711,  3.5157,-11.7843, -6.3683, 15.6236, 29.2857, 23.2097, 38.2433, 28.5341,137.8154, 32.3819, 57.0126,-21.4718, -6.7710,6.3381,7.9114,8.3300, 4.6215,0.3084,0.4242,3.4959,6.9388
2024-04-01, 7.1633,675550.7264,106236.9028,48777.4716,32877.5468,21637.1928,271.9288,1895.9855,367.9040,347.9127, 60.9605,39670.5167,7616.5933,3022.6198,2594.8412,1956.8972,15.6959,5.4448,1.8330,14.5118,4.7495, 0.9391, 8.2363, 3.1542,27.0224,-2.8057, 27.9319,  7.9532, 11.9143, -4.4099,  1.3095, 17.3226, 28.9218, 22.2874, 35.6927, 31.0129,175.9708, 32.9171, 53.8739, -0.5658,  2.1252,-5.8081, 1.0013,-3.7411,18.5317,-9.3026, 19.3803,  0.7372,  4.4334,-10.7996, -5.4625,  9.4802, 20.3041, 14.1131, 26.6223, 22.2554,157.5237, 24.0323, 43.5883, -7.2124, -4.7013,6.1968,7.8924,9.0441, 5.7721,0.2872,0.4982,4.1711,7.7911
2024-05-01, 7.1569,677352.2663,106961.2060,48981.3097,33399.1630,21583.8118,277.7656,1936.8130,376.5909,345.5838, 60.1683,39315.6619,7757.0717,3117.3916,2706.4133,1889.3654,16.2120,5.6192,1.4877,15.7919,4.7906, 1.0280, 8.3159, 3.3207,26.8393,-3.0706, 27.7473,  9.3256, 12.8565, -4.0701,  0.5742, 14.5184, 33.1565, 27.0179, 44.2448, 28.9047,136.2708, 15.5428,  3.9646, 35.8805,  6.8210,-5.7195, 1.0816,-3.5800,18.3678,-9.5444, 19.2151,  2.0238,  5.3189,-10.4771, -6.1430,  6.8698, 24.2631, 18.5344, 34.6108, 20.2953,120.4905,  7.8258, -2.9791, 26.8052, -0.3135,6.3645,8.1032,8.7536, 5.8366,0.2901,0.3950,4.5696,7.9621
2024-06-01, 7.1825,682345.2733,107470.5421,49118.9745,33819.1074,21526.5198,285.1636,1942.2369,378.1285,341.0686, 59.3428,39268.0139,7986.1063,3167.8536,2795.2240,1978.5961,17.3820,4.8417,1.5639,16.2835,4.3615, 1.4630, 8.1312, 3.2522,25.0803,-2.3441, 29.8847,  9.8436, 14.3134, -4.6924, -0.4507, 11.7055, 31.1736, 24.6933, 41.1181, 28.5469,173.3819, 24.4805, 20.6316, 39.3913, -2.7048,-5.3362, 0.8852,-3.6669,16.6985,-8.8882, 21.1809,  2.4828,  6.6531,-11.0791, -7.1217,  4.2200, 22.3835, 16.3374, 31.6616, 19.9328,155.0621, 16.1389, 12.5479, 30.0505, -9.2248,6.4493,8.2652,9.1914, 6.0954,0.2493,0.4136,4.7743,7.3496
2024-07-01, 6.8600,681852.4563,107958.5372,49077.6017,34391.6592,21469.2306,292.2414,1943.1394,388.5495,337.8050, 58.3106,38874.5126,7641.2520,3036.9977,2651.9587,1909.8369,17.0060,3.9698,1.6358,15.4651,4.3820, 1.7105, 8.1022, 2.9934,25.1079,-2.3063, 30.4135,  9.5964, 17.9709, -6.3548, -7.5901,  7.1092, 24.7069, 17.7108, 33.5834, 24.6674,176.0991,-15.4157, 53.7601, 14.1989, -6.1037,-4.8190, 1.1624,-3.6184,17.0764,-8.5779, 22.0414,  2.5607, 10.3976,-12.3665,-13.5225,  0.2332, 16.7012, 10.1541, 25.0078, 16.6642,158.3745,-20.8457, 43.8893,  6.8677,-12.1315,6.1882,7.7111,8.8957, 5.8192,0.2043,0.4210,4.5781,7.5149
2024-08-01, 6.1204,682266.9816,108730.8837,49267.8901,34975.2425,21413.3562,297.0386,1983.3957,397.4906,337.0759, 59.3941,38913.2164,7908.5521,3129.9858,2813.0215,1922.9806,17.2301,3.4446,1.6579,15.9548,4.2767, 1.4085, 8.0053, 2.9728,24.5228,-2.4741, 29.5672, 10.4380, 18.7238, -6.2828, -5.1528,  7.1544, 24.4159, 18.6739, 34.2688, 20.7855,138.6118,-29.5869, 57.3846, 10.9616, -2.8549,-4.4402, 1.7761,-2.9661,17.3410,-8.0988, 22.0945,  4.0686, 11.8764,-11.6879,-10.6230,  0.9743, 17.2403, 11.8295, 26.5249, 13.8193,124.8500,-33.6479, 48.3075,  4.5619, -8.4577,6.3530,8.0429,8.9803, 5.8006,0.1737,0.4171,4.7333,7.2005
2024-09-01, 5.8088,683396.4178,109564.2248,49538.2652,35561.5021,21353.0961,303.6917,2009.1056,405.9421,333.9443, 58.6776,38985.0920,8105.3358,3186.2569,2894.4298,1981.1210,19.2912,4.4919,1.6784,13.8529,4.2135, 1.2158, 7.8455, 3.0800,23.6965,-2.8520, 28.3532, 11.0352, 19.1687, -6.6724, -5.5797,  6.4150, 23.4579, 18.0269, 32.1896, 20.4955,170.3255, -4.8895, 11.1865, -1.3548, -6.3431,-4.3408, 1.9249,-2.5790,16.9057,-8.1853, 21.3067,  4.9395, 12.6264,-11.7960,-10.7633,  0.5730, 16.6802, 11.5473, 24.9326, 13.8804,155.4849,-10.1109,  5.0825, -6.7703,-11.4847,6.4319,8.1392,9.2779, 6.3522,0.2236,0.4135,4.1483,7.1807
2024-10-01, 5.4061,687199.1495,110433.5353,49704.4025,36331.3187,21247.5585,309.8630,2036.7098,416.5180,329.2096, 57.9552,38644.0304,8026.6093,3143.4205,2903.9824,1933.2172,20.2735,5.1599,1.7387,14.3298,4.4874, 1.6340, 7.6992, 2.9974,23.2232,-3.2874, 28.8269, 11.3335, 21.2825, -6.5281, -5.7483,  0.4967, 18.5435, 13.0101, 29.1399, 13.0858,135.4862, 13.9180, 70.0984, 13.7636, -0.3435,-3.5786, 2.1754,-2.2852,16.9033,-8.2476, 22.2196,  5.6234, 15.0621,-11.3221,-10.5824, -4.6576, 12.4636,  7.2140, 22.5165,  7.2858,123.4084,  8.0753, 61.3743,  7.9288, -5.4547,6.3242,7.9931,9.0985, 6.5427,0.2533,0.4174,4.3528,7.7429
2024-11-01, 5.1974,694457.8460,111581.0326,50084.7336,37049.8700,21259.5165,315.9336,2065.3722,423.6339,324.3786, 57.5941,39096.5507,8192.8366,3166.7077,2988.5859,1993.4994,19.4166,4.4850,1.7183,13.7238,4.6999, 2.5958, 7.7256, 3.2407,22.5284,-3.2449, 28.8162, 12.5952, 21.1015,-10.7337, -9.0620, -0.9825, 10.4274,  4.7384, 19.9970,  6.4259,126.9618,  3.0489, 46.6025,  2.8178,  1.0126,-2.4730, 2.4033,-1.8600,16.4748,-8.0251, 22.4520,  7.0323, 15.1184,-15.1440,-13.5549, -5.8745,  4.9716, -0.4363, 14.0685,  1.1678,115.7486, -2.0423, 39.3595, -2.2620, -3.9780,6.3227,8.0664,9.3770, 6.1458,0.2172,0.4056,4.2308,8.1604
2024-12-01, 5.2031,696841.1874,112947.7663,50690.2817,37789.4249,21295.3590,325.8815,2050.6106,417.8720,321.8813, 56.4552,36453.3635,7639.2543,2975.4237,2768.4052,1852.9748,18.0508,4.8045,1.6691,13.3148,4.6114, 3.4419, 8.0264, 3.9287,21.9133,-3.0079, 30.3837, 13.0405, 22.0773,-10.5639, -9.9845, -2.8675,  9.2848,  3.8676, 15.5645,  9.0951,109.7947, 17.2733, 16.0013,  3.9897,  0.1580,-1.6740, 2.6837,-1.2113,15.8838,-7.8049, 23.9353,  7.4499, 16.0396,-14.9872,-14.4364, -7.6714,  3.8799, -1.2694,  9.8490,  3.6995, 99.4188, 11.4733, 10.2642, -1.1534, -4.7956,5.8698,7.3259,8.7013, 5.5391,0.2343,0.3994,4.1366,8.1682
2025-01-01, 5.2230,695316.6445,113710.0829,50926.8007,38315.4694,21278.4027,338.5263,2058.5840,419.0428,317.3081, 55.9488,36866.2629,7937.1794,3077.7740,2884.2472,1930.3347,19.2203,3.6744,1.8507,15.5495,4.5286, 3.4120, 8.1807, 4.3620,21.3593,-2.7907, 32.8455, 12.5794, 20.6408,-11.4917,-10.6701, -4.4652,  9.7192,  5.8249, 18.8619,  3.4751, 92.6802,-20.9252, 43.5349, 19.8014, -5.1083,-1.7211, 2.8109,-0.8182,15.3354,-7.6159, 26.2514,  6.9913, 14.6526,-15.8850,-15.1042, -9.2073,  4.2730,  0.5721, 12.9619, -1.6611, 83.1161,-24.8503, 36.4102, 13.8548, -9.8184,6.0435,7.5276,9.0718, 5.6776,0.1785,0.4416,4.9004,8.0941
2025-02-01, 5.2766,701027.6575,114908.8751,51374.4646,39015.2189,21299.8394,350.2684,2069.4755,424.2229,318.5535, 56.8320,36875.0706,7938.3373,3046.5816,2892.9172,1953.9735,19.7115,4.0785,1.7618,14.6949,4.6184, 3.9220, 8.7419, 5.0941,21.6890,-2.4604, 34.0911, 11.8019, 17.9513,-10.2605, -7.6172, -4.2786,  8.3617,  3.9875, 17.2505,  3.2913, 52.4523,-16.6781, 12.8533, 12.7041,  0.6182,-1.2867, 3.2916,-0.1734,15.5898,-7.3492, 27.3703,  6.1983, 12.0394,-14.7583,-12.2476, -9.0762,  2.9305, -1.2244, 11.3738, -1.8858, 44.8112,-20.8543,  7.1970,  7.0552, -4.4250,5.9301,7.4148,9.1737, 5.6275,0.1971,0.4153,4.6130,8.1265
2025-03-01, 5.0900,703665.6945,115653.6637,51615.9303,39471.0628,21319.9536,363.2788,2080.2274,433.9396,313.8172, 55.4539,36647.3954,7892.9947,3110.6902,2895.4574,1841.1827,21.0286,4.1359,1.9477,14.2513,4.3009, 4.1932, 9.3830, 6.0160,21.7158,-1.7980, 36.7809, 11.4129, 18.8972, -9.8237, -9.0297, -6.3399,  5.2984,  0.8064, 12.8580,  1.8084, 71.3221,-28.1630, 25.8033, 17.1403,  1.6822,-0.8533, 4.0850, 0.8811,15.8205,-6.5544, 30.1559,  6.0167, 13.1384,-14.1913,-13.4358,-10.8763,  0.1983, -4.0761,  7.3917, -3.1226, 63.0242,-31.6424, 19.7101, 11.4667, -3.2428,6.0266,7.3356,8.6360, 5.7886,0.1988,0.4488,4.5413,7.7558
2025-04-01, 5.1623,706990.0862,116495.8817,51999.2631,39846.4896,21364.9163,375.5129,2104.4427,440.8342,309.3844, 55.0385,36693.8079,8082.5875,3087.2779,2958.5214,1991.3325,21.2777,3.7680,1.8607,14.4230,4.1265, 4.6539, 9.6567, 6.6051,21.1967,-1.2584, 38.0924, 10.9947, 19.8232,-11.0741, -9.7145, -7.5036,  6.1181,  2.1391, 14.0155,  1.7597, 35.5618,-30.7966,  1.5137, -0.6124,-13.1181,-0.4834, 4.2738, 1.3720,15.2473,-6.1055, 31.3136,  5.5461, 13.9412,-15.4394,-14.1465,-12.0441,  0.9089, -2.8747,  8.4186, -3.2356, 28.9072,-34.1937, -3.4695, -5.4912,-17.3830,5.9372,7.4248,9.3206, 5.6663,0.1790,0.4221,4.6618,7.4974
2025-05-01, 5.0521,712735.9791,117527.3075,52509.4940,40307.6098,21378.3390,391.9265,2131.1247,449.4282,304.5498, 54.8356,35460.2354,7934.1338,3083.3377,2984.8597,1818.4675,23.1438,5.2696,2.1846,12.6616,4.2092, 5.2238, 9.8784, 7.2031,20.6845,-0.9520, 41.0997, 10.0325, 19.3412,-11.8738, -8.8630, -9.8063,  2.2826, -1.0924, 10.2884, -3.7525, 42.7576, -6.2213, 46.8493,-19.8221,-12.1364, 0.1635, 4.5942, 2.0476,14.8806,-5.7153, 34.3140,  4.7409, 13.6019,-16.1119,-13.2459,-14.1439, -2.6363, -5.8490,  4.9845, -8.3812, 35.8922,-10.7313, 39.7871,-23.6779,-16.3619,5.8720,7.4052,8.5061, 5.9051,0.2473,0.4861,4.1575,7.6761
2025-06-01, 4.8201,716216.3585,118544.9536,52979.8442,40779.2533,21451.6160,403.7153,2125.7847,449.5095,301.2409, 53.9897,35583.0091,8129.2585,3133.3256,3046.8558,1900.3600,23.5569,4.8939,1.9826,14.3337,3.9499, 4.9639,10.3046, 7.8602,20.5805,-0.3480, 41.5732,  9.4503, 18.8774,-11.6773, -9.0206, -9.3842,  1.7925, -1.0899,  9.0022, -3.9541, 35.5250,  1.0783, 26.7740,-11.9745, -9.4362, 0.1372, 5.2323, 2.9004,15.0357,-4.9304, 35.0631,  4.4173, 13.4110,-15.7388,-13.2042,-13.5511, -2.8883, -5.6383,  3.9898, -8.3707, 29.2930, -3.5697, 20.9444,-16.0223,-13.6007,5.9142,7.4716,8.8588, 5.8350,0.2302,0.4411,4.7582,7.3160
2025-07-01, 4.9005,720473.8431,119621.5704,53431.9357,41315.2522,21505.6730,422.9515,2136.8707,454.1869,300.4402, 54.2601,34347.5739,7588.9068,2958.9270,2808.9509,1774.1582,21.6322,5.2432,2.0860,14.0222,3.8871, 5.6642,10.8033, 8.8723,20.1316, 0.1697, 44.7268,  9.9700, 16.8929,-11.0610, -6.9466,-11.6450, -0.6850, -2.5707,  5.9199, -7.1042, 27.2037, 32.0764, 27.5243, -9.3297,-11.2942, 0.7280, 5.6270, 3.7863,14.5196,-4.5097, 37.9658,  4.8327, 11.4322,-15.2159,-11.2936,-15.7725, -5.3246, -7.1221,  0.9718,-11.4439, 21.2613, 25.9064, 21.5670,-13.5654,-15.4381,5.5377,6.7988,8.2497, 5.1146,0.2454,0.4593,4.6672,7.1638
2025-08-01, 5.0956,723809.8456,120722.6685,53856.5813,41891.4741,21567.3166,436.4482,2159.6632,461.2633,296.6186, 53.3030,34492.5615,7898.3175,3084.6315,3011.8427,1753.2588,22.7119,6.0914,2.5027,13.5944,3.6841, 6.0889,11.0289, 9.3138,19.7746, 0.7190, 46.9332,  8.8872, 16.0438,-12.0024,-10.2554,-11.3603, -0.1294, -1.4490,  7.0679, -8.8260, 31.8151, 76.8376, 50.9494,-14.7943,-13.8561, 0.9452, 5.6456, 4.0137,13.9674,-4.1644, 39.8091,  3.6077, 10.4174,-16.2690,-14.6067,-15.6580, -4.9717, -6.2273,  1.8767,-13.2466, 25.4240, 68.2636, 43.6306,-18.9255,-18.0328,5.7275,7.1896,8.1292, 5.2038,0.2821,0.5426,4.5831,6.9116
2025-09-01, 5.1767,727918.6973,122064.6906,54373.4650,42608.8837,21645.6055,452.5804,2170.1123,467.0586,293.9511, 53.0341,34013.6147,7907.8245,3025.5213,3042.8618,1790.9494,23.4936,5.7409,2.5317,13.0397,3.6861, 6.5149,11.4093, 9.7605,19.8174, 1.3699, 49.0263,  8.0139, 15.0555,-11.9760, -9.6178,-12.7523, -2.4368, -5.0447,  5.1282, -9.5992, 21.7837, 27.8034, 50.8435, -5.8704,-12.5168, 1.2723, 5.9258, 4.3582,13.9201,-3.6195, 41.6913,  2.6975,  9.3925,-16.3085,-14.0663,-17.0465, -7.2388, -9.7183, -0.0462,-14.0487, 15.7896, 21.5130, 43.4191,-10.5034,-16.8226,5.5643,7.1414,8.2740, 5.1910,0.2645,0.5421,4.4360,6.9504
2025-10-01, 5.5122,732286.5146,123483.7816,54939.5335,43328.1385,21731.2813,471.4421,2193.5853,470.9148,295.2328, 53.6535,33462.3469,7970.1772,3102.7548,3116.1027,1705.2053,21.2587,6.7209,2.5264,11.6948,3.9135, 6.5610,11.8173,10.5325,19.2584, 2.2766, 52.1453,  7.7024, 13.0599,-10.3207, -7.4225,-13.4088, -0.7031, -1.2937,  7.3045,-11.7944,  4.8596, 30.2536, 45.3092,-18.3879,-12.7886, 0.9940, 5.9757, 4.7580,13.0280,-3.0666, 44.1969,  2.0757,  7.1533,-15.0058,-12.2589,-17.9325, -5.8906, -6.4503,  1.6986,-16.4025, -0.6185, 23.4488, 37.7178,-22.6516,-17.3448,5.6476,7.1919,7.8468, 4.5093,0.3064,0.5365,3.9612,7.2941
2025-11-01, 5.3011,741776.4090,124840.6445,55438.2273,44092.4544,21784.7684,491.3180,2210.9421,477.5765,292.1894, 53.1684,33982.4348,8303.1749,3169.1861,3274.3069,1807.5586,24.2873,7.8206,2.7353,13.6867,3.5933, 6.8137,11.8834,10.6889,19.0084, 2.4707, 55.5130,  7.0481, 12.7333, -9.9233, -7.6843,-13.0807,  1.3468,  0.0783,  9.5604, -9.3274, 25.0858, 74.3711, 59.1870, -0.2701,-23.5456, 1.4365, 6.2510, 5.1166,13.0173,-2.6879, 47.6842,  1.6591,  7.0581,-14.4580,-12.3316,-17.4564, -3.7552, -4.9599,  4.0449,-13.8920, 18.7887, 65.5929, 51.1732, -5.2907,-27.3945,5.7166,7.4260,8.2974, 4.9433,0.3537,0.5727,4.6842,6.7583
2025-12-01, 5.0999,749486.3680,126467.8698,56061.8762,45016.9619,21887.1781,513.5299,2180.6089,467.7871,287.5952, 52.3325,32520.8933,7695.3654,2949.0679,3034.9021,1665.0221,22.4406,5.8503,2.6168,11.8583,3.6073, 7.5548,11.9702,10.5969,19.1258, 2.7791, 57.5818,  6.3395, 11.9451,-10.6518, -7.3027,-10.7877,  0.7345, -0.8858,  9.6264,-10.1433, 24.3191, 21.7676, 56.7808,-10.9392,-21.7740, 2.3358, 6.5370, 5.2303,13.3453,-2.2082, 49.9353,  1.1795,  6.5130,-14.9873,-11.8008,-15.1166, -4.1535, -5.6952,  4.3068,-14.5035, 18.2866, 15.8590, 49.1732,-15.2608,-25.5699,5.2604,6.7417,7.6073, 4.3699,0.2683,0.5594,4.1233,6.8931
2026-01-01, 5.3536,753522.3154,127414.6854,56297.9743,45700.9705,21922.0360,537.4338,2152.5999,468.8961,283.2796, 51.4951,33505.5468,8115.8253,3146.3172,3197.5779,1723.0981,24.3516,6.7228,2.4527,11.5724,3.7327, 8.3711,12.0522,10.5469,19.2755, 3.0248, 58.7569,  4.5670, 11.8969,-10.7241, -7.9602, -9.1160,  2.2507,  2.2270, 10.8635,-10.7358, 26.6974, 82.9630, 32.5262,-25.5768,-17.5752, 2.8642, 6.3582, 4.9294,13.2145,-2.2104, 50.6896, -0.7466,  6.2108,-15.2607,-12.6373,-13.7343, -2.9452, -2.9677,  5.2299,-15.2718, 20.2592, 73.6656, 25.7918,-29.3586,-21.7636,5.5887,6.9967,7.8601, 4.5311,0.3123,0.5231,4.0852,7.2486
