fecha,inflacion,bruta_total,bruta_microcredito,bruta_smml_25,bruta_smml_25_y_120,vencida_total,vencida_microcredito,vencida_smml_25,vencida_smml_25_y_120,gr_bruta_total,gr_bruta_microcredito,gr_bruta_smml_25,gr_bruta_smml_25_y_120,gr_vencida_total,gr_vencida_microcredito,gr_vencida_smml_25,gr_vencida_smml_25_y_120,rgr_bruta_total,rgr_bruta_microcredito,rgr_bruta_smml_25,rgr_bruta_smml_25_y_120,rgr_vencida_total,rgr_vencida_microcredito,rgr_vencida_smml_25,rgr_vencida_smml_25_y_120,npl_smml_25,npl_smml_25_y_120
2015-01-01, 3.8207,329380.8053, 9132.6795, 6740.9979,2391.6817,11282.9705, 726.7663, 486.5019,240.2644,,,,,,,,,,,,,,,,, 7.2171,10.0458
2015-02-01, 4.3560,334196.9318,10104.1012, 7769.9680,2334.1332,11345.3807, 694.0908, 468.3060,225.7848,,,,,,,,,,,,,,,,, 6.0271, 9.6732
2015-03-01, 4.5552,339422.2683,10171.6879, 7664.2858,2507.4021,11421.7059, 713.8312, 478.7509,235.0803,,,,,,,,,,,,,,,,, 6.2465, 9.3755
2015-04-01, 4.6378,340724.4040,10241.9790, 7713.5134,2528.4656,11875.0684, 710.3867, 466.0169,244.3698,,,,,,,,,,,,,,,,, 6.0416, 9.6647
2015-05-01, 4.4080,346790.8980,10271.8833, 7873.5057,2398.3776,12129.4856, 633.7406, 455.0860,178.6546,,,,,,,,,,,,,,,,, 5.7800, 7.4490
2015-06-01, 4.4203,351808.3886,10322.6997, 7689.5808,2633.1189,12352.7300, 655.5419, 473.1333,182.4086,,,,,,,,,,,,,,,,, 6.1529, 6.9275
2015-07-01, 4.4557,357160.3173,10388.7468, 7696.5404,2692.2064,12169.8987, 660.9111, 479.8498,181.0612,,,,,,,,,,,,,,,,, 6.2346, 6.7254
2015-08-01, 4.7443,365425.4512,10376.1807, 7648.2627,2727.9181,12490.9325, 660.2923, 481.7577,178.5346,,,,,,,,,,,,,,,,, 6.2989, 6.5447
2015-09-01, 5.3507,367407.0694,10447.3113, 7654.6720,2792.6394,12475.9669, 663.4571, 486.8742,176.5829,,,,,,,,,,,,,,,,, 6.3605, 6.3232
2015-10-01, 5.8948,369874.1708,10516.3631, 7861.4525,2654.9106,12442.8618, 673.5823, 497.5165,176.0658,,,,,,,,,,,,,,,,, 6.3286, 6.6317
2015-11-01, 6.3931,375834.6122,10567.4761, 7867.7393,2699.7369,12966.1768, 696.2413, 514.4158,181.8255,,,,,,,,,,,,,,,,, 6.5383, 6.7349
2015-12-01, 6.7691,377193.8127,10554.0720, 7823.6888,2730.3832,12125.1587, 682.9220, 504.1518,178.7702,,,,,,,,,,,,,,,,, 6.4439, 6.5474
2016-01-01, 7.4547,379547.1332,10521.1158, 7624.3956,2896.7201,13102.0078, 708.5459, 523.7419,184.8039,15.2305,15.2029,13.1049,21.1165, 16.1220, -2.5071,  7.6547,-23.0831, 7.2363, 7.2107,  5.2581,12.7139,  8.0659, -9.2707,  0.1860,-28.4192, 6.8693, 6.3798
2016-02-01, 7.5929,384011.2000,10563.6784, 7624.9665,2938.7120,13372.0101, 716.3217, 529.9101,186.4116,14.9057, 4.5484,-1.8662,25.9016, 17.8630,  3.2029, 13.1547,-17.4384, 6.7967,-2.8296, -8.7915,17.0167,  9.5454, -4.0802,  5.1693,-23.2648, 6.9497, 6.3433
2016-03-01, 7.9756,383789.1197,10582.3623, 7609.6212,2972.7411,13735.1344, 734.8050, 542.0484,192.7567,13.0713, 4.0374,-0.7132,18.5586, 20.2547,  2.9382, 13.2214,-18.0039, 4.7193,-3.6473, -8.0471, 9.8013, 11.3720, -4.6653,  4.8583,-24.0606, 7.1232, 6.4841
2016-04-01, 7.9316,386011.6377,10685.4027, 7844.5016,2840.9011,14039.6594, 737.7568, 545.8842,191.8725,13.2915, 4.3295, 1.6982,12.3567, 18.2280,  3.8528, 17.1383,-21.4827, 4.9660,-3.3374, -5.7754, 4.0999,  9.5398, -3.7790,  8.5301,-27.2527, 6.9588, 6.7539
2016-05-01, 8.1972,391573.5746,10754.0340, 7648.3867,3105.6473,14262.3630, 758.3995, 561.9976,196.4019,12.9135, 4.6939,-2.8592,29.4895, 17.5842, 19.6703, 23.4926,  9.9339, 4.3589,-3.2379,-10.2188,19.6792,  8.6758, 10.6039, 14.1366,  1.6051, 7.3479, 6.3240
2016-06-01, 8.6022,393341.3221,10781.7308, 7627.5019,3154.2289,13751.4313, 764.0979, 562.4559,201.6420,11.8056, 4.4468,-0.8073,19.7906, 11.3230, 16.5597, 18.8789, 10.5442, 2.9496,-3.8262, -8.6642,10.3022,  2.5053,  7.3272,  9.4628,  1.7881, 7.3741, 6.3928
2016-07-01, 8.9650,397225.6559,10851.5892, 7632.3531,3219.2361,14728.0866, 777.2352, 568.4857,208.7494,11.2177, 4.4552,-0.8340,19.5761, 21.0206, 17.6006, 18.4716, 15.2922, 2.0674,-4.1388, -8.9928, 9.7381, 11.0637,  7.9250,  8.7244,  5.8066, 7.4484, 6.4844
2016-08-01, 8.0976,398893.3736,10993.7012, 7676.9758,3316.7254,14713.4765, 781.8115, 570.0943,211.7172, 9.1586, 5.9513, 0.3754,21.5845, 17.7933, 18.4038, 18.3363, 18.5861, 0.9816,-1.9855, -7.1437,12.4766,  8.9694,  9.5342,  9.4718,  9.7028, 7.4260, 6.3833
2016-09-01, 7.2729,400344.6185,11106.1503, 7696.0351,3410.1152,14798.8557, 771.2224, 556.8259,214.3965, 8.9649, 6.3063, 0.5404,22.1108, 18.6189, 16.2430, 14.3675, 21.4141, 1.5773,-0.9010, -6.2760,13.8320, 10.5768,  8.3620,  6.6136, 13.1825, 7.2352, 6.2871
2016-10-01, 6.4823,402538.3136,11166.3341, 7661.8291,3504.5050,15561.4901, 798.2739, 571.8250,226.4489, 8.8311, 6.1806,-2.5393,32.0009, 25.0636, 18.5117, 14.9359, 28.6161, 2.2059,-0.2833, -8.4723,23.9651, 17.4502, 11.2971,  7.9390, 20.7864, 7.4633, 6.4617
2016-11-01, 5.9625,406887.3891,11233.8218, 7682.4711,3551.3508,15914.1798, 824.3303, 588.1213,236.2090, 8.2624, 6.3056,-2.3548,31.5443, 22.7361, 18.3972, 14.3280, 29.9097, 2.1704, 0.3238, -7.8493,24.1423, 15.8297, 11.7350,  7.8948, 22.5997, 7.6554, 6.6512
2016-12-01, 5.7474,406745.4034,11257.4695, 7663.9505,3593.5190,14612.6541, 811.4058, 574.0770,237.3287, 7.8346, 6.6647,-2.0417,31.6123, 20.5152, 18.8138, 13.8699, 32.7563, 1.9737, 0.8674, -7.3658,24.4591, 13.9651, 12.3563,  7.6810, 25.5410, 7.4906, 6.6044
2017-01-01, 5.4692,405034.0892,11294.3371, 7673.4283,3620.9088,17058.6239, 846.5375, 592.7712,253.7663, 6.7151, 7.3492, 0.6431,25.0003, 30.1985, 19.4753, 13.1800, 37.3165, 1.1813, 1.7826, -4.5758,18.5183, 23.4470, 13.2798,  7.3110, 30.1958, 7.7250, 7.0084
2017-02-01, 5.1840,408882.0412,11365.9069, 7777.9780,3587.9289,17467.3738, 866.6022, 611.1189,255.4833, 6.4766, 7.5942, 2.0067,22.0919, 30.6264, 20.9795, 15.3250, 37.0533, 1.2289, 2.2914, -3.0207,16.0746, 24.1885, 15.0170,  9.6412, 30.2987, 7.8570, 7.1206
2017-03-01, 4.6861,411228.6572,11441.1728, 7800.3625,3640.8103,18230.2553, 863.3506, 601.7693,261.5813, 7.1496, 8.1155, 2.5066,22.4732, 32.7272, 17.4938, 11.0176, 35.7054, 2.3533, 3.2759, -2.0819,16.9909, 26.7859, 12.2345,  6.0482, 29.6309, 7.7146, 7.1847
2017-04-01, 4.6627,414573.1293,11489.7059, 7746.8563,3742.8497,19499.2050, 901.8540, 622.9891,278.8649, 7.3991, 7.5271,-1.2448,31.7487, 38.8866, 22.2427, 14.1248, 45.3386, 2.6145, 2.7368, -5.6443,25.8792, 32.6992, 16.7968,  9.0405, 38.8638, 8.0418, 7.4506
2017-05-01, 4.3665,417543.1465,11539.2690, 7759.1820,3780.0871,19880.5845, 908.1473, 621.9323,286.2151, 6.6321, 7.3018, 1.4486,21.7166, 39.3919, 19.7452, 10.6646, 45.7292, 2.1708, 2.8124, -2.7958,16.6241, 33.5600, 14.7353,  6.0346, 39.6322, 8.0154, 7.5717
2017-06-01, 3.9874,421539.6573,11706.8258, 7822.4261,3884.3996,20160.9894, 906.2646, 610.8508,295.4138, 7.1689, 8.5802, 2.5555,23.1489, 46.6101, 18.6058,  8.6042, 46.5041, 3.0596, 4.4167, -1.3769,18.4268, 40.9884, 14.0579,  4.4398, 40.8864, 7.8090, 7.6051
2017-07-01, 3.3965,421906.7179,11816.7947, 7865.8572,3950.9374,20789.9802, 911.7658, 611.0657,300.7001, 6.2134, 8.8946, 3.0594,22.7290, 41.1587, 17.3089,  7.4901, 44.0484, 2.7243, 5.3174, -0.3261,18.6974, 36.5217, 13.4553,  3.9591, 39.3164, 7.7686, 7.6109
2017-08-01, 3.8737,422798.5050,11918.7202, 7916.1281,4002.5922,20972.9398, 919.9488, 616.2175,303.7313, 5.9929, 8.4141, 3.1152,20.6790, 42.5424, 17.6689,  8.0904, 43.4608, 2.0402, 4.3711, -0.7302,16.1787, 37.2267, 13.2808,  4.0595, 38.1109, 7.7843, 7.5884
2017-09-01, 3.9704,426023.9334,12014.5498, 7953.6025,4060.9473,21323.5605, 920.4626, 614.9655,305.4971, 6.4143, 8.1792, 3.3468,19.0853, 44.0893, 19.3511, 10.4413, 42.4916, 2.3505, 4.0481, -0.5999,14.5377, 38.5868, 14.7933,  6.2237, 37.0502, 7.7319, 7.5228
2017-10-01, 4.0501,427740.0806,12036.5899, 7941.1596,4095.4303,21380.4485, 905.5716, 596.4900,309.0816, 6.2607, 7.7936, 3.6457,16.8619, 37.3933, 13.4412,  4.3134, 36.4907, 2.1245, 3.5977, -0.3887,12.3130, 32.0453,  9.0255,  0.2530, 31.1778, 7.5114, 7.5470
2017-11-01, 4.1217,430502.8360,12107.5511, 7985.5945,4121.9566,21961.4482, 926.7542, 610.4876,316.2666, 5.8039, 7.7777, 3.9457,16.0673, 37.9992, 12.4251,  3.8030, 33.8927, 1.6156, 3.5112, -0.1691,11.4727, 32.5364,  7.9747, -0.3061, 28.5924, 7.6449, 7.6727
2017-12-01, 4.0886,432012.6709,12128.7392, 7981.1412,4147.5980,20867.4781, 937.2834, 619.2224,318.0610, 6.2121, 7.7395, 4.1387,15.4188, 42.8042, 15.5135,  7.8640, 34.0171, 2.0400, 3.5075,  0.0481,10.8852, 37.1948, 10.9761,  3.6271, 28.7528, 7.7586, 7.6686
2018-01-01, 3.6795,430048.1852,12149.9103, 8012.6139,4137.2964,21999.1482, 970.6148, 641.7365,328.8782, 6.1758, 7.5752, 4.4203,14.2613, 28.9620, 14.6570,  8.2604, 29.5988, 2.4077, 3.7575,  0.7144,10.2062, 24.3852, 10.5879,  4.4183, 24.9995, 8.0091, 7.9491
2018-02-01, 3.3721,432905.2505,12215.8692, 8063.9668,4151.9024,23125.8421, 979.8440, 651.9370,327.9070, 5.8753, 7.4782, 3.6769,15.7186, 32.3945, 13.0673,  6.6792, 28.3477, 2.4216, 3.9721,  0.2948,11.9438, 28.0756,  9.3789,  3.1992, 24.1609, 8.0846, 7.8978
2018-03-01, 3.1399,436025.7756,12208.9059, 8041.4399,4167.4660,23590.9079, 959.7286, 627.4133,332.3153, 6.0300, 6.7103, 3.0906,14.4653, 29.4053, 11.1633,  4.2614, 27.0409, 2.8022, 3.4617, -0.0478,10.9807, 25.4658,  7.7791,  1.0874, 23.1735, 7.8023, 7.9740
2018-04-01, 3.1276,438034.2393,12264.3002, 8076.8158,4187.4844,24064.2574, 949.4441, 623.1863,326.2577, 5.6591, 6.7416, 4.2593,11.8796, 23.4115,  5.2769,  0.0317, 16.9949, 2.4547, 3.5044,  1.0973, 8.4865, 19.6687,  2.0841, -3.0021, 13.4467, 7.7157, 7.7913
2018-05-01, 3.1568,440863.8805,12322.2477, 8111.6502,4210.5974,24226.4491, 942.5773, 619.3325,323.2448, 5.5852, 6.7853, 4.5426,11.3889, 21.8598,  3.7912, -0.4180, 12.9377, 2.3541, 3.5175,  1.3434, 7.9802, 18.1307,  0.6150, -3.4654,  9.4816, 7.6351, 7.6769
2018-06-01, 3.1980,442895.0752,12341.8170, 8117.7329,4224.0841,24416.8520, 955.9434, 626.0055,329.9379, 5.0661, 5.4241, 3.7751, 8.7448, 21.1094,  5.4817,  2.4809, 11.6867, 1.8101, 2.1571,  0.5592, 5.3749, 17.3563,  2.2129, -0.6949,  8.2256, 7.7116, 7.8109
2018-07-01, 3.1192,442529.7017,12363.2131, 8123.4693,4239.7438,24662.3208, 961.1829, 624.6412,336.5417, 4.8880, 4.6241, 3.2751, 7.3098, 18.6260,  5.4199,  2.2216, 11.9194, 1.7154, 1.4594,  0.1512, 4.0639, 15.0378,  2.2312, -0.8704,  8.5340, 7.6893, 7.9378
2018-08-01, 3.0982,443283.1282,12415.9112, 8154.8472,4261.0640,24530.9145, 935.7244, 606.9395,328.7849, 4.8450, 4.1715, 3.0156, 6.4576, 16.9646,  1.7148, -1.5056,  8.2486, 1.6943, 1.0410, -0.0802, 3.2584, 13.4497, -1.3418, -4.4655,  4.9956, 7.4427, 7.7160
2018-09-01, 3.2268,445376.5571,12426.0603, 8141.9962,4284.0641,24627.1313, 903.4754, 580.4351,323.0404, 4.5426, 3.4251, 2.3687, 5.4942, 15.4926, -1.8455, -5.6150,  5.7425, 1.2747, 0.1921, -0.8313, 2.1966, 11.8824, -4.9137, -8.5654,  2.4371, 7.1289, 7.5405
2018-10-01, 3.3338,450628.6290,12493.9844, 8170.2869,4323.6976,24614.0695, 917.7067, 590.7260,326.9807, 5.3510, 3.8000, 2.8853, 5.5737, 15.1242,  1.3401, -0.9663,  5.7911, 1.9522, 0.4512, -0.4340, 2.1677, 11.4101, -1.9294, -4.1613,  2.3781, 7.2302, 7.5625
2018-11-01, 3.2681,456124.1950,12574.5513, 8220.2319,4354.3193,24683.2316, 936.5299, 602.8960,333.6339, 5.9515, 3.8571, 2.9383, 5.6372, 12.3935,  1.0548, -1.2435,  5.4913, 2.5985, 0.5704, -0.3194, 2.2941,  8.8366, -2.1432, -4.3688,  2.1529, 7.3343, 7.6621
2018-12-01, 3.1780,458426.5585,12557.1834, 8185.2637,4371.9197,23129.2994, 919.8716, 589.9533,329.9183, 6.1141, 3.5325, 2.5576, 5.4085, 10.8390, -1.8577, -4.7267,  3.7280, 2.8457, 0.3436, -0.6013, 2.1618,  7.4250, -4.8806, -7.6613,  0.5331, 7.2075, 7.5463
2019-01-01, 3.1500,455282.3490,12583.8406, 8210.2050,4373.6355,23986.9068, 953.2789, 613.3949,339.8840, 5.8678, 3.5715, 2.4660, 5.7124,  9.0356, -1.7861, -4.4164,  3.3464, 2.6348, 0.4086, -0.6631, 2.4842,  5.7059, -4.7853, -7.3353,  0.1904, 7.4711, 7.7712
2019-02-01, 3.0141,460061.5415,12637.2529, 8247.6193,4389.6336,24214.6477, 941.3581, 606.6013,334.7568, 6.2730, 3.4495, 2.2774, 5.7258,  4.7082, -3.9278, -6.9540,  2.0890, 3.1636, 0.4227, -0.7151, 2.6324,  1.6445, -6.7387, -9.6764, -0.8981, 7.3549, 7.6261
2019-03-01, 3.2132,464295.4281,12655.5554, 8250.2013,4405.3541,24795.7164, 927.3343, 592.1361,335.1982, 6.4835, 3.6584, 2.5961, 5.7082,  5.1071, -3.3754, -5.6226,  0.8675, 3.1685, 0.4313, -0.5979, 2.4173,  1.8349, -6.3835, -8.5608, -2.2727, 7.1772, 7.6089
2019-04-01, 3.2475,467906.5371,12673.2695, 8262.8755,4410.3940,25619.2410, 952.1568, 601.9773,350.1795, 6.8196, 3.3346, 2.3036, 5.3232,  6.4618,  0.2857, -3.4033,  7.3322, 3.4598, 0.0844, -0.9142, 2.0105,  3.1132, -2.8686, -6.4416,  3.9562, 7.2853, 7.9399
2019-05-01, 3.3093,472307.2960,12698.3008, 8265.4810,4432.8197,25372.9137, 905.1697, 578.0283,327.1413, 7.1322, 3.0518, 1.8964, 5.2777,  4.7323, -3.9687, -6.6691,  1.2054, 3.7004,-0.2493, -1.3677, 1.9053,  1.3774, -7.0449, -9.6588, -2.0365, 6.9933, 7.3800
2019-06-01, 3.4262,473969.0035,12696.2346, 8248.5236,4447.7111,24977.3360, 923.9521, 590.9279,333.0242, 7.0161, 2.8717, 1.6112, 5.2941,  2.2955, -3.3466, -5.6034,  0.9354, 3.4710,-0.5362, -1.7549, 1.8060, -1.0933, -6.5484, -8.7305, -2.4083, 7.1640, 7.4875
2019-07-01, 3.7854,476617.8111,12779.1303, 8286.7862,4492.3441,24845.2663, 945.1373, 605.9170,339.2202, 7.7030, 3.3642, 2.0104, 5.9579,  0.7418, -1.6694, -2.9976,  0.7959, 3.7748,-0.4058, -1.7102, 2.0933, -2.9325, -5.2558, -6.5355, -2.8804, 7.3118, 7.5511
2019-08-01, 3.7502,480232.0284,12849.1318, 8315.2706,4533.8612,24289.1912, 937.7620, 603.7960,333.9660, 8.3353, 3.4892, 1.9672, 6.4021, -0.9854,  0.2178, -0.5179,  1.5758, 4.4193,-0.2515, -1.7186, 2.5560, -4.5644, -3.4048, -4.1139, -2.0958, 7.2613, 7.3660
2019-09-01, 3.8160,485562.4577,12927.2411, 8339.4615,4587.7795,24190.1805, 923.4380, 592.9101,330.5279, 9.0229, 4.0333, 2.4253, 7.0894, -1.7743,  2.2095,  2.1492,  2.3178, 5.0155, 0.2093, -1.3396, 3.1531, -5.3848, -1.5474, -1.6055, -1.4431, 7.1097, 7.2045
2019-10-01, 3.8556,488215.8194,13013.8986, 8396.3183,4617.5803,24818.8620, 920.5560, 588.1645,332.3916, 8.3411, 4.1613, 2.7665, 6.7970,  0.8320,  0.3105, -0.4336,  1.6548, 4.3189, 0.2944, -1.0487, 2.8322, -2.9113, -3.4135, -4.1300, -2.1191, 7.0050, 7.1984
2019-11-01, 3.8429,495013.2096,13041.9242, 8416.6903,4625.2339,25820.6233, 927.1890, 586.5642,340.6248, 8.5260, 3.7168, 2.3899, 6.2217,  4.6080, -0.9974, -2.7089,  2.0954, 4.5098,-0.1214, -1.3992, 2.2908,  0.7367, -4.6612, -6.3093, -1.6828, 6.9691, 7.3645
2019-12-01, 3.8043,493527.7788,13239.7163, 8611.1465,4628.5698,23699.6229, 911.5674, 590.3665,321.2009, 7.6569, 5.4354, 5.2030, 5.8704,  2.4658, -0.9028,  0.0700, -2.6423, 3.7114, 1.5713,  1.3475, 1.9904, -1.2894, -4.5346, -3.5974, -6.2104, 6.8558, 6.9395
2020-01-01, 3.6223,494057.0507,13249.1010, 8638.6114,4610.4896,24699.4139, 932.2258, 604.0290,328.1968, 8.5166, 5.2866, 5.2180, 5.4155,  2.9704, -2.2085, -1.5269, -3.4386, 4.7233, 1.6062,  1.5399, 1.7305, -0.6291, -5.6269, -4.9692, -6.8140, 6.9922, 7.1185
2020-02-01, 3.7200,500975.6025,13306.0114, 8685.8431,4620.1683,25088.3392, 911.0548, 588.8442,322.2105, 8.8932, 5.2920, 5.3133, 5.2518,  3.6081, -3.2191, -2.9273, -3.7479, 4.9876, 1.5155,  1.5361, 1.4768, -0.1079, -6.6903, -6.4089, -7.2001, 6.7794, 6.9740
2020-03-01, 3.8559,518716.8285,13225.8661, 8631.7781,4594.0880,24524.6121, 906.1260, 568.3959,337.7301,11.7213, 4.5064, 4.6251, 4.2842, -1.0934, -2.2870, -4.0092,  0.7554, 7.5733, 0.6263,  0.7406, 0.4124, -4.7655, -5.9149, -7.5732, -2.9855, 6.5849, 7.3514
2020-04-01, 3.5064,521943.2146,13112.6424, 8542.6700,4569.9725,24299.3272, 842.9600, 504.3513,338.6087,11.5486, 3.4669, 3.3862, 3.6182, -5.1520,-11.4684,-16.2176, -3.3043, 7.7697,-0.0382, -0.1162, 0.1080, -8.3651,-14.4675,-19.0558, -6.5800, 5.9039, 7.4094
2020-05-01, 2.8541,521736.2982,13008.7343, 8479.9424,4528.7919,22607.1925, 806.8615, 489.2932,317.5683,10.4654, 2.4447, 2.5947, 2.1650,-10.9003,-10.8607,-15.3514, -2.9263, 7.4001,-0.3980, -0.2522,-0.6699,-13.3727,-13.3343,-17.7003, -5.6200, 5.7700, 7.0122
2020-06-01, 2.1933,521216.7856,12957.6683, 8466.7472,4490.9211,21041.8404, 761.6889, 454.9138,306.7750, 9.9685, 2.0591, 2.6456, 0.9715,-15.7563,-17.5619,-23.0170, -7.8821, 7.6083,-0.1313,  0.4426,-1.1956,-17.5643,-19.3312,-24.6693, -9.8591, 5.3729, 6.8310
2020-07-01, 1.9712,517849.7864,12935.5120, 8494.6474,4440.8646,20911.7957, 824.4624, 508.2269,316.2355, 8.6510, 1.2237, 2.5083,-1.1459,-15.8319,-12.7680,-16.1227, -6.7758, 6.5506,-0.7330,  0.5268,-3.0569,-17.4589,-14.4542,-17.7441, -8.5778, 5.9829, 7.1210
2020-08-01, 1.8781,515202.1069,12953.0438, 8539.9307,4413.1131,24209.0433, 960.3880, 591.0529,369.3351, 7.2819, 0.8087, 2.7018,-2.6633, -0.3300,  2.4128, -2.1105, 10.5906, 5.3042,-1.0497,  0.8085,-4.4576, -2.1674,  0.5248, -3.9151,  8.5519, 6.9211, 8.3690
2020-09-01, 1.9674,515048.7174,13020.1573, 8628.2160,4391.9413,25662.9057,1074.4026, 672.4689,401.9337, 6.0726, 0.7188, 3.4625,-4.2687,  6.0881, 16.3481, 13.4184, 21.6035, 4.0260,-1.2246,  1.4662,-6.1158,  4.0412, 14.1032, 11.2300, 19.2573, 7.7938, 9.1516
2020-10-01, 1.7481,515386.7906,13241.6968, 8818.2395,4423.4573,28370.6036, 998.3354, 621.0599,377.2755, 5.5654, 1.7504, 5.0251,-4.2040, 14.3107,  8.4492,  5.5929, 13.5033, 3.7516, 0.0022,  3.2206,-5.8499, 12.3467,  6.5859,  3.7787, 11.5532, 7.0429, 8.5290
2020-11-01, 1.4895,515643.3141,13304.9071, 8892.1766,4412.7304,29555.9814, 950.8782, 599.6064,351.2717, 4.1676, 2.0164, 5.6493,-4.5944, 14.4666,  2.5549,  2.2235,  3.1257, 2.6388, 0.5192,  4.0988,-5.9946, 12.7866,  1.0498,  0.7233,  1.6122, 6.7431, 7.9604
2020-12-01, 1.6104,512812.1500,13361.3648, 8956.0962,4405.2686,28200.6696, 949.0735, 604.6613,344.4122, 3.9075, 0.9188, 4.0059,-4.8244, 18.9921,  4.1145,  2.4213,  7.2264, 2.2606,-0.6807,  2.3574,-6.3329, 17.1061,  2.4643,  0.7980,  5.5270, 6.7514, 7.8182
2021-01-01, 1.5972,511809.5763,13374.2812, 9007.7535,4366.5277,29035.8122,1020.8251, 661.3426,359.4825, 3.5932, 0.9448, 4.2732,-5.2915, 17.5567,  9.5041,  9.4885,  9.5326, 1.9646,-0.6421,  2.6339,-6.7804, 15.7086,  7.7825,  7.7673,  7.8107, 7.3419, 8.2327
2021-02-01, 1.5631,516005.7935,13465.9426, 9079.1723,4386.7703,28542.1572, 998.6197, 648.4405,350.1792, 3.0002, 1.2019, 4.5284,-5.0517, 13.7666,  9.6114, 10.1209,  8.6803, 1.4150,-0.3556,  2.9197,-6.5130, 12.0157,  7.9244,  8.4261,  7.0076, 7.1421, 7.9826
2021-03-01, 1.5066,518256.6353,13535.7845, 9147.1443,4388.6402,27654.6159, 998.6256, 656.9104,341.7152,-0.0887, 2.3433, 5.9706,-4.4720, 12.7627, 10.2082, 15.5727,  1.1800,-1.5716, 0.8243,  4.3978,-5.8898, 11.0891,  8.5725, 13.8574, -0.3217, 7.1816, 7.7864
2021-04-01, 1.9478,522051.1810,13546.3428, 9168.8857,4377.4571,28164.0723,1004.8722, 668.2212,336.6511, 0.0207, 3.3075, 7.3304,-4.2126, 15.9047, 19.2076, 32.4912, -0.5781,-1.8903, 1.3337,  5.2798,-6.0427, 13.6903, 16.9300, 29.9599, -2.4777, 7.2879, 7.6906
2021-05-01, 3.2957,526097.0866,13514.7575, 9160.1618,4354.5957,28011.2269,1042.9406, 698.6871,344.2534, 0.8358, 3.8899, 8.0215,-3.8464, 23.9040, 29.2589, 42.7952,  8.4030,-2.3814, 0.5753,  4.5751,-6.9142, 19.9509, 25.1349, 38.2393,  4.9444, 7.6275, 7.9055
2021-06-01, 3.6348,530118.3395,13529.6895, 9194.8757,4334.8138,27041.9561,1025.2897, 693.1515,332.1382, 1.7078, 4.4145, 8.5999,-3.4761, 28.5152, 34.6074, 52.3698,  8.2677,-1.8593, 0.7524,  4.7910,-6.8614, 24.0078, 29.8864, 47.0258,  4.4704, 7.5385, 7.6621
2021-07-01, 3.9701,534676.6973,13664.3404, 9311.3708,4352.9696,26981.7185,1019.1049, 691.1843,327.9206, 3.2494, 5.6343, 9.6146,-1.9792, 29.0263, 23.6084, 35.9992,  3.6951,-0.6932, 1.6007,  5.4289,-5.7221, 24.0995, 18.8884, 30.8060, -0.2645, 7.4230, 7.5333
2021-08-01, 4.4410,539937.0522,13875.3620, 9465.8394,4409.5225,26623.4346, 969.7913, 656.8989,312.8924, 4.8010, 7.1205,10.8421,-0.0814,  9.9731,  0.9791, 11.1404,-15.2822, 0.3447, 2.5655,  6.1289,-4.3301,  5.2968, -3.3147,  6.4146,-18.8846, 6.9397, 7.0958
2021-09-01, 4.5102,545743.2772,14102.1247, 9640.4672,4461.6575,25856.8770, 939.4343, 637.2194,302.2150, 5.9595, 8.3099,11.7319, 1.5874,  0.7558,-12.5622, -5.2418,-24.8097, 1.3868, 3.6358,  6.9100,-2.7967, -3.5923,-16.3356, -9.3311,-28.0546, 6.6098, 6.7736
2021-10-01, 4.5835,551290.2025,14291.4999, 9783.5545,4507.9454,26059.7870, 995.6645, 687.2580,308.4065, 6.9663, 7.9280,10.9468, 1.9100, -8.1451, -0.2675, 10.6589,-18.2543, 2.2783, 3.1979,  6.0844,-2.5564,-12.1708, -4.6385,  5.8091,-21.8369, 7.0246, 6.8414
2021-11-01, 5.2589,561195.0506,14505.5136, 9945.3969,4560.1167,26180.0067, 987.7661, 683.1533,304.6128, 8.8340, 9.0238,11.8443, 3.3400,-11.4223,  3.8794, 13.9336,-13.2829, 3.3964, 3.5767,  6.2564,-1.8230,-15.8478, -1.3107,  8.2413,-17.6154, 6.8690, 6.6799
2021-12-01, 5.6227,565763.2173,14552.5326, 9987.7654,4564.7672,24430.8764, 964.0052, 668.4787,295.5265,10.3256, 8.9150,11.5192, 3.6206,-13.3677,  1.5733, 10.5542,-14.1939, 4.4526, 3.1171,  5.5826,-1.8955,-17.9795, -3.8338,  4.6690,-18.7617, 6.6930, 6.4741
2022-01-01, 6.9446,567664.5777,14663.6475,10084.6520,4578.9955,25947.3216,1002.2314, 699.6399,302.5915,10.9132, 9.6406,11.9552, 4.8658,-10.6368, -1.8214,  5.7908,-15.8258, 3.7109, 2.5210,  4.6853,-1.9438,-16.4398, -8.1968, -1.0788,-21.2918, 6.9377, 6.6083
2022-02-01, 8.0052,578041.9232,14822.5858,10204.9327,4617.6531,25619.2867, 990.7059, 694.8131,295.8928,12.0224,10.0746,12.3994, 5.2632,-10.2405, -0.7925,  7.1514,-15.5025, 3.7194, 1.9161,  4.0685,-2.5388,-16.8934, -8.1456, -0.7905,-21.7653, 6.8086, 6.4079
2022-03-01, 8.5279,585701.1961,14974.6352,10308.7475,4665.8877,24731.3267, 953.2119, 671.4425,281.7695,13.0137,10.6300,12.6991, 6.3174,-10.5707, -4.5476,  2.2122,-17.5426, 4.1334, 1.9369,  3.8434,-2.0368,-17.5979,-12.0480, -5.8194,-24.0219, 6.5133, 6.0389
2022-04-01, 9.2341,596062.8816,15158.8439,10443.4930,4715.3509,25228.3660, 958.9342, 677.2634,281.6708,14.1771,11.9036,13.9014, 7.7190,-10.4236, -4.5715,  1.3532,-16.3315, 4.5251, 2.4438,  4.2728,-1.3871,-17.9959,-12.6386, -7.2147,-23.4044, 6.4850, 5.9735
2022-05-01, 9.0668,605377.5107,15344.4684,10568.0788,4776.3896,25289.6462, 954.6684, 673.6230,281.0454,15.0695,13.5386,15.3700, 9.6862, -9.7160, -8.4638, -3.5873,-18.3609, 5.5037, 4.1001,  5.7792, 0.5679,-17.2214,-16.0732,-11.6022,-25.1476, 6.3741, 5.8841
2022-06-01, 9.6738,616535.1894,15443.4134,10632.9158,4810.4976,25437.5983, 932.7333, 656.5769,276.1564,16.3014,14.1446,15.6396,10.9736, -5.9328, -9.0273, -5.2766,-16.8550, 6.0430, 4.0764,  5.4395, 1.1851,-14.2301,-17.0516,-13.6317,-24.1888, 6.1749, 5.7407
2022-07-01,10.2058,623932.2706,15583.5958,10755.8217,4827.7741,25420.1838, 943.4226, 660.7970,282.6256,16.6934,14.0457,15.5128,10.9076, -5.7874, -7.4264, -4.3964,-13.8128, 5.8868, 3.4843,  4.8155, 0.6368,-14.5121,-15.9993,-13.2500,-21.7943, 6.1436, 5.8542
2022-08-01,10.8360,631727.2801,15833.6728,10948.1662,4885.5066,25457.5045, 920.6028, 643.0231,277.5798,17.0002,14.1136,15.6597,10.7945, -4.3793, -5.0721, -2.1123,-11.2859, 5.5615, 2.9572,  4.3522,-0.0375,-13.7278,-14.3528,-11.6824,-19.9591, 5.8733, 5.6817
2022-09-01,11.4399,640214.9749,16161.2153,11188.7104,4972.5049,25899.5791, 913.5543, 638.1143,275.4400,17.3106,14.6013,16.0598,11.4497,  0.1651, -2.7549,  0.1404, -8.8596, 5.2681, 2.8369,  4.1457, 0.0088,-10.1173,-12.7376,-10.1395,-18.2156, 5.7032, 5.5393
2022-10-01,12.2218,648681.8155,16372.5783,11373.2630,4999.3154,26696.9477, 919.2037, 654.6518,264.5518,17.6661,14.5617,16.2488,10.9001,  2.4450, -7.6794, -4.7444,-14.2198, 4.8514, 2.0851,  3.5885,-1.1777, -8.7120,-17.7338,-15.1184,-23.5618, 5.7561, 5.2918
2022-11-01,12.5315,655599.2897,16578.2267,11528.7605,5049.4662,27483.3901, 931.2251, 668.7559,262.4691,16.8220,14.2891,15.9206,10.7311,  4.9785, -5.7241, -2.1075,-13.8352, 3.8127, 1.5619,  3.0117,-1.5999, -6.7118,-16.2227,-13.0088,-23.4304, 5.8008, 5.1980
2022-12-01,13.1225,661163.5819,16670.5891,11599.6032,5070.9859,26865.8561, 928.3866, 673.6208,254.7658,16.8622,14.5546,16.1381,11.0897,  9.9668, -3.6949,  0.7692,-13.7926, 3.3060, 1.2660,  2.6658,-1.7970, -2.7896,-14.8665,-10.9202,-23.7928, 5.8073, 5.0240
2023-01-01,13.2520,659570.6987,16799.7986,11767.6743,5032.1243,28762.3830,1017.5703, 749.7314,267.8388,16.1902,14.5677,16.6889, 9.8958, 10.8491,  1.5305,  7.1596,-11.4850, 2.5944, 1.1617,  3.0348,-2.9635, -2.1217,-10.3499, -5.3795,-21.8424, 6.3711, 5.3226
2023-02-01,13.2790,664645.1882,16975.8455,11927.6233,5048.2222,30107.9657,1048.7943, 773.8636,274.9307,14.9822,14.5269,16.8810, 9.3244, 17.5207,  5.8633, 11.3772, -7.0843, 1.5035, 1.1016,  3.1797,-3.4910,  3.7445, -6.5464, -1.6789,-17.9763, 6.4880, 5.4461
2023-03-01,13.3443,664739.0947,17217.3672,12132.7914,5084.5757,31520.1792,1074.3020, 792.5458,281.7563,13.4946,14.9769,17.6941, 8.9734, 27.4504, 12.7034, 18.0363, -0.0047, 0.1326, 1.4403,  3.8377,-3.8563, 12.4453, -0.5655,  4.1396,-11.7774, 6.5323, 5.5414
2023-04-01,12.8229,669265.6900,17388.8365,12276.8458,5111.9907,33813.2038,1142.0088, 845.9007,296.1081,12.2811,14.7108,17.5550, 8.4117, 34.0285, 19.0915, 24.8998,  5.1256,-0.4802, 1.6734,  4.1943,-3.9098, 18.7955,  5.5561, 10.7043, -6.8224, 6.8902, 5.7924
2023-05-01,12.3603,670459.6945,17600.4888,12449.0650,5151.4238,34331.3156,1175.2853, 870.3234,304.9619,10.7507,14.7025,17.7988, 7.8518, 35.7525, 23.1093, 29.2004,  8.5099,-1.4325, 2.0846,  4.8402,-4.0125, 20.8189,  9.5666, 14.9876, -3.4268, 6.9911, 5.9200
2023-06-01,12.1296,672506.5393,17732.2945,12556.1453,5176.1492,35153.1484,1189.3574, 879.3113,310.0461, 9.0784,14.8211,18.0875, 7.6011, 38.1937, 27.5131, 33.9236, 12.2719,-2.7212, 2.4003,  5.3134,-4.0386, 23.2446, 13.7194, 19.4364,  0.1269, 7.0030, 5.9899
2023-07-01,11.7849,670385.8229,17859.6715,12654.8785,5204.7930,36294.2778,1326.6819, 986.8902,339.7917, 7.4453,14.6056,17.6561, 7.8094, 42.7774, 40.6244, 49.3485, 20.2268,-3.8821, 2.5233,  5.2522,-3.5564, 27.7251, 25.7990, 33.6034,  7.5519, 7.7985, 6.5284
2023-08-01,11.4273,672790.4924,18084.0626,12830.5804,5253.4822,36315.0971,1357.2899,1012.8404,344.4495, 6.5001,14.2127,17.1939, 7.5320, 42.6499, 47.4349, 57.5123, 24.0903,-4.4219, 2.4997,  5.1752,-3.4959, 28.0205, 32.3148, 41.3587, 11.3643, 7.8940, 6.5566
2023-09-01,10.9943,675187.3953,18279.0028,12967.9776,5311.0252,36634.9450,1367.8768,1018.7709,349.1059, 5.4626,13.1041,15.9023, 6.8078, 41.4500, 49.7313, 59.6534, 26.7448,-4.9838, 1.9008,  4.4219,-3.7718, 27.4389, 34.9000, 43.8392, 14.1904, 7.8561, 6.5732
2023-10-01,10.4786,676150.6658,18455.9565,13104.6419,5351.3147,38453.0380,1449.6813,1072.1847,377.4966, 4.2346,12.7248,15.2232, 7.0409, 44.0353, 57.7106, 63.7794, 42.6929,-5.6518, 2.0331,  4.2946,-3.1116, 30.3739, 42.7521, 48.2453, 29.1588, 8.1817, 7.0543
2023-11-01,10.1486,676887.1826,18606.6080,13232.7260,5373.8820,39484.4688,1526.3957,1130.6575,395.7381, 3.2471,12.2352,14.7801, 6.4248, 43.6667, 63.9126, 69.0688, 50.7751,-6.2657, 1.8943,  4.2048,-3.3808, 30.4298, 48.8104, 53.4915, 36.8833, 8.5444, 7.3641
2023-12-01, 9.2760,673654.5644,18558.7783,13211.1793,5347.5990,37529.5268,1590.4412,1173.2814,417.1598, 1.8892,11.3265,13.8934, 5.4548, 39.6923, 71.3124, 74.1754, 63.7425,-6.7598, 1.8764,  4.2254,-3.4969, 27.8343, 56.7703, 59.3902, 49.8430, 8.8810, 7.8009
2024-01-01, 8.3466,672375.1561,18653.8460,13320.1662,5333.6798,38589.3572,1801.1491,1345.5438,455.6053, 1.9413,11.0361,13.1929, 5.9926, 34.1661, 77.0049, 79.4701, 70.1043,-5.9118, 2.4824,  4.4729,-2.1726, 23.8305, 63.3692, 65.6445, 57.0002,10.1016, 8.5420
2024-02-01, 7.7374,674571.1942,18761.2718,13425.0565,5336.2153,38523.3177,1804.9443,1344.0954,460.8489, 1.4934,10.5175,12.5543, 5.7048, 27.9506, 72.0971, 73.6864, 67.6237,-5.7955, 2.5804,  4.4710,-1.8866, 18.7616, 59.7376, 61.2127, 55.5854,10.0118, 8.6362
2024-03-01, 7.3627,675346.8054,19264.1988,13932.0481,5332.1507,39128.0739,1936.2794,1446.4928,489.7865, 1.5958,11.8882,14.8297, 4.8691, 24.1366, 80.2360, 82.5122, 73.8334,-5.3714, 4.2152,  6.9550,-2.3225, 15.6236, 67.8759, 69.9960, 61.9123,10.3825, 9.1855
2024-04-01, 7.1633,675550.7264,19361.0382,13979.9359,5381.1023,39670.5167,1917.2404,1427.2802,489.9602, 0.9391,11.3418,13.8724, 5.2643, 17.3226, 67.8832, 68.7291, 65.4667,-5.8081, 3.8992,  6.2606,-1.7720,  9.4802, 56.6611, 57.4504, 54.4061,10.2095, 9.1052
2024-05-01, 7.1569,677352.2663,19484.1269,14084.5921,5399.5348,39315.6619,1912.1766,1423.3291,488.8476, 1.0280,10.7022,13.1378, 4.8164, 14.5184, 62.6989, 63.5403, 60.2979,-5.7195, 3.3085,  5.5814,-2.1842,  6.8698, 51.8324, 52.6175, 49.5917,10.1056, 9.0535
2024-06-01, 7.1825,682345.2733,19353.1471,13949.5659,5403.5812,39268.0139,1862.8180,1380.7648,482.0533, 1.4630, 9.1407,11.0975, 4.3938, 11.7055, 56.6239, 57.0280, 55.4779,-5.3362, 1.8270,  3.6527,-2.6018,  4.2200, 46.1283, 46.5053, 45.0591, 9.8983, 8.9210
2024-07-01, 6.8600,681852.4563,19430.6817,14004.8635,5425.8182,38874.5126,1961.3001,1459.8038,501.4963, 1.7105, 8.7964,10.6677, 4.2466,  7.1092, 47.8350, 47.9196, 47.5894,-4.8190, 1.8121,  3.5632,-2.4457,  0.2332, 38.3445, 38.4237, 38.1146,10.4235, 9.2428
2024-08-01, 6.1204,682266.9816,19531.9782,14084.3217,5447.6566,38913.2164,1916.1549,1426.3417,489.8132, 1.4085, 8.0066, 9.7715, 3.6961,  7.1544, 41.1751, 40.8259, 42.2018,-4.4402, 1.7774,  3.4405,-2.2845,  0.9743, 33.0329, 32.7038, 34.0003,10.1272, 8.9913
2024-09-01, 5.8088,683396.4178,19646.3920,14136.9272,5509.4648,38985.0920,1879.2898,1397.3334,481.9564, 1.2158, 7.4807, 9.0141, 3.7364,  6.4150, 37.3874, 37.1588, 38.0545,-4.3408, 1.5801,  3.0294,-1.9586,  0.5730, 29.8450, 29.6289, 30.4755, 9.8843, 8.7478
2024-10-01, 5.4061,687199.1495,19877.5208,14266.7641,5610.7567,38644.0304,1832.2125,1353.1215,479.0911, 1.6340, 7.7025, 8.8680, 4.8482,  0.4967, 26.3873, 26.2023, 26.9127,-3.5786, 2.1786,  3.2843,-0.5293, -4.6576, 19.9050, 19.7295, 20.4035, 9.4844, 8.5388
2024-11-01, 5.1974,694457.8460,20046.1619,14356.8755,5689.2864,39096.5507,1783.1455,1309.3871,473.7584, 2.5958, 7.7368, 8.4952, 5.8692, -0.9825, 16.8207, 15.8076, 19.7151,-2.4730, 2.4140,  3.1349, 0.6387, -5.8745, 11.0490, 10.0860, 13.8005, 9.1203, 8.3272
2024-12-01, 5.2031,696841.1874,20129.5297,14383.3762,5746.1536,36453.3635,1736.0843,1272.7960,463.2883, 3.4419, 8.4637, 8.8728, 7.4530, -2.8675,  9.1574,  8.4817, 11.0577,-1.6740, 3.0993,  3.4882, 2.1386, -7.6714,  3.7588,  3.1165,  5.5651, 8.8491, 8.0626
2025-01-01, 5.2230,695316.6445,20234.2272,14463.9634,5770.2638,36866.2629,1775.0804,1311.1127,463.9677, 3.4120, 8.4721, 8.5870, 8.1854, -4.4652, -1.4473, -2.5589,  1.8355,-1.7211, 3.0879,  3.1970, 2.8154, -9.2073, -6.3392, -7.3956, -3.2194, 9.0647, 8.0407
2025-02-01, 5.2766,701027.6575,20428.8821,14595.3546,5833.5275,36875.0706,1703.1493,1252.7533,450.3959, 3.9220, 8.8886, 8.7173, 9.3196, -4.2786, -5.6398, -6.7958, -2.2682,-1.2867, 3.4310,  3.2682, 3.8403, -9.0762,-10.3692,-11.4673, -7.1666, 8.5832, 7.7208
2025-03-01, 5.0900,703665.6945,20565.4294,14678.0483,5887.3811,36647.3954,1690.6326,1241.5726,449.0600, 4.1932, 6.7547, 5.3546,10.4129, -6.3399,-12.6865,-14.1667, -8.3152,-0.8533, 1.5840,  0.2517, 5.0651,-10.8763,-16.9155,-18.3240,-12.7559, 8.4587, 7.6275
2025-04-01, 5.1623,706990.0862,20777.3620,14824.4091,5952.9529,36693.8079,1683.4373,1232.9166,450.5207, 4.6539, 7.3153, 6.0406,10.6270, -7.5036,-12.1948,-13.6178, -8.0495,-0.4834, 2.0473,  0.8352, 5.1965,-12.0441,-16.5050,-17.8582,-12.5633, 8.3168, 7.5680
2025-05-01, 5.0521,712735.9791,21050.4956,14997.3253,6053.1703,35460.2354,1638.6150,1196.2063,442.4086, 5.2238, 8.0392, 6.4804,12.1054, -9.8063,-14.3063,-15.9572, -9.4997, 0.1635, 2.8434,  1.3596, 6.7141,-14.1439,-18.4274,-19.9989,-13.8520, 7.9761, 7.3087
2025-06-01, 4.8201,716216.3585,21100.3489,15000.5080,6099.8409,35583.0091,1632.8189,1190.4509,442.3679, 4.9639, 9.0280, 7.5339,12.8852, -9.3842,-12.3468,-13.7832, -8.2326, 0.1372, 4.0144,  2.5890, 7.6942,-13.5511,-16.3775,-17.7478,-12.4524, 7.9361, 7.2521
2025-07-01, 4.9005,720473.8431,21456.7462,15234.8528,6221.8934,34347.5739,1667.6164,1226.9104,440.7060, 5.6642,10.4271, 8.7826,14.6720,-11.6450,-14.9739,-15.9537,-12.1218, 0.7280, 5.2685,  3.7008, 9.3150,-15.7725,-18.9460,-19.8800,-16.2271, 8.0533, 7.0831
2025-08-01, 5.0956,723809.8456,21760.4505,15432.4897,6327.9609,34492.5615,1631.7647,1199.5292,432.2355, 6.0889,11.4094, 9.5721,16.1593,-11.3603,-14.8417,-15.9017,-11.7550, 0.9452, 6.0076,  4.2595,10.5273,-15.6580,-18.9706,-19.9792,-16.0336, 7.7728, 6.8306
2025-09-01, 5.1767,727918.6973,22105.3913,15647.1649,6458.2265,34013.6147,1569.0321,1154.2438,414.7884, 6.5149,12.5163,10.6829,17.2206,-12.7523,-16.5093,-17.3967,-13.9365, 1.2723, 6.9783,  5.2352,11.4510,-17.0465,-20.6187,-21.4624,-18.1725, 7.3767, 6.4226
2025-10-01, 5.5122,732286.5146,22505.9305,15897.6224,6608.3081,33462.3469,1541.4488,1132.0759,409.3729, 6.5610,13.2230,11.4312,17.7793,-13.4088,-15.8695,-16.3360,-14.5522, 0.9940, 7.3080,  5.6097,11.6262,-17.9325,-20.2647,-20.7068,-19.0162, 7.1210, 6.1948
2025-11-01, 5.3011,741776.4090,22840.9641,16104.2765,6736.6877,33982.4348,1555.0162,1143.6258,411.3904, 6.8137,13.9418,12.1712,18.4101,-13.0807,-12.7936,-12.6595,-13.1645, 1.4365, 8.2058,  6.5243,12.4491,-17.4564,-17.1838,-17.0564,-17.5360, 7.1014, 6.1067
2025-12-01, 5.0999,749486.3680,23061.7350,16230.0136,6831.7214,32520.8933,1557.1082,1139.2034,417.9048, 7.5548,14.5667,12.8387,18.8921,-10.7877,-10.3092,-10.4960, -9.7960, 2.3358, 9.0074,  7.3633,13.1229,-15.1166,-14.6614,-14.8391,-14.1730, 7.0191, 6.1171
2026-01-01, 5.3536,753522.3154,23382.7089,16488.6318,6894.0771,33505.5468,1665.5977,1233.4196,432.1781, 8.3711,15.5602,13.9980,19.4759, -9.1160, -6.1678, -5.9257, -6.8517, 2.8642, 9.6879,  8.2051,13.4047,-13.7343,-10.9359,-10.7062,-11.5851, 7.4804, 6.2688
